ISO-10303-21;
HEADER;
FILE_DESCRIPTION(('Open CASCADE Model'),'2;1');
FILE_NAME('Open CASCADE Shape Model','2026-09-07T11:29:40',('Author'),(
    'Open CASCADE'),'Open CASCADE STEP processor 7.7','Open CASCADE 7.7'
  ,'Unknown');
FILE_SCHEMA(('AUTOMOTIVE_DESIGN { 1 0 10303 214 1 1 1 1 }'));
ENDSEC;
DATA;
#1 = APPLICATION_PROTOCOL_DEFINITION('international standard',
  'automotive_design',2000,#2);
#2 = APPLICATION_CONTEXT(
  'core data for automotive mechanical design processes');
#3 = SHAPE_DEFINITION_REPRESENTATION(#4,#10);
#4 = PRODUCT_DEFINITION_SHAPE('','',#5);
#5 = PRODUCT_DEFINITION('design','',#6,#9);
#6 = PRODUCT_DEFINITION_FORMATION('','',#7);
#7 = PRODUCT('Open CASCADE STEP translator 7.7 1',
  'Open CASCADE STEP translator 7.7 1','',(#8));
#8 = PRODUCT_CONTEXT('',#2,'mechanical');
#9 = PRODUCT_DEFINITION_CONTEXT('part definition',#2,'design');
#10 = SHAPE_REPRESENTATION('',(#11,#15,#19,#23,#27,#31,#35,#39,#43,#47,
    #51,#55,#59,#63,#67,#71,#75,#79,#83,#87,#91,#95,#99,#103,#107,#111,
    #115),#119);
#11 = AXIS2_PLACEMENT_3D('',#12,#13,#14);
#12 = CARTESIAN_POINT('',(0.,0.,0.));
#13 = DIRECTION('',(0.,0.,1.));
#14 = DIRECTION('',(1.,0.,-0.));
#15 = AXIS2_PLACEMENT_3D('',#16,#17,#18);
#16 = CARTESIAN_POINT('',(0.,0.,0.));
#17 = DIRECTION('',(0.,0.,1.));
#18 = DIRECTION('',(1.,0.,0.));
#19 = AXIS2_PLACEMENT_3D('',#20,#21,#22);
#20 = CARTESIAN_POINT('',(0.,0.,0.));
#21 = DIRECTION('',(0.,0.,1.));
#22 = DIRECTION('',(1.,0.,0.));
#23 = AXIS2_PLACEMENT_3D('',#24,#25,#26);
#24 = CARTESIAN_POINT('',(0.,0.,0.));
#25 = DIRECTION('',(0.,0.,1.));
#26 = DIRECTION('',(1.,0.,0.));
#27 = AXIS2_PLACEMENT_3D('',#28,#29,#30);
#28 = CARTESIAN_POINT('',(0.,0.,0.));
#29 = DIRECTION('',(0.,0.,1.));
#30 = DIRECTION('',(1.,0.,0.));
#31 = AXIS2_PLACEMENT_3D('',#32,#33,#34);
#32 = CARTESIAN_POINT('',(0.,0.,0.));
#33 = DIRECTION('',(0.,0.,1.));
#34 = DIRECTION('',(1.,0.,0.));
#35 = AXIS2_PLACEMENT_3D('',#36,#37,#38);
#36 = CARTESIAN_POINT('',(0.,0.,0.));
#37 = DIRECTION('',(0.,0.,1.));
#38 = DIRECTION('',(1.,0.,0.));
#39 = AXIS2_PLACEMENT_3D('',#40,#41,#42);
#40 = CARTESIAN_POINT('',(0.,0.,0.));
#41 = DIRECTION('',(0.,0.,1.));
#42 = DIRECTION('',(1.,0.,0.));
#43 = AXIS2_PLACEMENT_3D('',#44,#45,#46);
#44 = CARTESIAN_POINT('',(0.,0.,0.));
#45 = DIRECTION('',(0.,0.,1.));
#46 = DIRECTION('',(1.,0.,0.));
#47 = AXIS2_PLACEMENT_3D('',#48,#49,#50);
#48 = CARTESIAN_POINT('',(0.,0.,0.));
#49 = DIRECTION('',(0.,0.,1.));
#50 = DIRECTION('',(1.,0.,0.));
#51 = AXIS2_PLACEMENT_3D('',#52,#53,#54);
#52 = CARTESIAN_POINT('',(0.,0.,0.));
#53 = DIRECTION('',(0.,0.,1.));
#54 = DIRECTION('',(1.,0.,0.));
#55 = AXIS2_PLACEMENT_3D('',#56,#57,#58);
#56 = CARTESIAN_POINT('',(0.,0.,0.));
#57 = DIRECTION('',(0.,0.,1.));
#58 = DIRECTION('',(1.,0.,0.));
#59 = AXIS2_PLACEMENT_3D('',#60,#61,#62);
#60 = CARTESIAN_POINT('',(0.,0.,0.));
#61 = DIRECTION('',(0.,0.,1.));
#62 = DIRECTION('',(1.,0.,0.));
#63 = AXIS2_PLACEMENT_3D('',#64,#65,#66);
#64 = CARTESIAN_POINT('',(0.,0.,0.));
#65 = DIRECTION('',(0.,0.,1.));
#66 = DIRECTION('',(1.,0.,0.));
#67 = AXIS2_PLACEMENT_3D('',#68,#69,#70);
#68 = CARTESIAN_POINT('',(0.,0.,0.));
#69 = DIRECTION('',(0.,0.,1.));
#70 = DIRECTION('',(1.,0.,0.));
#71 = AXIS2_PLACEMENT_3D('',#72,#73,#74);
#72 = CARTESIAN_POINT('',(0.,0.,0.));
#73 = DIRECTION('',(0.,0.,1.));
#74 = DIRECTION('',(1.,0.,0.));
#75 = AXIS2_PLACEMENT_3D('',#76,#77,#78);
#76 = CARTESIAN_POINT('',(0.,0.,0.));
#77 = DIRECTION('',(0.,0.,1.));
#78 = DIRECTION('',(1.,0.,0.));
#79 = AXIS2_PLACEMENT_3D('',#80,#81,#82);
#80 = CARTESIAN_POINT('',(0.,0.,0.));
#81 = DIRECTION('',(0.,0.,1.));
#82 = DIRECTION('',(1.,0.,0.));
#83 = AXIS2_PLACEMENT_3D('',#84,#85,#86);
#84 = CARTESIAN_POINT('',(0.,0.,0.));
#85 = DIRECTION('',(0.,0.,1.));
#86 = DIRECTION('',(1.,0.,0.));
#87 = AXIS2_PLACEMENT_3D('',#88,#89,#90);
#88 = CARTESIAN_POINT('',(0.,0.,0.));
#89 = DIRECTION('',(0.,0.,1.));
#90 = DIRECTION('',(1.,0.,0.));
#91 = AXIS2_PLACEMENT_3D('',#92,#93,#94);
#92 = CARTESIAN_POINT('',(0.,0.,0.));
#93 = DIRECTION('',(0.,0.,1.));
#94 = DIRECTION('',(1.,0.,0.));
#95 = AXIS2_PLACEMENT_3D('',#96,#97,#98);
#96 = CARTESIAN_POINT('',(0.,0.,0.));
#97 = DIRECTION('',(0.,0.,1.));
#98 = DIRECTION('',(1.,0.,0.));
#99 = AXIS2_PLACEMENT_3D('',#100,#101,#102);
#100 = CARTESIAN_POINT('',(0.,0.,0.));
#101 = DIRECTION('',(0.,0.,1.));
#102 = DIRECTION('',(1.,0.,0.));
#103 = AXIS2_PLACEMENT_3D('',#104,#105,#106);
#104 = CARTESIAN_POINT('',(0.,0.,0.));
#105 = DIRECTION('',(0.,0.,1.));
#106 = DIRECTION('',(1.,0.,0.));
#107 = AXIS2_PLACEMENT_3D('',#108,#109,#110);
#108 = CARTESIAN_POINT('',(0.,0.,0.));
#109 = DIRECTION('',(0.,0.,1.));
#110 = DIRECTION('',(1.,0.,0.));
#111 = AXIS2_PLACEMENT_3D('',#112,#113,#114);
#112 = CARTESIAN_POINT('',(0.,0.,0.));
#113 = DIRECTION('',(0.,0.,1.));
#114 = DIRECTION('',(1.,0.,0.));
#115 = AXIS2_PLACEMENT_3D('',#116,#117,#118);
#116 = CARTESIAN_POINT('',(0.,0.,0.));
#117 = DIRECTION('',(0.,0.,1.));
#118 = DIRECTION('',(1.,0.,0.));
#119 = ( GEOMETRIC_REPRESENTATION_CONTEXT(3) 
GLOBAL_UNCERTAINTY_ASSIGNED_CONTEXT((#123)) GLOBAL_UNIT_ASSIGNED_CONTEXT
((#120,#121,#122)) REPRESENTATION_CONTEXT('Context #1',
  '3D Context with UNIT and UNCERTAINTY') );
#120 = ( LENGTH_UNIT() NAMED_UNIT(*) SI_UNIT(.MILLI.,.METRE.) );
#121 = ( NAMED_UNIT(*) PLANE_ANGLE_UNIT() SI_UNIT($,.RADIAN.) );
#122 = ( NAMED_UNIT(*) SI_UNIT($,.STERADIAN.) SOLID_ANGLE_UNIT() );
#123 = UNCERTAINTY_MEASURE_WITH_UNIT(LENGTH_MEASURE(1.E-07),#120,
  'distance_accuracy_value','confusion accuracy');
#124 = PRODUCT_RELATED_PRODUCT_CATEGORY('part',$,(#7));
#125 = SHAPE_DEFINITION_REPRESENTATION(#126,#132);
#126 = PRODUCT_DEFINITION_SHAPE('','',#127);
#127 = PRODUCT_DEFINITION('design','',#128,#131);
#128 = PRODUCT_DEFINITION_FORMATION('','',#129);
#129 = PRODUCT('Open CASCADE STEP translator 7.7 1.1',
  'Open CASCADE STEP translator 7.7 1.1','',(#130));
#130 = PRODUCT_CONTEXT('',#2,'mechanical');
#131 = PRODUCT_DEFINITION_CONTEXT('part definition',#2,'design');
#132 = GEOMETRICALLY_BOUNDED_WIREFRAME_SHAPE_REPRESENTATION('',(#11,#133
    ),#299);
#133 = GEOMETRIC_CURVE_SET('',(#134));
#134 = TRIMMED_CURVE('',#135,(#297,PARAMETER_VALUE(0.)),(#298,
    PARAMETER_VALUE(2.27434E+05)),.T.,.PARAMETER.);
#135 = B_SPLINE_CURVE_WITH_KNOTS('',3,(#136,#137,#138,#139,#140,#141,
    #142,#143,#144,#145,#146,#147,#148,#149,#150,#151,#152,#153,#154,
    #155,#156,#157,#158,#159,#160,#161,#162,#163,#164,#165,#166,#167,
    #168,#169,#170,#171,#172,#173,#174,#175,#176,#177,#178,#179,#180,
    #181,#182,#183,#184,#185,#186,#187,#188,#189,#190,#191,#192,#193,
    #194,#195,#196,#197,#198,#199,#200,#201,#202,#203,#204,#205,#206,
    #207,#208,#209,#210,#211,#212,#213,#214,#215,#216,#217,#218,#219,
    #220,#221,#222,#223,#224,#225,#226,#227,#228,#229,#230,#231,#232,
    #233,#234,#235,#236,#237,#238,#239,#240,#241,#242,#243,#244,#245,
    #246,#247,#248,#249,#250,#251,#252,#253,#254,#255,#256,#257,#258,
    #259,#260,#261,#262,#263,#264,#265,#266,#267,#268,#269,#270,#271,
    #272,#273,#274,#275,#276,#277,#278,#279,#280,#281,#282,#283,#284,
    #285,#286,#287,#288,#289,#290,#291,#292,#293,#294,#295,#296),
  .UNSPECIFIED.,.F.,.F.,(4,1,1,1,1,1,1,1,1,1,1,1,1,3,1,1,1,1,1,1,1,1,1,1
    ,1,1,1,1,1,1,1,1,1,1,1,1,1,1,1,1,1,1,1,1,1,1,1,1,1,1,1,1,1,1,1,1,1,2
    ,1,1,1,1,1,1,1,1,1,1,1,1,1,1,1,1,1,1,1,1,1,1,1,1,1,1,1,1,1,1,1,1,1,1
    ,1,2,1,1,1,1,1,1,1,1,1,1,1,1,1,1,1,1,1,1,1,1,1,1,1,1,1,1,1,1,1,1,1,1
    ,1,1,1,1,1,1,1,1,1,1,1,1,1,1,1,1,1,1,1,1,1,1,1,1,1,1,1,1,4),(0.,
    1.E+03,2.E+03,3.E+03,4.E+03,5.E+03,6.E+03,7.E+03,8.E+03,9.E+03,
    1.E+04,1.1E+04,1.2E+04,1.23462E+04,1.30581E+04,1.31911E+04,
    1.45841E+04,1.59014E+04,1.61105E+04,1.76383E+04,1.91682E+04,
    2.07043E+04,2.08758E+04,2.22471E+04,2.32097E+04,2.38068E+04,
    2.44976E+04,2.55604E+04,2.64776E+04,2.75882E+04,2.77793E+04,
    2.78385E+04,2.87875E+04,2.8905E+04,3.04472E+04,3.08246E+04,
    3.14501E+04,3.25465E+04,3.28503E+04,3.36415E+04,3.39988E+04,
    3.55649E+04,3.60373E+04,3.6855E+04,3.72513E+04,3.81015E+04,
    3.8873E+04,4.03424E+04,4.04804E+04,4.05306E+04,4.20833E+04,
    4.36845E+04,4.52849E+04,4.65851E+04,4.68851E+04,4.84852E+04,
    5.00852E+04,5.10311E+04,5.16852E+04,5.32852E+04,5.48852E+04,
    5.64852E+04,5.80852E+04,6.06352E+04,6.39353E+04,6.66353E+04,
    7.02353E+04,7.38353E+04,7.74353E+04,8.10353E+04,8.46354E+04,
    8.73354E+04,9.09354E+04,9.45354E+04,9.81354E+04,1.01735E+05,
    1.05335E+05,1.08035E+05,1.39536E+05,1.43136E+05,1.46736E+05,
    1.49436E+05,1.53036E+05,1.56636E+05,1.60236E+05,1.63836E+05,
    1.67436E+05,1.70136E+05,1.73476E+05,1.76816E+05,1.80156E+05,
    1.83496E+05,1.86836E+05,1.87852E+05,1.90176E+05,1.90886E+05,
    1.91597E+05,1.92309E+05,1.93022E+05,1.93303E+05,1.9353E+05,
    1.93827E+05,1.94635E+05,1.95227E+05,1.95448E+05,1.9627E+05,
    1.96349E+05,1.97095E+05,1.97359E+05,1.97925E+05,1.98767E+05,
    1.99627E+05,2.003E+05,2.00502E+05,2.01414E+05,2.02261E+05,
    2.02386E+05,2.03033E+05,2.03492E+05,2.03702E+05,2.04862E+05,
    2.04921E+05,2.06024E+05,2.07051E+05,2.07553E+05,2.08053E+05,
    2.09055E+05,2.10212E+05,2.10371E+05,2.11198E+05,2.12004E+05,
    2.12335E+05,2.13022E+05,2.13042E+05,2.14126E+05,2.14629E+05,
    2.15129E+05,2.1614E+05,2.17175E+05,2.17349E+05,2.18229E+05,
    2.1932E+05,2.19883E+05,2.19928E+05,2.20457E+05,2.21121E+05,
    2.21626E+05,2.22626E+05,2.22808E+05,2.2397E+05,2.24201E+05,
    2.25105E+05,2.26221E+05,2.27061E+05,2.27434E+05),.UNSPECIFIED.);
#136 = CARTESIAN_POINT('',(-3.7E+03,1.E+03,2.3E+04));
#137 = CARTESIAN_POINT('',(-3.7E+03,1.E+03,2.26667E+04));
#138 = CARTESIAN_POINT('',(-3.7E+03,1.E+03,2.2E+04));
#139 = CARTESIAN_POINT('',(-3.7E+03,1.E+03,2.1E+04));
#140 = CARTESIAN_POINT('',(-3.7E+03,1.E+03,2.E+04));
#141 = CARTESIAN_POINT('',(-3.7E+03,1.E+03,1.9E+04));
#142 = CARTESIAN_POINT('',(-3.7E+03,1.E+03,1.8E+04));
#143 = CARTESIAN_POINT('',(-3.7E+03,1.E+03,1.7E+04));
#144 = CARTESIAN_POINT('',(-3.7E+03,1.E+03,1.6E+04));
#145 = CARTESIAN_POINT('',(-3.7E+03,1.E+03,1.5E+04));
#146 = CARTESIAN_POINT('',(-3.7E+03,1.E+03,1.4E+04));
#147 = CARTESIAN_POINT('',(-3.7E+03,1.E+03,1.3E+04));
#148 = CARTESIAN_POINT('',(-3.7E+03,1.E+03,1.2E+04));
#149 = CARTESIAN_POINT('',(-3.7E+03,1.E+03,1.12179E+04));
#150 = CARTESIAN_POINT('',(-3.7E+03,1.E+03,1.07692E+04));
#151 = CARTESIAN_POINT('',(-3.7E+03,1.E+03,1.06538E+04));
#152 = CARTESIAN_POINT('',(-3.46657E+03,1.E+03,1.06112E+04));
#153 = CARTESIAN_POINT('',(-3.18965E+03,1.E+03,1.05599E+04));
#154 = CARTESIAN_POINT('',(-2.4564E+03,1.E+03,1.04228E+04));
#155 = CARTESIAN_POINT('',(-1.52472E+03,1.E+03,1.0249E+04));
#156 = CARTESIAN_POINT('',(-568.527,1.E+03,1.00682E+04));
#157 = CARTESIAN_POINT('',(431.991,1.E+03,9.88014E+03));
#158 = CARTESIAN_POINT('',(1.50086E+03,1.E+03,9.67197E+03));
#159 = CARTESIAN_POINT('',(3.00301E+03,1.E+03,9.37476E+03));
#160 = CARTESIAN_POINT('',(4.05735E+03,1.E+03,9.14389E+03));
#161 = CARTESIAN_POINT('',(5.05612E+03,1.E+03,8.908E+03));
#162 = CARTESIAN_POINT('',(5.87171E+03,1.E+03,8.72563E+03));
#163 = CARTESIAN_POINT('',(6.80856E+03,1.E+03,8.44879E+03));
#164 = CARTESIAN_POINT('',(7.53402E+03,1.E+03,8.25415E+03));
#165 = CARTESIAN_POINT('',(8.25926E+03,1.E+03,7.95534E+03));
#166 = CARTESIAN_POINT('',(9.07418E+03,1.E+03,7.59012E+03));
#167 = CARTESIAN_POINT('',(9.91644E+03,1.E+03,6.98565E+03));
#168 = CARTESIAN_POINT('',(1.04145E+04,1.E+03,6.42598E+03));
#169 = CARTESIAN_POINT('',(1.06537E+04,1.E+03,6.03927E+03));
#170 = CARTESIAN_POINT('',(1.08345E+04,1.E+03,5.684E+03));
#171 = CARTESIAN_POINT('',(1.08984E+04,1.E+03,5.24024E+03));
#172 = CARTESIAN_POINT('',(1.04643E+04,1.E+03,4.48225E+03));
#173 = CARTESIAN_POINT('',(9.79593E+03,1.E+03,4.15375E+03));
#174 = CARTESIAN_POINT('',(9.02663E+03,1.E+03,3.81333E+03));
#175 = CARTESIAN_POINT('',(8.36794E+03,1.E+03,3.56617E+03));
#176 = CARTESIAN_POINT('',(7.71729E+03,1.E+03,3.40246E+03));
#177 = CARTESIAN_POINT('',(7.10858E+03,1.E+03,2.90523E+03));
#178 = CARTESIAN_POINT('',(7.38374E+03,1.E+03,2.30307E+03));
#179 = CARTESIAN_POINT('',(8.06748E+03,1.E+03,1.75463E+03));
#180 = CARTESIAN_POINT('',(8.76068E+03,1.E+03,1.31119E+03));
#181 = CARTESIAN_POINT('',(9.64136E+03,1.E+03,952.603));
#182 = CARTESIAN_POINT('',(1.01779E+04,1.E+03,780.346));
#183 = CARTESIAN_POINT('',(1.08464E+04,1.E+03,617.086));
#184 = CARTESIAN_POINT('',(1.15092E+04,1.E+03,498.705));
#185 = CARTESIAN_POINT('',(1.253E+04,1.E+03,358.369));
#186 = CARTESIAN_POINT('',(1.33199E+04,1.E+03,284.429));
#187 = CARTESIAN_POINT('',(1.38708E+04,1.E+03,241.489));
#188 = CARTESIAN_POINT('',(1.44494E+04,1.E+03,197.841));
#189 = CARTESIAN_POINT('',(1.55159E+04,1.E+03,137.142));
#190 = CARTESIAN_POINT('',(1.70997E+04,1.E+03,79.0663));
#191 = CARTESIAN_POINT('',(1.85999E+04,1.E+03,45.1094));
#192 = CARTESIAN_POINT('',(1.96666E+04,1.E+03,29.7408));
#193 = CARTESIAN_POINT('',(2.07333E+04,1.E+03,17.2355));
#194 = CARTESIAN_POINT('',(2.19E+04,1.E+03,7.65299));
#195 = CARTESIAN_POINT('',(2.3282E+04,1.E+03,1.97736));
#196 = CARTESIAN_POINT('',(2.41306E+04,1.E+03,0.1));
#197 = CARTESIAN_POINT('',(2.4664E+04,1.E+03,0.1));
#198 = CARTESIAN_POINT('',(2.54153E+04,1.E+03,-0.117362));
#199 = CARTESIAN_POINT('',(2.67E+04,1.E+03,4.19187E-02));
#200 = CARTESIAN_POINT('',(2.83E+04,1.E+03,-1.12193E-02));
#201 = CARTESIAN_POINT('',(2.99E+04,1.E+03,2.95864E-03));
#202 = CARTESIAN_POINT('',(3.18167E+04,1.E+03,-1.32253E-03));
#203 = CARTESIAN_POINT('',(3.43E+04,1.E+03,5.605E-04));
#204 = CARTESIAN_POINT('',(3.715E+04,1.E+03,-1.31672E-04));
#205 = CARTESIAN_POINT('',(4.035E+04,1.E+03,4.4517E-05));
#206 = CARTESIAN_POINT('',(4.365E+04,1.E+03,-1.33376E-05));
#207 = CARTESIAN_POINT('',(4.725E+04,1.E+03,3.57397E-06));
#208 = CARTESIAN_POINT('',(5.085E+04,1.E+03,-9.5825E-07));
#209 = CARTESIAN_POINT('',(5.445E+04,1.E+03,2.59033E-07));
#210 = CARTESIAN_POINT('',(5.775E+04,1.E+03,-4.98059E-08));
#211 = CARTESIAN_POINT('',(6.105E+04,1.E+03,1.6163E-08));
#212 = CARTESIAN_POINT('',(6.435E+04,1.E+03,-4.84256E-09));
#213 = CARTESIAN_POINT('',(6.795E+04,1.E+03,1.29762E-09));
#214 = CARTESIAN_POINT('',(7.155E+04,1.E+03,-3.47926E-10));
#215 = CARTESIAN_POINT('',(7.515E+04,1.E+03,9.4082E-11));
#216 = CARTESIAN_POINT('',(7.845E+04,1.E+03,-1.81951E-11));
#217 = CARTESIAN_POINT('',(9.105E+04,1.E+03,7.49993E-11));
#218 = CARTESIAN_POINT('',(1.0365E+05,1.E+03,-6.52854E-11));
#219 = CARTESIAN_POINT('',(1.1655E+05,1.E+03,0.));
#220 = CARTESIAN_POINT('',(1.1985E+05,1.E+03,0.));
#221 = CARTESIAN_POINT('',(1.2315E+05,1.E+03,0.));
#222 = CARTESIAN_POINT('',(1.2645E+05,1.E+03,0.));
#223 = CARTESIAN_POINT('',(1.3005E+05,1.E+03,0.));
#224 = CARTESIAN_POINT('',(1.3365E+05,1.E+03,0.));
#225 = CARTESIAN_POINT('',(1.3725E+05,1.E+03,0.));
#226 = CARTESIAN_POINT('',(1.4055E+05,1.E+03,0.));
#227 = CARTESIAN_POINT('',(1.43763E+05,1.E+03,0.));
#228 = CARTESIAN_POINT('',(1.4689E+05,1.E+03,0.));
#229 = CARTESIAN_POINT('',(1.5023E+05,1.E+03,0.));
#230 = CARTESIAN_POINT('',(1.5357E+05,1.E+03,0.));
#231 = CARTESIAN_POINT('',(1.5691E+05,1.E+03,0.));
#232 = CARTESIAN_POINT('',(1.59475E+05,1.E+03,0.));
#233 = CARTESIAN_POINT('',(1.60927E+05,1.E+03,-0.));
#234 = CARTESIAN_POINT('',(1.62041E+05,1.E+03,0.));
#235 = CARTESIAN_POINT('',(1.63052E+05,1.E+03,4.34466));
#236 = CARTESIAN_POINT('',(1.643E+05,1.E+03,43.201));
#237 = CARTESIAN_POINT('',(1.6501E+05,1.E+03,78.6356));
#238 = CARTESIAN_POINT('',(1.65721E+05,1.E+03,122.344));
#239 = CARTESIAN_POINT('',(1.66287E+05,1.E+03,175.051));
#240 = CARTESIAN_POINT('',(1.66692E+05,1.E+03,220.563));
#241 = CARTESIAN_POINT('',(1.66958E+05,1.E+03,252.61));
#242 = CARTESIAN_POINT('',(1.67399E+05,1.E+03,308.233));
#243 = CARTESIAN_POINT('',(1.67959E+05,1.E+03,386.472));
#244 = CARTESIAN_POINT('',(1.68492E+05,1.E+03,475.418));
#245 = CARTESIAN_POINT('',(1.69026E+05,1.E+03,581.442));
#246 = CARTESIAN_POINT('',(1.6939E+05,1.E+03,670.7));
#247 = CARTESIAN_POINT('',(1.69923E+05,1.E+03,803.861));
#248 = CARTESIAN_POINT('',(1.70274E+05,1.E+03,893.291));
#249 = CARTESIAN_POINT('',(1.70783E+05,1.E+03,1.02468E+03));
#250 = CARTESIAN_POINT('',(1.7132E+05,1.E+03,1.17414E+03));
#251 = CARTESIAN_POINT('',(1.72039E+05,1.E+03,1.41055E+03));
#252 = CARTESIAN_POINT('',(1.72773E+05,1.E+03,1.70815E+03));
#253 = CARTESIAN_POINT('',(1.73306E+05,1.E+03,1.93207E+03));
#254 = CARTESIAN_POINT('',(1.73844E+05,1.E+03,2.18727E+03));
#255 = CARTESIAN_POINT('',(1.74418E+05,1.E+03,2.50189E+03));
#256 = CARTESIAN_POINT('',(1.7494E+05,1.E+03,2.85322E+03));
#257 = CARTESIAN_POINT('',(1.75368E+05,1.E+03,3.18147E+03));
#258 = CARTESIAN_POINT('',(1.75681E+05,1.E+03,3.44837E+03));
#259 = CARTESIAN_POINT('',(1.75979E+05,1.E+03,3.7719E+03));
#260 = CARTESIAN_POINT('',(1.76362E+05,1.E+03,4.2459E+03));
#261 = CARTESIAN_POINT('',(1.76641E+05,1.E+03,4.63451E+03));
#262 = CARTESIAN_POINT('',(1.7704E+05,1.E+03,5.29799E+03));
#263 = CARTESIAN_POINT('',(1.77355E+05,1.E+03,5.96306E+03));
#264 = CARTESIAN_POINT('',(1.77548E+05,1.E+03,6.8252E+03));
#265 = CARTESIAN_POINT('',(1.77607E+05,1.E+03,7.49893E+03));
#266 = CARTESIAN_POINT('',(1.77624E+05,1.E+03,8.16849E+03));
#267 = CARTESIAN_POINT('',(1.7762E+05,1.E+03,9.04401E+03));
#268 = CARTESIAN_POINT('',(1.77263E+05,1.E+03,9.84075E+03));
#269 = CARTESIAN_POINT('',(1.76635E+05,1.E+03,1.01902E+04));
#270 = CARTESIAN_POINT('',(1.76036E+05,1.E+03,1.03109E+04));
#271 = CARTESIAN_POINT('',(1.75383E+05,1.E+03,1.03347E+04));
#272 = CARTESIAN_POINT('',(1.74792E+05,1.E+03,1.05173E+04));
#273 = CARTESIAN_POINT('',(1.74554E+05,1.E+03,1.07991E+04));
#274 = CARTESIAN_POINT('',(1.74221E+05,1.E+03,1.12944E+04));
#275 = CARTESIAN_POINT('',(1.74002E+05,1.E+03,1.18038E+04));
#276 = CARTESIAN_POINT('',(1.73935E+05,1.E+03,1.24991E+04));
#277 = CARTESIAN_POINT('',(1.73967E+05,1.E+03,1.3171E+04));
#278 = CARTESIAN_POINT('',(1.74098E+05,1.E+03,1.40121E+04));
#279 = CARTESIAN_POINT('',(1.74298E+05,1.E+03,1.47255E+04));
#280 = CARTESIAN_POINT('',(1.74497E+05,1.E+03,1.53927E+04));
#281 = CARTESIAN_POINT('',(1.74728E+05,1.E+03,1.607E+04));
#282 = CARTESIAN_POINT('',(1.75062E+05,1.E+03,1.68471E+04));
#283 = CARTESIAN_POINT('',(1.75327E+05,1.E+03,1.73475E+04));
#284 = CARTESIAN_POINT('',(1.75506E+05,1.E+03,1.76815E+04));
#285 = CARTESIAN_POINT('',(1.75711E+05,1.E+03,1.80398E+04));
#286 = CARTESIAN_POINT('',(1.76001E+05,1.E+03,1.85257E+04));
#287 = CARTESIAN_POINT('',(1.76381E+05,1.E+03,1.91411E+04));
#288 = CARTESIAN_POINT('',(1.76686E+05,1.E+03,1.96136E+04));
#289 = CARTESIAN_POINT('',(1.77098E+05,1.E+03,2.02779E+04));
#290 = CARTESIAN_POINT('',(1.77369E+05,1.E+03,2.07278E+04));
#291 = CARTESIAN_POINT('',(1.77739E+05,1.E+03,2.13979E+04));
#292 = CARTESIAN_POINT('',(1.7809E+05,1.E+03,2.20612E+04));
#293 = CARTESIAN_POINT('',(1.78514E+05,1.E+03,2.29151E+04));
#294 = CARTESIAN_POINT('',(1.78844E+05,1.E+03,2.36179E+04));
#295 = CARTESIAN_POINT('',(1.7901E+05,1.E+03,2.39864E+04));
#296 = CARTESIAN_POINT('',(1.7906E+05,1.E+03,2.41E+04));
#297 = CARTESIAN_POINT('',(-3.7E+03,1.E+03,2.3E+04));
#298 = CARTESIAN_POINT('',(1.7906E+05,1.E+03,2.41E+04));
#299 = ( GEOMETRIC_REPRESENTATION_CONTEXT(3) 
GLOBAL_UNCERTAINTY_ASSIGNED_CONTEXT((#303)) GLOBAL_UNIT_ASSIGNED_CONTEXT
((#300,#301,#302)) REPRESENTATION_CONTEXT('Context #1',
  '3D Context with UNIT and UNCERTAINTY') );
#300 = ( LENGTH_UNIT() NAMED_UNIT(*) SI_UNIT(.MILLI.,.METRE.) );
#301 = ( NAMED_UNIT(*) PLANE_ANGLE_UNIT() SI_UNIT($,.RADIAN.) );
#302 = ( NAMED_UNIT(*) SI_UNIT($,.STERADIAN.) SOLID_ANGLE_UNIT() );
#303 = UNCERTAINTY_MEASURE_WITH_UNIT(LENGTH_MEASURE(1.E-07),#300,
  'distance_accuracy_value','confusion accuracy');
#304 = CONTEXT_DEPENDENT_SHAPE_REPRESENTATION(#305,#307);
#305 = ( REPRESENTATION_RELATIONSHIP('','',#132,#10) 
REPRESENTATION_RELATIONSHIP_WITH_TRANSFORMATION(#306) 
SHAPE_REPRESENTATION_RELATIONSHIP() );
#306 = ITEM_DEFINED_TRANSFORMATION('','',#11,#15);
#307 = PRODUCT_DEFINITION_SHAPE('Placement','Placement of an item',#308
  );
#308 = NEXT_ASSEMBLY_USAGE_OCCURRENCE('1','','',#5,#127,$);
#309 = PRODUCT_RELATED_PRODUCT_CATEGORY('part',$,(#129));
#310 = SHAPE_DEFINITION_REPRESENTATION(#311,#317);
#311 = PRODUCT_DEFINITION_SHAPE('','',#312);
#312 = PRODUCT_DEFINITION('design','',#313,#316);
#313 = PRODUCT_DEFINITION_FORMATION('','',#314);
#314 = PRODUCT('Open CASCADE STEP translator 7.7 1.2',
  'Open CASCADE STEP translator 7.7 1.2','',(#315));
#315 = PRODUCT_CONTEXT('',#2,'mechanical');
#316 = PRODUCT_DEFINITION_CONTEXT('part definition',#2,'design');
#317 = GEOMETRICALLY_BOUNDED_WIREFRAME_SHAPE_REPRESENTATION('',(#11,#318
    ),#480);
#318 = GEOMETRIC_CURVE_SET('',(#319));
#319 = TRIMMED_CURVE('',#320,(#478,PARAMETER_VALUE(0.)),(#479,
    PARAMETER_VALUE(2.23273E+05)),.T.,.PARAMETER.);
#320 = B_SPLINE_CURVE_WITH_KNOTS('',3,(#321,#322,#323,#324,#325,#326,
    #327,#328,#329,#330,#331,#332,#333,#334,#335,#336,#337,#338,#339,
    #340,#341,#342,#343,#344,#345,#346,#347,#348,#349,#350,#351,#352,
    #353,#354,#355,#356,#357,#358,#359,#360,#361,#362,#363,#364,#365,
    #366,#367,#368,#369,#370,#371,#372,#373,#374,#375,#376,#377,#378,
    #379,#380,#381,#382,#383,#384,#385,#386,#387,#388,#389,#390,#391,
    #392,#393,#394,#395,#396,#397,#398,#399,#400,#401,#402,#403,#404,
    #405,#406,#407,#408,#409,#410,#411,#412,#413,#414,#415,#416,#417,
    #418,#419,#420,#421,#422,#423,#424,#425,#426,#427,#428,#429,#430,
    #431,#432,#433,#434,#435,#436,#437,#438,#439,#440,#441,#442,#443,
    #444,#445,#446,#447,#448,#449,#450,#451,#452,#453,#454,#455,#456,
    #457,#458,#459,#460,#461,#462,#463,#464,#465,#466,#467,#468,#469,
    #470,#471,#472,#473,#474,#475,#476,#477),.UNSPECIFIED.,.F.,.F.,(4,1,
    1,1,1,1,1,1,1,1,1,1,1,3,1,1,1,1,1,1,1,1,1,1,1,1,1,1,1,1,1,1,1,1,1,1,
    1,1,1,1,1,1,1,1,1,1,1,1,1,1,1,1,1,1,1,2,1,1,1,1,1,1,1,1,1,1,1,1,1,1,
    1,1,1,1,1,1,1,1,1,1,1,1,1,1,1,1,1,1,2,1,1,1,1,1,1,1,1,1,1,1,1,1,1,1,
    1,1,1,1,1,1,1,1,1,1,1,1,1,1,1,1,1,1,1,1,1,1,1,1,1,1,1,1,1,1,1,1,1,1,
    1,1,1,1,1,1,1,1,1,1,1,1,4),(0.,1.E+03,2.E+03,3.E+03,4.E+03,5.E+03,
    6.E+03,7.E+03,8.E+03,9.E+03,1.E+04,1.1E+04,1.2E+04,1.23267E+04,
    1.3039E+04,1.32633E+04,1.45657E+04,1.59429E+04,1.60926E+04,
    1.76206E+04,1.91501E+04,2.06841E+04,2.09612E+04,2.22213E+04,
    2.37659E+04,2.38417E+04,2.49615E+04,2.54505E+04,2.72327E+04,
    2.73156E+04,2.8809E+04,2.88234E+04,2.98919E+04,3.09816E+04,
    3.18105E+04,3.23866E+04,3.27303E+04,3.37667E+04,3.44894E+04,
    3.59048E+04,3.62102E+04,3.69993E+04,3.78414E+04,3.7892E+04,
    3.85806E+04,3.94547E+04,4.10606E+04,4.12378E+04,4.26635E+04,
    4.39646E+04,4.42648E+04,4.58655E+04,4.74657E+04,4.90658E+04,
    5.06658E+04,5.12985E+04,5.22658E+04,5.38658E+04,5.54658E+04,
    5.80158E+04,6.13158E+04,6.40158E+04,6.76158E+04,7.12158E+04,
    7.48158E+04,7.84158E+04,8.20159E+04,8.47159E+04,8.83159E+04,
    9.19159E+04,9.55159E+04,9.91159E+04,1.02716E+05,1.05416E+05,
    1.36916E+05,1.40516E+05,1.44116E+05,1.46816E+05,1.50416E+05,
    1.54016E+05,1.57616E+05,1.61216E+05,1.64816E+05,1.67516E+05,
    1.70856E+05,1.74196E+05,1.77536E+05,1.80876E+05,1.83023E+05,
    1.84216E+05,1.87557E+05,1.88269E+05,1.88982E+05,1.8929E+05,
    1.89697E+05,1.90413E+05,1.90696E+05,1.91106E+05,1.91223E+05,
    1.92037E+05,1.92396E+05,1.9286E+05,1.93352E+05,1.93694E+05,
    1.94534E+05,1.9538E+05,1.96246E+05,1.96339E+05,1.97135E+05,
    1.98065E+05,1.98373E+05,1.99082E+05,1.99154E+05,1.99842E+05,
    2.00296E+05,2.01049E+05,2.0195E+05,2.02159E+05,2.03198E+05,
    2.03701E+05,2.04202E+05,2.05203E+05,2.06025E+05,2.06548E+05,
    2.06927E+05,2.07787E+05,2.07897E+05,2.08646E+05,2.08903E+05,
    2.09742E+05,2.10243E+05,2.10744E+05,2.11766E+05,2.11995E+05,
    2.12813E+05,2.13878E+05,2.1436E+05,2.14974E+05,2.15542E+05,
    2.16127E+05,2.16425E+05,2.17345E+05,2.17464E+05,2.18575E+05,
    2.1885E+05,2.19763E+05,2.20384E+05,2.20914E+05,2.22046E+05,
    2.22895E+05,2.23273E+05),.UNSPECIFIED.);
#321 = CARTESIAN_POINT('',(-3.7E+03,1.5E+03,2.3E+04));
#322 = CARTESIAN_POINT('',(-3.7E+03,1.5E+03,2.26667E+04));
#323 = CARTESIAN_POINT('',(-3.7E+03,1.5E+03,2.2E+04));
#324 = CARTESIAN_POINT('',(-3.7E+03,1.5E+03,2.1E+04));
#325 = CARTESIAN_POINT('',(-3.7E+03,1.5E+03,2.E+04));
#326 = CARTESIAN_POINT('',(-3.7E+03,1.5E+03,1.9E+04));
#327 = CARTESIAN_POINT('',(-3.7E+03,1.5E+03,1.8E+04));
#328 = CARTESIAN_POINT('',(-3.7E+03,1.5E+03,1.7E+04));
#329 = CARTESIAN_POINT('',(-3.7E+03,1.5E+03,1.6E+04));
#330 = CARTESIAN_POINT('',(-3.7E+03,1.5E+03,1.5E+04));
#331 = CARTESIAN_POINT('',(-3.7E+03,1.5E+03,1.4E+04));
#332 = CARTESIAN_POINT('',(-3.7E+03,1.5E+03,1.3E+04));
#333 = CARTESIAN_POINT('',(-3.7E+03,1.5E+03,1.2E+04));
#334 = CARTESIAN_POINT('',(-3.7E+03,1.5E+03,1.12244E+04));
#335 = CARTESIAN_POINT('',(-3.7E+03,1.5E+03,1.07822E+04));
#336 = CARTESIAN_POINT('',(-3.7E+03,1.5E+03,1.06733E+04));
#337 = CARTESIAN_POINT('',(-3.46664E+03,1.5E+03,1.06295E+04));
#338 = CARTESIAN_POINT('',(-3.15984E+03,1.5E+03,1.05718E+04));
#339 = CARTESIAN_POINT('',(-2.42648E+03,1.5E+03,1.04334E+04));
#340 = CARTESIAN_POINT('',(-1.47544E+03,1.5E+03,1.02531E+04));
#341 = CARTESIAN_POINT('',(-548.991,1.5E+03,1.00767E+04));
#342 = CARTESIAN_POINT('',(451.292,1.5E+03,9.88587E+03));
#343 = CARTESIAN_POINT('',(1.50056E+03,1.5E+03,9.68104E+03));
#344 = CARTESIAN_POINT('',(3.00226E+03,1.5E+03,9.38556E+03));
#345 = CARTESIAN_POINT('',(4.0914E+03,1.5E+03,9.15344E+03));
#346 = CARTESIAN_POINT('',(5.08988E+03,1.5E+03,8.92751E+03));
#347 = CARTESIAN_POINT('',(6.09434E+03,1.5E+03,8.71167E+03));
#348 = CARTESIAN_POINT('',(7.02506E+03,1.5E+03,8.47504E+03));
#349 = CARTESIAN_POINT('',(7.91107E+03,1.5E+03,8.25296E+03));
#350 = CARTESIAN_POINT('',(8.44458E+03,1.5E+03,8.07335E+03));
#351 = CARTESIAN_POINT('',(9.50486E+03,1.5E+03,7.68532E+03));
#352 = CARTESIAN_POINT('',(1.02297E+04,1.5E+03,7.35972E+03));
#353 = CARTESIAN_POINT('',(1.11595E+04,1.5E+03,6.73953E+03));
#354 = CARTESIAN_POINT('',(1.16637E+04,1.5E+03,6.45084E+03));
#355 = CARTESIAN_POINT('',(1.20574E+04,1.5E+03,5.68781E+03));
#356 = CARTESIAN_POINT('',(1.247E+04,1.5E+03,5.00685E+03));
#357 = CARTESIAN_POINT('',(1.19459E+04,1.5E+03,3.99434E+03));
#358 = CARTESIAN_POINT('',(1.12645E+04,1.5E+03,3.52794E+03));
#359 = CARTESIAN_POINT('',(1.0771E+04,1.5E+03,3.2129E+03));
#360 = CARTESIAN_POINT('',(1.01895E+04,1.5E+03,2.92357E+03));
#361 = CARTESIAN_POINT('',(9.89405E+03,1.5E+03,1.97313E+03));
#362 = CARTESIAN_POINT('',(1.09373E+04,1.5E+03,1.41522E+03));
#363 = CARTESIAN_POINT('',(1.16439E+04,1.5E+03,1.09226E+03));
#364 = CARTESIAN_POINT('',(1.24565E+04,1.5E+03,877.909));
#365 = CARTESIAN_POINT('',(1.30864E+04,1.5E+03,740.791));
#366 = CARTESIAN_POINT('',(1.36393E+04,1.5E+03,645.752));
#367 = CARTESIAN_POINT('',(1.41601E+04,1.5E+03,564.461));
#368 = CARTESIAN_POINT('',(1.46926E+04,1.5E+03,488.5));
#369 = CARTESIAN_POINT('',(1.5742E+04,1.5E+03,368.221));
#370 = CARTESIAN_POINT('',(1.6625E+04,1.5E+03,295.581));
#371 = CARTESIAN_POINT('',(1.76919E+04,1.5E+03,220.848));
#372 = CARTESIAN_POINT('',(1.86584E+04,1.5E+03,164.435));
#373 = CARTESIAN_POINT('',(1.96666E+04,1.5E+03,122.804));
#374 = CARTESIAN_POINT('',(2.07332E+04,1.5E+03,83.8269));
#375 = CARTESIAN_POINT('',(2.18998E+04,1.5E+03,51.5066));
#376 = CARTESIAN_POINT('',(2.34999E+04,1.5E+03,25.0429));
#377 = CARTESIAN_POINT('',(2.51E+04,1.5E+03,7.10126));
#378 = CARTESIAN_POINT('',(2.63776E+04,1.5E+03,1.63873));
#379 = CARTESIAN_POINT('',(2.71218E+04,1.5E+03,0.1));
#380 = CARTESIAN_POINT('',(2.76551E+04,1.5E+03,0.1));
#381 = CARTESIAN_POINT('',(2.85109E+04,1.5E+03,-7.82318E-02));
#382 = CARTESIAN_POINT('',(2.99E+04,1.5E+03,2.47534E-02));
#383 = CARTESIAN_POINT('',(3.18167E+04,1.5E+03,-1.10649E-02));
#384 = CARTESIAN_POINT('',(3.43E+04,1.5E+03,4.68942E-03));
#385 = CARTESIAN_POINT('',(3.715E+04,1.5E+03,-1.10163E-03));
#386 = CARTESIAN_POINT('',(4.035E+04,1.5E+03,3.72451E-04));
#387 = CARTESIAN_POINT('',(4.365E+04,1.5E+03,-1.11589E-04));
#388 = CARTESIAN_POINT('',(4.725E+04,1.5E+03,2.99016E-05));
#389 = CARTESIAN_POINT('',(5.085E+04,1.5E+03,-8.0172E-06));
#390 = CARTESIAN_POINT('',(5.445E+04,1.5E+03,2.1672E-06));
#391 = CARTESIAN_POINT('',(5.775E+04,1.5E+03,-4.16701E-07));
#392 = CARTESIAN_POINT('',(6.105E+04,1.5E+03,1.35228E-07));
#393 = CARTESIAN_POINT('',(6.435E+04,1.5E+03,-4.05153E-08));
#394 = CARTESIAN_POINT('',(6.795E+04,1.5E+03,1.08566E-08));
#395 = CARTESIAN_POINT('',(7.155E+04,1.5E+03,-2.91092E-09));
#396 = CARTESIAN_POINT('',(7.515E+04,1.5E+03,7.87137E-10));
#397 = CARTESIAN_POINT('',(7.845E+04,1.5E+03,-1.52229E-10));
#398 = CARTESIAN_POINT('',(9.105E+04,1.5E+03,6.27482E-10));
#399 = CARTESIAN_POINT('',(1.0365E+05,1.5E+03,-5.46211E-10));
#400 = CARTESIAN_POINT('',(1.1655E+05,1.5E+03,0.));
#401 = CARTESIAN_POINT('',(1.1985E+05,1.5E+03,0.));
#402 = CARTESIAN_POINT('',(1.2315E+05,1.5E+03,0.));
#403 = CARTESIAN_POINT('',(1.2645E+05,1.5E+03,0.));
#404 = CARTESIAN_POINT('',(1.3005E+05,1.5E+03,0.));
#405 = CARTESIAN_POINT('',(1.3365E+05,1.5E+03,0.));
#406 = CARTESIAN_POINT('',(1.3725E+05,1.5E+03,0.));
#407 = CARTESIAN_POINT('',(1.4055E+05,1.5E+03,0.));
#408 = CARTESIAN_POINT('',(1.43763E+05,1.5E+03,0.));
#409 = CARTESIAN_POINT('',(1.4689E+05,1.5E+03,0.));
#410 = CARTESIAN_POINT('',(1.5023E+05,1.5E+03,0.));
#411 = CARTESIAN_POINT('',(1.5357E+05,1.5E+03,0.));
#412 = CARTESIAN_POINT('',(1.56513E+05,1.5E+03,0.));
#413 = CARTESIAN_POINT('',(1.58342E+05,1.5E+03,-0.));
#414 = CARTESIAN_POINT('',(1.59455E+05,1.5E+03,0.));
#415 = CARTESIAN_POINT('',(1.60966E+05,1.5E+03,4.24361));
#416 = CARTESIAN_POINT('',(1.62716E+05,1.5E+03,39.6076));
#417 = CARTESIAN_POINT('',(1.64301E+05,1.5E+03,150.457));
#418 = CARTESIAN_POINT('',(1.64876E+05,1.5E+03,202.457));
#419 = CARTESIAN_POINT('',(1.65349E+05,1.5E+03,252.879));
#420 = CARTESIAN_POINT('',(1.65823E+05,1.5E+03,309.57));
#421 = CARTESIAN_POINT('',(1.66287E+05,1.5E+03,373.525));
#422 = CARTESIAN_POINT('',(1.66752E+05,1.5E+03,441.789));
#423 = CARTESIAN_POINT('',(1.67019E+05,1.5E+03,483.628));
#424 = CARTESIAN_POINT('',(1.67459E+05,1.5E+03,558.001));
#425 = CARTESIAN_POINT('',(1.67882E+05,1.5E+03,637.148));
#426 = CARTESIAN_POINT('',(1.68415E+05,1.5E+03,756.191));
#427 = CARTESIAN_POINT('',(1.6884E+05,1.5E+03,863.536));
#428 = CARTESIAN_POINT('',(1.69255E+05,1.5E+03,984.789));
#429 = CARTESIAN_POINT('',(1.69788E+05,1.5E+03,1.14844E+03));
#430 = CARTESIAN_POINT('',(1.70433E+05,1.5E+03,1.35292E+03));
#431 = CARTESIAN_POINT('',(1.71239E+05,1.5E+03,1.62492E+03));
#432 = CARTESIAN_POINT('',(1.71795E+05,1.5E+03,1.85628E+03));
#433 = CARTESIAN_POINT('',(1.72329E+05,1.5E+03,2.09604E+03));
#434 = CARTESIAN_POINT('',(1.72874E+05,1.5E+03,2.36142E+03));
#435 = CARTESIAN_POINT('',(1.73461E+05,1.5E+03,2.70357E+03));
#436 = CARTESIAN_POINT('',(1.73994E+05,1.5E+03,3.07388E+03));
#437 = CARTESIAN_POINT('',(1.74275E+05,1.5E+03,3.30639E+03));
#438 = CARTESIAN_POINT('',(1.74633E+05,1.5E+03,3.63937E+03));
#439 = CARTESIAN_POINT('',(1.74913E+05,1.5E+03,3.93358E+03));
#440 = CARTESIAN_POINT('',(1.75294E+05,1.5E+03,4.43806E+03));
#441 = CARTESIAN_POINT('',(1.75663E+05,1.5E+03,5.03758E+03));
#442 = CARTESIAN_POINT('',(1.75943E+05,1.5E+03,5.59331E+03));
#443 = CARTESIAN_POINT('',(1.76216E+05,1.5E+03,6.25561E+03));
#444 = CARTESIAN_POINT('',(1.76383E+05,1.5E+03,6.8204E+03));
#445 = CARTESIAN_POINT('',(1.76457E+05,1.5E+03,7.49896E+03));
#446 = CARTESIAN_POINT('',(1.76479E+05,1.5E+03,8.16576E+03));
#447 = CARTESIAN_POINT('',(1.76516E+05,1.5E+03,8.94881E+03));
#448 = CARTESIAN_POINT('',(1.76147E+05,1.5E+03,9.6996E+03));
#449 = CARTESIAN_POINT('',(1.75637E+05,1.5E+03,9.99725E+03));
#450 = CARTESIAN_POINT('',(1.75078E+05,1.5E+03,1.01726E+04));
#451 = CARTESIAN_POINT('',(1.7464E+05,1.5E+03,1.03043E+04));
#452 = CARTESIAN_POINT('',(1.74158E+05,1.5E+03,1.06149E+04));
#453 = CARTESIAN_POINT('',(1.73872E+05,1.5E+03,1.08638E+04));
#454 = CARTESIAN_POINT('',(1.73511E+05,1.5E+03,1.13631E+04));
#455 = CARTESIAN_POINT('',(1.7334E+05,1.5E+03,1.18862E+04));
#456 = CARTESIAN_POINT('',(1.73307E+05,1.5E+03,1.25004E+04));
#457 = CARTESIAN_POINT('',(1.73369E+05,1.5E+03,1.31739E+04));
#458 = CARTESIAN_POINT('',(1.73492E+05,1.5E+03,1.37468E+04));
#459 = CARTESIAN_POINT('',(1.73684E+05,1.5E+03,1.4409E+04));
#460 = CARTESIAN_POINT('',(1.73897E+05,1.5E+03,1.50801E+04));
#461 = CARTESIAN_POINT('',(1.74166E+05,1.5E+03,1.58218E+04));
#462 = CARTESIAN_POINT('',(1.74444E+05,1.5E+03,1.64865E+04));
#463 = CARTESIAN_POINT('',(1.74681E+05,1.5E+03,1.69884E+04));
#464 = CARTESIAN_POINT('',(1.74959E+05,1.5E+03,1.75081E+04));
#465 = CARTESIAN_POINT('',(1.75212E+05,1.5E+03,1.79205E+04));
#466 = CARTESIAN_POINT('',(1.75544E+05,1.5E+03,1.84216E+04));
#467 = CARTESIAN_POINT('',(1.75803E+05,1.5E+03,1.87841E+04));
#468 = CARTESIAN_POINT('',(1.76224E+05,1.5E+03,1.93643E+04));
#469 = CARTESIAN_POINT('',(1.76522E+05,1.5E+03,1.97683E+04));
#470 = CARTESIAN_POINT('',(1.76949E+05,1.5E+03,2.04042E+04));
#471 = CARTESIAN_POINT('',(1.77271E+05,1.5E+03,2.09142E+04));
#472 = CARTESIAN_POINT('',(1.77617E+05,1.5E+03,2.15091E+04));
#473 = CARTESIAN_POINT('',(1.77985E+05,1.5E+03,2.21751E+04));
#474 = CARTESIAN_POINT('',(1.78379E+05,1.5E+03,2.29142E+04));
#475 = CARTESIAN_POINT('',(1.78729E+05,1.5E+03,2.36186E+04));
#476 = CARTESIAN_POINT('',(1.78908E+05,1.5E+03,2.39865E+04));
#477 = CARTESIAN_POINT('',(1.78963E+05,1.5E+03,2.41E+04));
#478 = CARTESIAN_POINT('',(-3.7E+03,1.5E+03,2.3E+04));
#479 = CARTESIAN_POINT('',(1.78963E+05,1.5E+03,2.41E+04));
#480 = ( GEOMETRIC_REPRESENTATION_CONTEXT(3) 
GLOBAL_UNCERTAINTY_ASSIGNED_CONTEXT((#484)) GLOBAL_UNIT_ASSIGNED_CONTEXT
((#481,#482,#483)) REPRESENTATION_CONTEXT('Context #1',
  '3D Context with UNIT and UNCERTAINTY') );
#481 = ( LENGTH_UNIT() NAMED_UNIT(*) SI_UNIT(.MILLI.,.METRE.) );
#482 = ( NAMED_UNIT(*) PLANE_ANGLE_UNIT() SI_UNIT($,.RADIAN.) );
#483 = ( NAMED_UNIT(*) SI_UNIT($,.STERADIAN.) SOLID_ANGLE_UNIT() );
#484 = UNCERTAINTY_MEASURE_WITH_UNIT(LENGTH_MEASURE(1.E-07),#481,
  'distance_accuracy_value','confusion accuracy');
#485 = CONTEXT_DEPENDENT_SHAPE_REPRESENTATION(#486,#488);
#486 = ( REPRESENTATION_RELATIONSHIP('','',#317,#10) 
REPRESENTATION_RELATIONSHIP_WITH_TRANSFORMATION(#487) 
SHAPE_REPRESENTATION_RELATIONSHIP() );
#487 = ITEM_DEFINED_TRANSFORMATION('','',#11,#19);
#488 = PRODUCT_DEFINITION_SHAPE('Placement','Placement of an item',#489
  );
#489 = NEXT_ASSEMBLY_USAGE_OCCURRENCE('2','','',#5,#312,$);
#490 = PRODUCT_RELATED_PRODUCT_CATEGORY('part',$,(#314));
#491 = SHAPE_DEFINITION_REPRESENTATION(#492,#498);
#492 = PRODUCT_DEFINITION_SHAPE('','',#493);
#493 = PRODUCT_DEFINITION('design','',#494,#497);
#494 = PRODUCT_DEFINITION_FORMATION('','',#495);
#495 = PRODUCT('Open CASCADE STEP translator 7.7 1.3',
  'Open CASCADE STEP translator 7.7 1.3','',(#496));
#496 = PRODUCT_CONTEXT('',#2,'mechanical');
#497 = PRODUCT_DEFINITION_CONTEXT('part definition',#2,'design');
#498 = GEOMETRICALLY_BOUNDED_WIREFRAME_SHAPE_REPRESENTATION('',(#11,#499
    ),#641);
#499 = GEOMETRIC_CURVE_SET('',(#500));
#500 = TRIMMED_CURVE('',#501,(#639,PARAMETER_VALUE(0.)),(#640,
    PARAMETER_VALUE(1.98061E+05)),.T.,.PARAMETER.);
#501 = B_SPLINE_CURVE_WITH_KNOTS('',3,(#502,#503,#504,#505,#506,#507,
    #508,#509,#510,#511,#512,#513,#514,#515,#516,#517,#518,#519,#520,
    #521,#522,#523,#524,#525,#526,#527,#528,#529,#530,#531,#532,#533,
    #534,#535,#536,#537,#538,#539,#540,#541,#542,#543,#544,#545,#546,
    #547,#548,#549,#550,#551,#552,#553,#554,#555,#556,#557,#558,#559,
    #560,#561,#562,#563,#564,#565,#566,#567,#568,#569,#570,#571,#572,
    #573,#574,#575,#576,#577,#578,#579,#580,#581,#582,#583,#584,#585,
    #586,#587,#588,#589,#590,#591,#592,#593,#594,#595,#596,#597,#598,
    #599,#600,#601,#602,#603,#604,#605,#606,#607,#608,#609,#610,#611,
    #612,#613,#614,#615,#616,#617,#618,#619,#620,#621,#622,#623,#624,
    #625,#626,#627,#628,#629,#630,#631,#632,#633,#634,#635,#636,#637,
    #638),.UNSPECIFIED.,.F.,.F.,(4,1,1,1,1,1,1,1,1,1,1,1,1,1,1,1,1,1,1,1
    ,1,1,1,1,1,1,1,1,1,1,1,1,1,1,1,1,1,1,1,1,1,1,1,1,1,1,1,1,1,1,1,1,1,1
    ,1,1,1,1,1,1,1,2,1,1,1,1,1,1,1,1,2,1,1,1,1,1,1,1,1,2,1,1,1,1,1,1,1,1
    ,1,1,1,1,1,1,1,1,1,1,1,1,1,1,1,1,1,1,1,1,1,1,1,1,1,1,1,1,1,1,1,1,1,1
    ,1,1,1,1,1,1,1,1,1,4),(0.,1.00013E+03,2.00035E+03,3.00069E+03,
    4.00121E+03,5.00215E+03,6.00352E+03,7.00624E+03,8.01751E+03,
    9.05033E+03,9.75574E+03,1.01948E+04,1.16919E+04,1.17258E+04,
    1.18564E+04,1.35296E+04,1.39944E+04,1.51244E+04,1.55533E+04,
    1.66894E+04,1.73925E+04,1.82399E+04,1.9783E+04,2.14231E+04,
    2.1739E+04,2.30599E+04,2.4695E+04,2.63288E+04,2.66015E+04,
    2.79625E+04,2.95975E+04,3.12343E+04,3.14339E+04,3.2566E+04,
    3.28736E+04,3.45162E+04,3.58422E+04,3.61638E+04,3.66201E+04,
    3.78178E+04,3.94781E+04,3.96925E+04,4.11434E+04,4.28102E+04,
    4.32743E+04,4.44145E+04,4.44758E+04,4.69642E+04,4.71222E+04,
    5.05253E+04,5.10887E+04,5.25271E+04,5.329E+04,5.62827E+04,
    5.69462E+04,5.7948E+04,5.99111E+04,6.0577E+04,6.24311E+04,
    6.41898E+04,6.77919E+04,6.83142E+04,7.13919E+04,7.40919E+04,
    7.76919E+04,8.12919E+04,8.48919E+04,8.84919E+04,9.20919E+04,
    9.47919E+04,9.83919E+04,1.26292E+05,1.29892E+05,1.33492E+05,
    1.36192E+05,1.39792E+05,1.43392E+05,1.46992E+05,1.50592E+05,
    1.53076E+05,1.54192E+05,1.56894E+05,1.58927E+05,1.60244E+05,
    1.61425E+05,1.63286E+05,1.63612E+05,1.64774E+05,1.67018E+05,
    1.69007E+05,1.70523E+05,1.71671E+05,1.72677E+05,1.73535E+05,
    1.74531E+05,1.74954E+05,1.76151E+05,1.77231E+05,1.7775E+05,
    1.78262E+05,1.79274E+05,1.80284E+05,1.80791E+05,1.81302E+05,
    1.82346E+05,1.82882E+05,1.83428E+05,1.8455E+05,1.84636E+05,
    1.85709E+05,1.86016E+05,1.86906E+05,1.87284E+05,1.88138E+05,
    1.88483E+05,1.88765E+05,1.89398E+05,1.89641E+05,1.90088E+05,
    1.90685E+05,1.90905E+05,1.92013E+05,1.92112E+05,1.93246E+05,
    1.93426E+05,1.94315E+05,1.94981E+05,1.9533E+05,1.96312E+05,
    1.96699E+05,1.97283E+05,1.98061E+05),.UNSPECIFIED.);
#502 = CARTESIAN_POINT('',(-2.47579E+03,9.E+03,2.3E+04));
#503 = CARTESIAN_POINT('',(-2.47114E+03,9.E+03,2.26667E+04));
#504 = CARTESIAN_POINT('',(-2.46047E+03,9.E+03,2.2E+04));
#505 = CARTESIAN_POINT('',(-2.43985E+03,9.E+03,2.09999E+04));
#506 = CARTESIAN_POINT('',(-2.41355E+03,9.E+03,1.99999E+04));
#507 = CARTESIAN_POINT('',(-2.38258E+03,9.E+03,1.89998E+04));
#508 = CARTESIAN_POINT('',(-2.33852E+03,9.E+03,1.79997E+04));
#509 = CARTESIAN_POINT('',(-2.28571E+03,9.E+03,1.69997E+04));
#510 = CARTESIAN_POINT('',(-2.22664E+03,9.E+03,1.59953E+04));
#511 = CARTESIAN_POINT('',(-2.07025E+03,9.E+03,1.49917E+04));
#512 = CARTESIAN_POINT('',(-1.86881E+03,9.E+03,1.40928E+04));
#513 = CARTESIAN_POINT('',(-1.55764E+03,9.E+03,1.34316E+04));
#514 = CARTESIAN_POINT('',(-1.0612E+03,9.E+03,1.27014E+04));
#515 = CARTESIAN_POINT('',(-538.886,9.E+03,1.2278E+04));
#516 = CARTESIAN_POINT('',(-83.8584,9.E+03,1.19623E+04));
#517 = CARTESIAN_POINT('',(437.473,9.E+03,1.16401E+04));
#518 = CARTESIAN_POINT('',(1.12394E+03,9.E+03,1.13133E+04));
#519 = CARTESIAN_POINT('',(2.13875E+03,9.E+03,1.09179E+04));
#520 = CARTESIAN_POINT('',(2.77665E+03,9.E+03,1.06973E+04));
#521 = CARTESIAN_POINT('',(3.63388E+03,9.E+03,1.04287E+04));
#522 = CARTESIAN_POINT('',(4.36008E+03,9.E+03,1.0218E+04));
#523 = CARTESIAN_POINT('',(5.22517E+03,9.E+03,9.98635E+03));
#524 = CARTESIAN_POINT('',(6.22434E+03,9.E+03,9.73128E+03));
#525 = CARTESIAN_POINT('',(7.53058E+03,9.E+03,9.4166E+03));
#526 = CARTESIAN_POINT('',(8.66871E+03,9.E+03,9.16129E+03));
#527 = CARTESIAN_POINT('',(9.73595E+03,9.E+03,8.92857E+03));
#528 = CARTESIAN_POINT('',(1.08022E+04,9.E+03,8.69941E+03));
#529 = CARTESIAN_POINT('',(1.22993E+04,9.E+03,8.3842E+03));
#530 = CARTESIAN_POINT('',(1.34556E+04,9.E+03,8.14619E+03));
#531 = CARTESIAN_POINT('',(1.45225E+04,9.E+03,7.92702E+03));
#532 = CARTESIAN_POINT('',(1.55895E+04,9.E+03,7.7065E+03));
#533 = CARTESIAN_POINT('',(1.71009E+04,9.E+03,7.3893E+03));
#534 = CARTESIAN_POINT('',(1.82321E+04,9.E+03,7.14547E+03));
#535 = CARTESIAN_POINT('',(1.91986E+04,9.E+03,6.93341E+03));
#536 = CARTESIAN_POINT('',(1.9732E+04,9.E+03,6.81517E+03));
#537 = CARTESIAN_POINT('',(2.0734E+04,9.E+03,6.58786E+03));
#538 = CARTESIAN_POINT('',(2.17979E+04,9.E+03,6.34151E+03));
#539 = CARTESIAN_POINT('',(2.28636E+04,9.E+03,6.08204E+03));
#540 = CARTESIAN_POINT('',(2.35436E+04,9.E+03,5.91054E+03));
#541 = CARTESIAN_POINT('',(2.41815E+04,9.E+03,5.74686E+03));
#542 = CARTESIAN_POINT('',(2.52496E+04,9.E+03,5.46465E+03));
#543 = CARTESIAN_POINT('',(2.62365E+04,9.E+03,5.19076E+03));
#544 = CARTESIAN_POINT('',(2.73026E+04,9.E+03,4.88716E+03));
#545 = CARTESIAN_POINT('',(2.83692E+04,9.E+03,4.57753E+03));
#546 = CARTESIAN_POINT('',(2.95152E+04,9.E+03,4.24242E+03));
#547 = CARTESIAN_POINT('',(3.05618E+04,9.E+03,3.93665E+03));
#548 = CARTESIAN_POINT('',(3.10953E+04,9.E+03,3.78284E+03));
#549 = CARTESIAN_POINT('',(3.22778E+04,9.E+03,3.44451E+03));
#550 = CARTESIAN_POINT('',(3.31469E+04,9.E+03,3.20054E+03));
#551 = CARTESIAN_POINT('',(3.5095E+04,9.E+03,2.67986E+03));
#552 = CARTESIAN_POINT('',(3.64281E+04,9.E+03,2.34275E+03));
#553 = CARTESIAN_POINT('',(3.81825E+04,9.E+03,1.93309E+03));
#554 = CARTESIAN_POINT('',(3.90823E+04,9.E+03,1.73375E+03));
#555 = CARTESIAN_POINT('',(4.07774E+04,9.E+03,1.38106E+03));
#556 = CARTESIAN_POINT('',(4.22277E+04,9.E+03,1.12075E+03));
#557 = CARTESIAN_POINT('',(4.37613E+04,9.E+03,877.656));
#558 = CARTESIAN_POINT('',(4.49578E+04,9.E+03,701.133));
#559 = CARTESIAN_POINT('',(4.61584E+04,9.E+03,547.06));
#560 = CARTESIAN_POINT('',(4.76435E+04,9.E+03,381.239));
#561 = CARTESIAN_POINT('',(4.90635E+04,9.E+03,245.584));
#562 = CARTESIAN_POINT('',(5.14624E+04,9.E+03,73.2704));
#563 = CARTESIAN_POINT('',(5.34234E+04,9.E+03,8.234));
#564 = CARTESIAN_POINT('',(5.47982E+04,9.E+03,0.1));
#565 = CARTESIAN_POINT('',(5.59982E+04,9.E+03,0.1));
#566 = CARTESIAN_POINT('',(5.79241E+04,9.E+03,-4.00118E-02));
#567 = CARTESIAN_POINT('',(6.105E+04,9.E+03,1.39602E-02));
#568 = CARTESIAN_POINT('',(6.435E+04,9.E+03,-4.18257E-03));
#569 = CARTESIAN_POINT('',(6.795E+04,9.E+03,1.12077E-03));
#570 = CARTESIAN_POINT('',(7.155E+04,9.E+03,-3.00507E-04));
#571 = CARTESIAN_POINT('',(7.515E+04,9.E+03,8.12597E-05));
#572 = CARTESIAN_POINT('',(7.845E+04,9.E+03,-1.57153E-05));
#573 = CARTESIAN_POINT('',(8.175E+04,9.E+03,5.3662E-06));
#574 = CARTESIAN_POINT('',(8.385E+04,9.E+03,-0.));
#575 = CARTESIAN_POINT('',(9.435E+04,9.E+03,0.));
#576 = CARTESIAN_POINT('',(1.0485E+05,9.E+03,0.));
#577 = CARTESIAN_POINT('',(1.1655E+05,9.E+03,0.));
#578 = CARTESIAN_POINT('',(1.1985E+05,9.E+03,0.));
#579 = CARTESIAN_POINT('',(1.2315E+05,9.E+03,0.));
#580 = CARTESIAN_POINT('',(1.2645E+05,9.E+03,0.));
#581 = CARTESIAN_POINT('',(1.3005E+05,9.E+03,0.));
#582 = CARTESIAN_POINT('',(1.3365E+05,9.E+03,0.));
#583 = CARTESIAN_POINT('',(1.36878E+05,9.E+03,0.));
#584 = CARTESIAN_POINT('',(1.38906E+05,9.E+03,-0.));
#585 = CARTESIAN_POINT('',(1.40106E+05,9.E+03,0.));
#586 = CARTESIAN_POINT('',(1.41379E+05,9.E+03,11.4278));
#587 = CARTESIAN_POINT('',(1.43328E+05,9.E+03,84.0423));
#588 = CARTESIAN_POINT('',(1.45341E+05,9.E+03,224.314));
#589 = CARTESIAN_POINT('',(1.46845E+05,9.E+03,362.79));
#590 = CARTESIAN_POINT('',(1.48289E+05,9.E+03,521.014));
#591 = CARTESIAN_POINT('',(1.49402E+05,9.E+03,669.993));
#592 = CARTESIAN_POINT('',(1.50505E+05,9.E+03,843.882));
#593 = CARTESIAN_POINT('',(1.51731E+05,9.E+03,1.05801E+03));
#594 = CARTESIAN_POINT('',(1.53493E+05,9.E+03,1.42227E+03));
#595 = CARTESIAN_POINT('',(1.55342E+05,9.E+03,1.93078E+03));
#596 = CARTESIAN_POINT('',(1.56803E+05,9.E+03,2.45516E+03));
#597 = CARTESIAN_POINT('',(1.57917E+05,9.E+03,2.9649E+03));
#598 = CARTESIAN_POINT('',(1.58793E+05,9.E+03,3.45979E+03));
#599 = CARTESIAN_POINT('',(1.59571E+05,9.E+03,4.01265E+03));
#600 = CARTESIAN_POINT('',(1.60129E+05,9.E+03,4.53247E+03));
#601 = CARTESIAN_POINT('',(1.60699E+05,9.E+03,5.19222E+03));
#602 = CARTESIAN_POINT('',(1.61201E+05,9.E+03,5.94791E+03));
#603 = CARTESIAN_POINT('',(1.6155E+05,9.E+03,6.8176E+03));
#604 = CARTESIAN_POINT('',(1.61737E+05,9.E+03,7.49633E+03));
#605 = CARTESIAN_POINT('',(1.61878E+05,9.E+03,8.1628E+03));
#606 = CARTESIAN_POINT('',(1.62E+05,9.E+03,8.99892E+03));
#607 = CARTESIAN_POINT('',(1.62108E+05,9.E+03,9.83498E+03));
#608 = CARTESIAN_POINT('',(1.6222E+05,9.E+03,1.05018E+04));
#609 = CARTESIAN_POINT('',(1.62359E+05,9.E+03,1.11751E+04));
#610 = CARTESIAN_POINT('',(1.62562E+05,9.E+03,1.18437E+04));
#611 = CARTESIAN_POINT('',(1.62818E+05,9.E+03,1.25048E+04));
#612 = CARTESIAN_POINT('',(1.63114E+05,9.E+03,1.3177E+04));
#613 = CARTESIAN_POINT('',(1.63381E+05,9.E+03,1.36978E+04));
#614 = CARTESIAN_POINT('',(1.63749E+05,9.E+03,1.43637E+04));
#615 = CARTESIAN_POINT('',(1.63999E+05,9.E+03,1.47844E+04));
#616 = CARTESIAN_POINT('',(1.64403E+05,9.E+03,1.54238E+04));
#617 = CARTESIAN_POINT('',(1.64695E+05,9.E+03,1.58606E+04));
#618 = CARTESIAN_POINT('',(1.651E+05,9.E+03,1.64401E+04));
#619 = CARTESIAN_POINT('',(1.6541E+05,9.E+03,1.68649E+04));
#620 = CARTESIAN_POINT('',(1.65707E+05,9.E+03,1.72595E+04));
#621 = CARTESIAN_POINT('',(1.65962E+05,9.E+03,1.75932E+04));
#622 = CARTESIAN_POINT('',(1.66199E+05,9.E+03,1.78979E+04));
#623 = CARTESIAN_POINT('',(1.66472E+05,9.E+03,1.82439E+04));
#624 = CARTESIAN_POINT('',(1.6674E+05,9.E+03,1.85785E+04));
#625 = CARTESIAN_POINT('',(1.67008E+05,9.E+03,1.89042E+04));
#626 = CARTESIAN_POINT('',(1.6742E+05,9.E+03,1.93952E+04));
#627 = CARTESIAN_POINT('',(1.67734E+05,9.E+03,1.97533E+04));
#628 = CARTESIAN_POINT('',(1.68265E+05,9.E+03,2.03254E+04));
#629 = CARTESIAN_POINT('',(1.68598E+05,9.E+03,2.06592E+04));
#630 = CARTESIAN_POINT('',(1.69133E+05,9.E+03,2.1162E+04));
#631 = CARTESIAN_POINT('',(1.6957E+05,9.E+03,2.15416E+04));
#632 = CARTESIAN_POINT('',(1.70065E+05,9.E+03,2.19377E+04));
#633 = CARTESIAN_POINT('',(1.70599E+05,9.E+03,2.23362E+04));
#634 = CARTESIAN_POINT('',(1.71067E+05,9.E+03,2.26658E+04));
#635 = CARTESIAN_POINT('',(1.71601E+05,9.E+03,2.30379E+04));
#636 = CARTESIAN_POINT('',(1.72083E+05,9.E+03,2.33667E+04));
#637 = CARTESIAN_POINT('',(1.72461E+05,9.E+03,2.36181E+04));
#638 = CARTESIAN_POINT('',(1.72678E+05,9.E+03,2.376E+04));
#639 = CARTESIAN_POINT('',(-2.47579E+03,9.E+03,2.3E+04));
#640 = CARTESIAN_POINT('',(1.72678E+05,9.E+03,2.376E+04));
#641 = ( GEOMETRIC_REPRESENTATION_CONTEXT(3) 
GLOBAL_UNCERTAINTY_ASSIGNED_CONTEXT((#645)) GLOBAL_UNIT_ASSIGNED_CONTEXT
((#642,#643,#644)) REPRESENTATION_CONTEXT('Context #1',
  '3D Context with UNIT and UNCERTAINTY') );
#642 = ( LENGTH_UNIT() NAMED_UNIT(*) SI_UNIT(.MILLI.,.METRE.) );
#643 = ( NAMED_UNIT(*) PLANE_ANGLE_UNIT() SI_UNIT($,.RADIAN.) );
#644 = ( NAMED_UNIT(*) SI_UNIT($,.STERADIAN.) SOLID_ANGLE_UNIT() );
#645 = UNCERTAINTY_MEASURE_WITH_UNIT(LENGTH_MEASURE(1.E-07),#642,
  'distance_accuracy_value','confusion accuracy');
#646 = CONTEXT_DEPENDENT_SHAPE_REPRESENTATION(#647,#649);
#647 = ( REPRESENTATION_RELATIONSHIP('','',#498,#10) 
REPRESENTATION_RELATIONSHIP_WITH_TRANSFORMATION(#648) 
SHAPE_REPRESENTATION_RELATIONSHIP() );
#648 = ITEM_DEFINED_TRANSFORMATION('','',#11,#23);
#649 = PRODUCT_DEFINITION_SHAPE('Placement','Placement of an item',#650
  );
#650 = NEXT_ASSEMBLY_USAGE_OCCURRENCE('3','','',#5,#493,$);
#651 = PRODUCT_RELATED_PRODUCT_CATEGORY('part',$,(#495));
#652 = SHAPE_DEFINITION_REPRESENTATION(#653,#659);
#653 = PRODUCT_DEFINITION_SHAPE('','',#654);
#654 = PRODUCT_DEFINITION('design','',#655,#658);
#655 = PRODUCT_DEFINITION_FORMATION('','',#656);
#656 = PRODUCT('Open CASCADE STEP translator 7.7 1.4',
  'Open CASCADE STEP translator 7.7 1.4','',(#657));
#657 = PRODUCT_CONTEXT('',#2,'mechanical');
#658 = PRODUCT_DEFINITION_CONTEXT('part definition',#2,'design');
#659 = GEOMETRICALLY_BOUNDED_WIREFRAME_SHAPE_REPRESENTATION('',(#11,#660
    ),#717);
#660 = GEOMETRIC_CURVE_SET('',(#661));
#661 = TRIMMED_CURVE('',#662,(#715,PARAMETER_VALUE(0.)),(#716,
    PARAMETER_VALUE(4.77874E+04)),.T.,.PARAMETER.);
#662 = B_SPLINE_CURVE_WITH_KNOTS('',3,(#663,#664,#665,#666,#667,#668,
    #669,#670,#671,#672,#673,#674,#675,#676,#677,#678,#679,#680,#681,
    #682,#683,#684,#685,#686,#687,#688,#689,#690,#691,#692,#693,#694,
    #695,#696,#697,#698,#699,#700,#701,#702,#703,#704,#705,#706,#707,
    #708,#709,#710,#711,#712,#713,#714),.UNSPECIFIED.,.F.,.F.,(4,2,1,1,1
    ,1,1,1,1,1,1,1,1,1,1,1,1,1,1,1,1,1,1,1,1,1,1,1,1,1,1,1,1,1,1,1,1,1,1
    ,1,1,1,1,1,1,2,1,4),(0.,488.129,505.936,1.25669E+03,2.01562E+03,
    2.73705E+03,2.80822E+03,3.47721E+03,4.03351E+03,4.50963E+03,
    4.95127E+03,6.16683E+03,7.73159E+03,9.31978E+03,9.43909E+03,
    1.12735E+04,1.16712E+04,1.34126E+04,1.44391E+04,1.50063E+04,
    1.65659E+04,1.81265E+04,1.96735E+04,1.97014E+04,2.13064E+04,
    2.2986E+04,2.33128E+04,2.4773E+04,2.58582E+04,2.68081E+04,
    2.78553E+04,2.87444E+04,2.95216E+04,2.95984E+04,3.12109E+04,
    3.27519E+04,3.42705E+04,3.57809E+04,3.71908E+04,3.72851E+04,
    3.87866E+04,4.02872E+04,4.17874E+04,4.32874E+04,4.47874E+04,
    4.49984E+04,4.62874E+04,4.77874E+04),.UNSPECIFIED.);
#663 = CARTESIAN_POINT('',(2.03E+04,0.,0.));
#664 = CARTESIAN_POINT('',(2.03E+04,216.946,0.));
#665 = CARTESIAN_POINT('',(2.03E+04,379.656,0.));
#666 = CARTESIAN_POINT('',(2.03E+04,492.086,0.));
#667 = CARTESIAN_POINT('',(2.03E+04,662.875,0.180513));
#668 = CARTESIAN_POINT('',(2.03E+04,1.00252E+03,13.9992));
#669 = CARTESIAN_POINT('',(2.03E+04,1.49444E+03,84.6571));
#670 = CARTESIAN_POINT('',(2.03E+04,1.82572E+03,189.425));
#671 = CARTESIAN_POINT('',(2.03E+04,2.12073E+03,325.214));
#672 = CARTESIAN_POINT('',(2.03E+04,2.37044E+03,473.897));
#673 = CARTESIAN_POINT('',(2.03E+04,2.65093E+03,730.407));
#674 = CARTESIAN_POINT('',(2.03E+04,2.8536E+03,989.546));
#675 = CARTESIAN_POINT('',(2.03E+04,3.08802E+03,1.40253E+03));
#676 = CARTESIAN_POINT('',(2.03E+04,3.36053E+03,2.06838E+03));
#677 = CARTESIAN_POINT('',(2.03E+04,3.61584E+03,3.00228E+03));
#678 = CARTESIAN_POINT('',(2.03E+04,3.80559E+03,3.71331E+03));
#679 = CARTESIAN_POINT('',(2.03E+04,4.18185E+03,4.40505E+03));
#680 = CARTESIAN_POINT('',(2.03E+04,4.54524E+03,4.80102E+03));
#681 = CARTESIAN_POINT('',(2.03E+04,5.22989E+03,5.3569E+03));
#682 = CARTESIAN_POINT('',(2.03E+04,5.84523E+03,5.716E+03));
#683 = CARTESIAN_POINT('',(2.03E+04,6.54162E+03,5.97123E+03));
#684 = CARTESIAN_POINT('',(2.03E+04,7.20994E+03,6.18213E+03));
#685 = CARTESIAN_POINT('',(2.03E+04,8.00082E+03,6.39722E+03));
#686 = CARTESIAN_POINT('',(2.03E+04,8.99826E+03,6.68124E+03));
#687 = CARTESIAN_POINT('',(2.03E+04,9.66373E+03,6.88877E+03));
#688 = CARTESIAN_POINT('',(2.03E+04,1.03309E+04,7.12157E+03));
#689 = CARTESIAN_POINT('',(2.03E+04,1.10243E+04,7.37198E+03));
#690 = CARTESIAN_POINT('',(2.03E+04,1.17403E+04,7.73941E+03));
#691 = CARTESIAN_POINT('',(2.03E+04,1.24066E+04,8.1257E+03));
#692 = CARTESIAN_POINT('',(2.03E+04,1.29427E+04,8.47494E+03));
#693 = CARTESIAN_POINT('',(2.03E+04,1.35421E+04,8.97117E+03));
#694 = CARTESIAN_POINT('',(2.03E+04,1.40234E+04,9.46002E+03));
#695 = CARTESIAN_POINT('',(2.03E+04,1.44219E+04,9.96462E+03));
#696 = CARTESIAN_POINT('',(2.03E+04,1.47425E+04,1.04761E+04));
#697 = CARTESIAN_POINT('',(2.03E+04,1.49303E+04,1.08151E+04));
#698 = CARTESIAN_POINT('',(2.03E+04,1.5176E+04,1.1305E+04));
#699 = CARTESIAN_POINT('',(2.03E+04,1.54394E+04,1.19775E+04));
#700 = CARTESIAN_POINT('',(2.03E+04,1.56631E+04,1.29934E+04));
#701 = CARTESIAN_POINT('',(2.03E+04,1.5816E+04,1.39974E+04));
#702 = CARTESIAN_POINT('',(2.03E+04,1.59337E+04,1.49771E+04));
#703 = CARTESIAN_POINT('',(2.03E+04,1.5983E+04,1.56454E+04));
#704 = CARTESIAN_POINT('',(2.03E+04,1.60218E+04,1.63122E+04));
#705 = CARTESIAN_POINT('',(2.03E+04,1.605E+04,1.69998E+04));
#706 = CARTESIAN_POINT('',(2.03E+04,1.60794E+04,1.79998E+04));
#707 = CARTESIAN_POINT('',(2.03E+04,1.60942E+04,1.9E+04));
#708 = CARTESIAN_POINT('',(2.03E+04,1.60991E+04,2.E+04));
#709 = CARTESIAN_POINT('',(2.03E+04,1.61E+04,2.07136E+04));
#710 = CARTESIAN_POINT('',(2.03E+04,1.61E+04,2.10938E+04));
#711 = CARTESIAN_POINT('',(2.03E+04,1.61E+04,2.14271E+04));
#712 = CARTESIAN_POINT('',(2.03E+04,1.61E+04,2.20469E+04));
#713 = CARTESIAN_POINT('',(2.03E+04,1.61E+04,2.26667E+04));
#714 = CARTESIAN_POINT('',(2.03E+04,1.61E+04,2.3E+04));
#715 = CARTESIAN_POINT('',(2.03E+04,0.,0.));
#716 = CARTESIAN_POINT('',(2.03E+04,1.61E+04,2.3E+04));
#717 = ( GEOMETRIC_REPRESENTATION_CONTEXT(3) 
GLOBAL_UNCERTAINTY_ASSIGNED_CONTEXT((#721)) GLOBAL_UNIT_ASSIGNED_CONTEXT
((#718,#719,#720)) REPRESENTATION_CONTEXT('Context #1',
  '3D Context with UNIT and UNCERTAINTY') );
#718 = ( LENGTH_UNIT() NAMED_UNIT(*) SI_UNIT(.MILLI.,.METRE.) );
#719 = ( NAMED_UNIT(*) PLANE_ANGLE_UNIT() SI_UNIT($,.RADIAN.) );
#720 = ( NAMED_UNIT(*) SI_UNIT($,.STERADIAN.) SOLID_ANGLE_UNIT() );
#721 = UNCERTAINTY_MEASURE_WITH_UNIT(LENGTH_MEASURE(1.E-07),#718,
  'distance_accuracy_value','confusion accuracy');
#722 = CONTEXT_DEPENDENT_SHAPE_REPRESENTATION(#723,#725);
#723 = ( REPRESENTATION_RELATIONSHIP('','',#659,#10) 
REPRESENTATION_RELATIONSHIP_WITH_TRANSFORMATION(#724) 
SHAPE_REPRESENTATION_RELATIONSHIP() );
#724 = ITEM_DEFINED_TRANSFORMATION('','',#11,#27);
#725 = PRODUCT_DEFINITION_SHAPE('Placement','Placement of an item',#726
  );
#726 = NEXT_ASSEMBLY_USAGE_OCCURRENCE('4','','',#5,#654,$);
#727 = PRODUCT_RELATED_PRODUCT_CATEGORY('part',$,(#656));
#728 = SHAPE_DEFINITION_REPRESENTATION(#729,#735);
#729 = PRODUCT_DEFINITION_SHAPE('','',#730);
#730 = PRODUCT_DEFINITION('design','',#731,#734);
#731 = PRODUCT_DEFINITION_FORMATION('','',#732);
#732 = PRODUCT('Open CASCADE STEP translator 7.7 1.5',
  'Open CASCADE STEP translator 7.7 1.5','',(#733));
#733 = PRODUCT_CONTEXT('',#2,'mechanical');
#734 = PRODUCT_DEFINITION_CONTEXT('part definition',#2,'design');
#735 = GEOMETRICALLY_BOUNDED_WIREFRAME_SHAPE_REPRESENTATION('',(#11,#736
    ),#793);
#736 = GEOMETRIC_CURVE_SET('',(#737));
#737 = TRIMMED_CURVE('',#738,(#791,PARAMETER_VALUE(0.)),(#792,
    PARAMETER_VALUE(3.20175E+04)),.T.,.PARAMETER.);
#738 = B_SPLINE_CURVE_WITH_KNOTS('',3,(#739,#740,#741,#742,#743,#744,
    #745,#746,#747,#748,#749,#750,#751,#752,#753,#754,#755,#756,#757,
    #758,#759,#760,#761,#762,#763,#764,#765,#766,#767,#768,#769,#770,
    #771,#772,#773,#774,#775,#776,#777,#778,#779,#780,#781,#782,#783,
    #784,#785,#786,#787,#788,#789,#790),.UNSPECIFIED.,.F.,.F.,(4,1,2,1,1
    ,1,1,1,1,1,1,1,1,1,1,1,1,1,1,1,1,1,1,1,1,1,1,1,1,1,1,1,1,1,1,1,1,1,1
    ,1,1,2,1,1,1,1,1,4),(0.,500.,634.966,1.0001E+03,1.50219E+03,
    2.01522E+03,2.23927E+03,2.73398E+03,3.10802E+03,3.23898E+03,
    3.4276E+03,4.56287E+03,5.54996E+03,5.63262E+03,6.77477E+03,
    7.39338E+03,8.26525E+03,8.641E+03,9.74089E+03,1.07963E+04,
    1.08134E+04,1.18461E+04,1.29009E+04,1.3868E+04,1.3975E+04,
    1.50909E+04,1.59675E+04,1.62809E+04,1.75197E+04,1.7623E+04,
    1.87842E+04,1.9361E+04,1.93814E+04,1.99191E+04,2.09817E+04,
    2.20028E+04,2.3012E+04,2.35888E+04,2.40164E+04,2.50173E+04,
    2.60175E+04,2.66065E+04,2.70175E+04,2.80175E+04,2.90175E+04,
    3.00175E+04,3.10175E+04,3.20175E+04),.UNSPECIFIED.);
#739 = CARTESIAN_POINT('',(2.19E+04,0.,0.));
#740 = CARTESIAN_POINT('',(2.19E+04,166.667,0.));
#741 = CARTESIAN_POINT('',(2.19E+04,378.322,0.));
#742 = CARTESIAN_POINT('',(2.19E+04,589.977,-0.));
#743 = CARTESIAN_POINT('',(2.19E+04,756.679,0.));
#744 = CARTESIAN_POINT('',(2.19E+04,1.04577E+03,6.98082));
#745 = CARTESIAN_POINT('',(2.19E+04,1.50481E+03,43.854));
#746 = CARTESIAN_POINT('',(2.19E+04,1.91109E+03,131.439));
#747 = CARTESIAN_POINT('',(2.19E+04,2.29482E+03,278.916));
#748 = CARTESIAN_POINT('',(2.19E+04,2.61238E+03,464.355));
#749 = CARTESIAN_POINT('',(2.19E+04,2.86203E+03,687.824));
#750 = CARTESIAN_POINT('',(2.19E+04,3.01376E+03,862.495));
#751 = CARTESIAN_POINT('',(2.19E+04,3.30089E+03,1.2538E+03));
#752 = CARTESIAN_POINT('',(2.19E+04,3.65688E+03,1.9454E+03));
#753 = CARTESIAN_POINT('',(2.19E+04,3.88985E+03,2.64253E+03));
#754 = CARTESIAN_POINT('',(2.19E+04,4.15898E+03,3.32874E+03));
#755 = CARTESIAN_POINT('',(2.19E+04,4.44609E+03,3.88481E+03));
#756 = CARTESIAN_POINT('',(2.19E+04,5.04959E+03,4.52709E+03));
#757 = CARTESIAN_POINT('',(2.19E+04,5.53894E+03,4.91548E+03));
#758 = CARTESIAN_POINT('',(2.19E+04,6.2022E+03,5.33188E+03));
#759 = CARTESIAN_POINT('',(2.19E+04,6.9808E+03,5.66941E+03));
#760 = CARTESIAN_POINT('',(2.19E+04,7.67045E+03,5.88896E+03));
#761 = CARTESIAN_POINT('',(2.19E+04,8.3386E+03,6.10351E+03));
#762 = CARTESIAN_POINT('',(2.19E+04,9.00738E+03,6.31515E+03));
#763 = CARTESIAN_POINT('',(2.19E+04,9.97565E+03,6.63083E+03));
#764 = CARTESIAN_POINT('',(2.19E+04,1.06372E+04,6.88871E+03));
#765 = CARTESIAN_POINT('',(2.19E+04,1.131E+04,7.17186E+03));
#766 = CARTESIAN_POINT('',(2.19E+04,1.19383E+04,7.4841E+03));
#767 = CARTESIAN_POINT('',(2.19E+04,1.25919E+04,7.89042E+03));
#768 = CARTESIAN_POINT('',(2.19E+04,1.32532E+04,8.35722E+03));
#769 = CARTESIAN_POINT('',(2.19E+04,1.36719E+04,8.72285E+03));
#770 = CARTESIAN_POINT('',(2.19E+04,1.42405E+04,9.33346E+03));
#771 = CARTESIAN_POINT('',(2.19E+04,1.46144E+04,9.82595E+03));
#772 = CARTESIAN_POINT('',(2.19E+04,1.49028E+04,1.03365E+04));
#773 = CARTESIAN_POINT('',(2.19E+04,1.50815E+04,1.06699E+04));
#774 = CARTESIAN_POINT('',(2.19E+04,1.53227E+04,1.11536E+04));
#775 = CARTESIAN_POINT('',(2.19E+04,1.56209E+04,1.19799E+04));
#776 = CARTESIAN_POINT('',(2.19E+04,1.58124E+04,1.2995E+04));
#777 = CARTESIAN_POINT('',(2.19E+04,1.59267E+04,1.38564E+04));
#778 = CARTESIAN_POINT('',(2.19E+04,1.59982E+04,1.45239E+04));
#779 = CARTESIAN_POINT('',(2.19E+04,1.60482E+04,1.51905E+04));
#780 = CARTESIAN_POINT('',(2.19E+04,1.60802E+04,1.59997E+04));
#781 = CARTESIAN_POINT('',(2.19E+04,1.60971E+04,1.68629E+04));
#782 = CARTESIAN_POINT('',(2.19E+04,1.61E+04,1.73926E+04));
#783 = CARTESIAN_POINT('',(2.19E+04,1.61E+04,1.7726E+04));
#784 = CARTESIAN_POINT('',(2.19E+04,1.61E+04,1.81963E+04));
#785 = CARTESIAN_POINT('',(2.19E+04,1.61E+04,1.9E+04));
#786 = CARTESIAN_POINT('',(2.19E+04,1.61E+04,2.E+04));
#787 = CARTESIAN_POINT('',(2.19E+04,1.61E+04,2.1E+04));
#788 = CARTESIAN_POINT('',(2.19E+04,1.61E+04,2.2E+04));
#789 = CARTESIAN_POINT('',(2.19E+04,1.61E+04,2.26667E+04));
#790 = CARTESIAN_POINT('',(2.19E+04,1.61E+04,2.3E+04));
#791 = CARTESIAN_POINT('',(2.19E+04,0.,0.));
#792 = CARTESIAN_POINT('',(2.19E+04,1.61E+04,2.3E+04));
#793 = ( GEOMETRIC_REPRESENTATION_CONTEXT(3) 
GLOBAL_UNCERTAINTY_ASSIGNED_CONTEXT((#797)) GLOBAL_UNIT_ASSIGNED_CONTEXT
((#794,#795,#796)) REPRESENTATION_CONTEXT('Context #1',
  '3D Context with UNIT and UNCERTAINTY') );
#794 = ( LENGTH_UNIT() NAMED_UNIT(*) SI_UNIT(.MILLI.,.METRE.) );
#795 = ( NAMED_UNIT(*) PLANE_ANGLE_UNIT() SI_UNIT($,.RADIAN.) );
#796 = ( NAMED_UNIT(*) SI_UNIT($,.STERADIAN.) SOLID_ANGLE_UNIT() );
#797 = UNCERTAINTY_MEASURE_WITH_UNIT(LENGTH_MEASURE(1.E-07),#794,
  'distance_accuracy_value','confusion accuracy');
#798 = CONTEXT_DEPENDENT_SHAPE_REPRESENTATION(#799,#801);
#799 = ( REPRESENTATION_RELATIONSHIP('','',#735,#10) 
REPRESENTATION_RELATIONSHIP_WITH_TRANSFORMATION(#800) 
SHAPE_REPRESENTATION_RELATIONSHIP() );
#800 = ITEM_DEFINED_TRANSFORMATION('','',#11,#31);
#801 = PRODUCT_DEFINITION_SHAPE('Placement','Placement of an item',#802
  );
#802 = NEXT_ASSEMBLY_USAGE_OCCURRENCE('5','','',#5,#730,$);
#803 = PRODUCT_RELATED_PRODUCT_CATEGORY('part',$,(#732));
#804 = SHAPE_DEFINITION_REPRESENTATION(#805,#811);
#805 = PRODUCT_DEFINITION_SHAPE('','',#806);
#806 = PRODUCT_DEFINITION('design','',#807,#810);
#807 = PRODUCT_DEFINITION_FORMATION('','',#808);
#808 = PRODUCT('Open CASCADE STEP translator 7.7 1.6',
  'Open CASCADE STEP translator 7.7 1.6','',(#809));
#809 = PRODUCT_CONTEXT('',#2,'mechanical');
#810 = PRODUCT_DEFINITION_CONTEXT('part definition',#2,'design');
#811 = GEOMETRICALLY_BOUNDED_WIREFRAME_SHAPE_REPRESENTATION('',(#11,#812
    ),#869);
#812 = GEOMETRIC_CURVE_SET('',(#813));
#813 = TRIMMED_CURVE('',#814,(#867,PARAMETER_VALUE(0.)),(#868,
    PARAMETER_VALUE(3.20487E+04)),.T.,.PARAMETER.);
#814 = B_SPLINE_CURVE_WITH_KNOTS('',3,(#815,#816,#817,#818,#819,#820,
    #821,#822,#823,#824,#825,#826,#827,#828,#829,#830,#831,#832,#833,
    #834,#835,#836,#837,#838,#839,#840,#841,#842,#843,#844,#845,#846,
    #847,#848,#849,#850,#851,#852,#853,#854,#855,#856,#857,#858,#859,
    #860,#861,#862,#863,#864,#865,#866),.UNSPECIFIED.,.F.,.F.,(4,1,2,1,1
    ,1,1,1,1,1,1,1,1,1,1,1,1,1,1,1,1,1,1,1,1,1,1,1,1,1,1,1,1,1,1,1,1,1,1
    ,1,2,1,1,1,1,1,1,4),(0.,500.,820.817,1.00001E+03,1.50062E+03,
    2.00584E+03,2.49248E+03,2.98751E+03,3.12943E+03,3.36055E+03,
    3.68868E+03,4.86371E+03,4.87305E+03,5.98082E+03,6.8557E+03,
    7.25115E+03,8.18595E+03,8.9919E+03,9.33574E+03,1.04145E+04,
    1.14785E+04,1.17136E+04,1.25413E+04,1.36215E+04,1.43547E+04,
    1.47352E+04,1.59246E+04,1.62159E+04,1.72592E+04,1.76524E+04,
    1.88658E+04,1.89731E+04,1.94298E+04,1.99771E+04,2.10257E+04,
    2.20412E+04,2.26936E+04,2.30472E+04,2.40485E+04,2.50487E+04,
    2.50773E+04,2.60487E+04,2.70487E+04,2.80487E+04,2.90487E+04,
    3.00487E+04,3.10487E+04,3.20487E+04),.UNSPECIFIED.);
#815 = CARTESIAN_POINT('',(2.35E+04,0.,0.));
#816 = CARTESIAN_POINT('',(2.35E+04,166.667,0.));
#817 = CARTESIAN_POINT('',(2.35E+04,440.272,0.));
#818 = CARTESIAN_POINT('',(2.35E+04,713.878,-0.));
#819 = CARTESIAN_POINT('',(2.35E+04,880.547,0.));
#820 = CARTESIAN_POINT('',(2.35E+04,1.10716E+03,2.22991));
#821 = CARTESIAN_POINT('',(2.35E+04,1.50187E+03,19.7006));
#822 = CARTESIAN_POINT('',(2.35E+04,1.99699E+03,82.6119));
#823 = CARTESIAN_POINT('',(2.35E+04,2.47203E+03,234.879));
#824 = CARTESIAN_POINT('',(2.35E+04,2.79952E+03,424.372));
#825 = CARTESIAN_POINT('',(2.35E+04,3.02413E+03,607.042));
#826 = CARTESIAN_POINT('',(2.35E+04,3.19191E+03,770.398));
#827 = CARTESIAN_POINT('',(2.35E+04,3.56323E+03,1.21442E+03));
#828 = CARTESIAN_POINT('',(2.35E+04,3.82206E+03,1.65246E+03));
#829 = CARTESIAN_POINT('',(2.35E+04,4.16374E+03,2.33584E+03));
#830 = CARTESIAN_POINT('',(2.35E+04,4.42439E+03,2.94877E+03));
#831 = CARTESIAN_POINT('',(2.35E+04,4.88498E+03,3.60203E+03));
#832 = CARTESIAN_POINT('',(2.35E+04,5.39318E+03,4.13389E+03));
#833 = CARTESIAN_POINT('',(2.35E+04,5.95342E+03,4.58004E+03));
#834 = CARTESIAN_POINT('',(2.35E+04,6.55324E+03,4.93323E+03));
#835 = CARTESIAN_POINT('',(2.35E+04,7.21807E+03,5.26534E+03));
#836 = CARTESIAN_POINT('',(2.35E+04,7.99503E+03,5.55829E+03));
#837 = CARTESIAN_POINT('',(2.35E+04,8.73954E+03,5.8291E+03));
#838 = CARTESIAN_POINT('',(2.35E+04,9.4077E+03,6.06605E+03));
#839 = CARTESIAN_POINT('',(2.35E+04,1.00816E+04,6.30329E+03));
#840 = CARTESIAN_POINT('',(2.35E+04,1.08962E+04,6.63805E+03));
#841 = CARTESIAN_POINT('',(2.35E+04,1.15618E+04,6.94218E+03));
#842 = CARTESIAN_POINT('',(2.35E+04,1.2239E+04,7.30402E+03));
#843 = CARTESIAN_POINT('',(2.35E+04,1.2763E+04,7.64014E+03));
#844 = CARTESIAN_POINT('',(2.35E+04,1.34317E+04,8.15058E+03));
#845 = CARTESIAN_POINT('',(2.35E+04,1.38591E+04,8.54071E+03));
#846 = CARTESIAN_POINT('',(2.35E+04,1.44449E+04,9.20198E+03));
#847 = CARTESIAN_POINT('',(2.35E+04,1.47687E+04,9.67777E+03));
#848 = CARTESIAN_POINT('',(2.35E+04,1.50568E+04,1.01954E+04));
#849 = CARTESIAN_POINT('',(2.35E+04,1.52255E+04,1.05254E+04));
#850 = CARTESIAN_POINT('',(2.35E+04,1.55068E+04,1.11495E+04));
#851 = CARTESIAN_POINT('',(2.35E+04,1.57683E+04,1.19841E+04));
#852 = CARTESIAN_POINT('',(2.35E+04,1.59128E+04,1.28795E+04));
#853 = CARTESIAN_POINT('',(2.35E+04,1.59917E+04,1.35486E+04));
#854 = CARTESIAN_POINT('',(2.35E+04,1.60539E+04,1.42149E+04));
#855 = CARTESIAN_POINT('',(2.35E+04,1.60902E+04,1.49995E+04));
#856 = CARTESIAN_POINT('',(2.35E+04,1.60999E+04,1.56762E+04));
#857 = CARTESIAN_POINT('',(2.35E+04,1.61E+04,1.60191E+04));
#858 = CARTESIAN_POINT('',(2.35E+04,1.61E+04,1.63524E+04));
#859 = CARTESIAN_POINT('',(2.35E+04,1.61E+04,1.70095E+04));
#860 = CARTESIAN_POINT('',(2.35E+04,1.61E+04,1.8E+04));
#861 = CARTESIAN_POINT('',(2.35E+04,1.61E+04,1.9E+04));
#862 = CARTESIAN_POINT('',(2.35E+04,1.61E+04,2.E+04));
#863 = CARTESIAN_POINT('',(2.35E+04,1.61E+04,2.1E+04));
#864 = CARTESIAN_POINT('',(2.35E+04,1.61E+04,2.2E+04));
#865 = CARTESIAN_POINT('',(2.35E+04,1.61E+04,2.26667E+04));
#866 = CARTESIAN_POINT('',(2.35E+04,1.61E+04,2.3E+04));
#867 = CARTESIAN_POINT('',(2.35E+04,0.,0.));
#868 = CARTESIAN_POINT('',(2.35E+04,1.61E+04,2.3E+04));
#869 = ( GEOMETRIC_REPRESENTATION_CONTEXT(3) 
GLOBAL_UNCERTAINTY_ASSIGNED_CONTEXT((#873)) GLOBAL_UNIT_ASSIGNED_CONTEXT
((#870,#871,#872)) REPRESENTATION_CONTEXT('Context #1',
  '3D Context with UNIT and UNCERTAINTY') );
#870 = ( LENGTH_UNIT() NAMED_UNIT(*) SI_UNIT(.MILLI.,.METRE.) );
#871 = ( NAMED_UNIT(*) PLANE_ANGLE_UNIT() SI_UNIT($,.RADIAN.) );
#872 = ( NAMED_UNIT(*) SI_UNIT($,.STERADIAN.) SOLID_ANGLE_UNIT() );
#873 = UNCERTAINTY_MEASURE_WITH_UNIT(LENGTH_MEASURE(1.E-07),#870,
  'distance_accuracy_value','confusion accuracy');
#874 = CONTEXT_DEPENDENT_SHAPE_REPRESENTATION(#875,#877);
#875 = ( REPRESENTATION_RELATIONSHIP('','',#811,#10) 
REPRESENTATION_RELATIONSHIP_WITH_TRANSFORMATION(#876) 
SHAPE_REPRESENTATION_RELATIONSHIP() );
#876 = ITEM_DEFINED_TRANSFORMATION('','',#11,#35);
#877 = PRODUCT_DEFINITION_SHAPE('Placement','Placement of an item',#878
  );
#878 = NEXT_ASSEMBLY_USAGE_OCCURRENCE('6','','',#5,#806,$);
#879 = PRODUCT_RELATED_PRODUCT_CATEGORY('part',$,(#808));
#880 = SHAPE_DEFINITION_REPRESENTATION(#881,#887);
#881 = PRODUCT_DEFINITION_SHAPE('','',#882);
#882 = PRODUCT_DEFINITION('design','',#883,#886);
#883 = PRODUCT_DEFINITION_FORMATION('','',#884);
#884 = PRODUCT('Open CASCADE STEP translator 7.7 1.7',
  'Open CASCADE STEP translator 7.7 1.7','',(#885));
#885 = PRODUCT_CONTEXT('',#2,'mechanical');
#886 = PRODUCT_DEFINITION_CONTEXT('part definition',#2,'design');
#887 = GEOMETRICALLY_BOUNDED_WIREFRAME_SHAPE_REPRESENTATION('',(#11,#888
    ),#945);
#888 = GEOMETRIC_CURVE_SET('',(#889));
#889 = TRIMMED_CURVE('',#890,(#943,PARAMETER_VALUE(0.)),(#944,
    PARAMETER_VALUE(3.21118E+04)),.T.,.PARAMETER.);
#890 = B_SPLINE_CURVE_WITH_KNOTS('',3,(#891,#892,#893,#894,#895,#896,
    #897,#898,#899,#900,#901,#902,#903,#904,#905,#906,#907,#908,#909,
    #910,#911,#912,#913,#914,#915,#916,#917,#918,#919,#920,#921,#922,
    #923,#924,#925,#926,#927,#928,#929,#930,#931,#932,#933,#934,#935,
    #936,#937,#938,#939,#940,#941,#942),.UNSPECIFIED.,.F.,.F.,(4,1,1,2,1
    ,1,1,1,1,1,1,1,1,1,1,1,1,1,1,1,1,1,1,1,1,1,1,1,1,1,1,1,1,1,1,1,1,1,2
    ,1,1,1,1,1,1,1,1,4),(0.,500.,1.E+03,1.05385E+03,1.50009E+03,
    2.00186E+03,2.74244E+03,3.06865E+03,3.23317E+03,3.61255E+03,
    3.95345E+03,4.52147E+03,5.17766E+03,6.34708E+03,6.37726E+03,
    7.7577E+03,7.80579E+03,8.94464E+03,9.82368E+03,1.00553E+04,
    1.11358E+04,1.22104E+04,1.24884E+04,1.32969E+04,1.44133E+04,
    1.47788E+04,1.56011E+04,1.64545E+04,1.69343E+04,1.78E+04,1.86127E+04
    ,1.89755E+04,1.95269E+04,2.00626E+04,2.10984E+04,2.19863E+04,
    2.21092E+04,2.31117E+04,2.40217E+04,2.41118E+04,2.51118E+04,
    2.61118E+04,2.71118E+04,2.81118E+04,2.91118E+04,3.01118E+04,
    3.11118E+04,3.21118E+04),.UNSPECIFIED.);
#891 = CARTESIAN_POINT('',(2.51E+04,0.,0.));
#892 = CARTESIAN_POINT('',(2.51E+04,166.667,0.));
#893 = CARTESIAN_POINT('',(2.51E+04,500.,0.));
#894 = CARTESIAN_POINT('',(2.51E+04,851.283,0.));
#895 = CARTESIAN_POINT('',(2.51E+04,1.0359E+03,-0.));
#896 = CARTESIAN_POINT('',(2.51E+04,1.2026E+03,0.));
#897 = CARTESIAN_POINT('',(2.51E+04,1.51868E+03,5.83708));
#898 = CARTESIAN_POINT('',(2.51E+04,2.08036E+03,44.0153));
#899 = CARTESIAN_POINT('',(2.51E+04,2.59494E+03,176.202));
#900 = CARTESIAN_POINT('',(2.51E+04,2.95695E+03,373.083));
#901 = CARTESIAN_POINT('',(2.51E+04,3.19476E+03,539.513));
#902 = CARTESIAN_POINT('',(2.51E+04,3.41534E+03,736.917));
#903 = CARTESIAN_POINT('',(2.51E+04,3.70597E+03,1.05336E+03));
#904 = CARTESIAN_POINT('',(2.51E+04,4.02513E+03,1.46751E+03));
#905 = CARTESIAN_POINT('',(2.51E+04,4.4483E+03,2.14384E+03));
#906 = CARTESIAN_POINT('',(2.51E+04,4.76564E+03,2.67745E+03));
#907 = CARTESIAN_POINT('',(2.51E+04,5.29634E+03,3.35418E+03));
#908 = CARTESIAN_POINT('',(2.51E+04,5.64685E+03,3.70158E+03));
#909 = CARTESIAN_POINT('',(2.51E+04,6.32727E+03,4.22053E+03));
#910 = CARTESIAN_POINT('',(2.51E+04,6.91735E+03,4.58161E+03));
#911 = CARTESIAN_POINT('',(2.51E+04,7.58939E+03,4.91485E+03));
#912 = CARTESIAN_POINT('',(2.51E+04,8.25951E+03,5.20554E+03));
#913 = CARTESIAN_POINT('',(2.51E+04,8.99698E+03,5.50431E+03));
#914 = CARTESIAN_POINT('',(2.51E+04,9.75404E+03,5.79528E+03));
#915 = CARTESIAN_POINT('',(2.51E+04,1.04216E+04,6.06602E+03));
#916 = CARTESIAN_POINT('',(2.51E+04,1.10962E+04,6.35593E+03));
#917 = CARTESIAN_POINT('',(2.51E+04,1.17847E+04,6.68843E+03));
#918 = CARTESIAN_POINT('',(2.51E+04,1.24488E+04,7.0747E+03));
#919 = CARTESIAN_POINT('',(2.51E+04,1.30171E+04,7.45065E+03));
#920 = CARTESIAN_POINT('',(2.51E+04,1.35723E+04,7.9092E+03));
#921 = CARTESIAN_POINT('',(2.51E+04,1.40959E+04,8.42261E+03));
#922 = CARTESIAN_POINT('',(2.51E+04,1.45588E+04,8.97598E+03));
#923 = CARTESIAN_POINT('',(2.51E+04,1.49316E+04,9.54709E+03));
#924 = CARTESIAN_POINT('',(2.51E+04,1.52046E+04,1.00541E+04));
#925 = CARTESIAN_POINT('',(2.51E+04,1.54081E+04,1.04929E+04));
#926 = CARTESIAN_POINT('',(2.51E+04,1.56635E+04,1.11533E+04));
#927 = CARTESIAN_POINT('',(2.51E+04,1.58763E+04,1.19482E+04));
#928 = CARTESIAN_POINT('',(2.51E+04,1.59724E+04,1.26244E+04));
#929 = CARTESIAN_POINT('',(2.51E+04,1.60455E+04,1.32914E+04));
#930 = CARTESIAN_POINT('',(2.51E+04,1.60912E+04,1.3969E+04));
#931 = CARTESIAN_POINT('',(2.51E+04,1.61E+04,1.46066E+04));
#932 = CARTESIAN_POINT('',(2.51E+04,1.61E+04,1.49399E+04));
#933 = CARTESIAN_POINT('',(2.51E+04,1.61E+04,1.53033E+04));
#934 = CARTESIAN_POINT('',(2.51E+04,1.61E+04,1.6E+04));
#935 = CARTESIAN_POINT('',(2.51E+04,1.61E+04,1.7E+04));
#936 = CARTESIAN_POINT('',(2.51E+04,1.61E+04,1.8E+04));
#937 = CARTESIAN_POINT('',(2.51E+04,1.61E+04,1.9E+04));
#938 = CARTESIAN_POINT('',(2.51E+04,1.61E+04,2.E+04));
#939 = CARTESIAN_POINT('',(2.51E+04,1.61E+04,2.1E+04));
#940 = CARTESIAN_POINT('',(2.51E+04,1.61E+04,2.2E+04));
#941 = CARTESIAN_POINT('',(2.51E+04,1.61E+04,2.26667E+04));
#942 = CARTESIAN_POINT('',(2.51E+04,1.61E+04,2.3E+04));
#943 = CARTESIAN_POINT('',(2.51E+04,0.,0.));
#944 = CARTESIAN_POINT('',(2.51E+04,1.61E+04,2.3E+04));
#945 = ( GEOMETRIC_REPRESENTATION_CONTEXT(3) 
GLOBAL_UNCERTAINTY_ASSIGNED_CONTEXT((#949)) GLOBAL_UNIT_ASSIGNED_CONTEXT
((#946,#947,#948)) REPRESENTATION_CONTEXT('Context #1',
  '3D Context with UNIT and UNCERTAINTY') );
#946 = ( LENGTH_UNIT() NAMED_UNIT(*) SI_UNIT(.MILLI.,.METRE.) );
#947 = ( NAMED_UNIT(*) PLANE_ANGLE_UNIT() SI_UNIT($,.RADIAN.) );
#948 = ( NAMED_UNIT(*) SI_UNIT($,.STERADIAN.) SOLID_ANGLE_UNIT() );
#949 = UNCERTAINTY_MEASURE_WITH_UNIT(LENGTH_MEASURE(1.E-07),#946,
  'distance_accuracy_value','confusion accuracy');
#950 = CONTEXT_DEPENDENT_SHAPE_REPRESENTATION(#951,#953);
#951 = ( REPRESENTATION_RELATIONSHIP('','',#887,#10) 
REPRESENTATION_RELATIONSHIP_WITH_TRANSFORMATION(#952) 
SHAPE_REPRESENTATION_RELATIONSHIP() );
#952 = ITEM_DEFINED_TRANSFORMATION('','',#11,#39);
#953 = PRODUCT_DEFINITION_SHAPE('Placement','Placement of an item',#954
  );
#954 = NEXT_ASSEMBLY_USAGE_OCCURRENCE('7','','',#5,#882,$);
#955 = PRODUCT_RELATED_PRODUCT_CATEGORY('part',$,(#884));
#956 = SHAPE_DEFINITION_REPRESENTATION(#957,#963);
#957 = PRODUCT_DEFINITION_SHAPE('','',#958);
#958 = PRODUCT_DEFINITION('design','',#959,#962);
#959 = PRODUCT_DEFINITION_FORMATION('','',#960);
#960 = PRODUCT('Open CASCADE STEP translator 7.7 1.8',
  'Open CASCADE STEP translator 7.7 1.8','',(#961));
#961 = PRODUCT_CONTEXT('',#2,'mechanical');
#962 = PRODUCT_DEFINITION_CONTEXT('part definition',#2,'design');
#963 = GEOMETRICALLY_BOUNDED_WIREFRAME_SHAPE_REPRESENTATION('',(#11,#964
    ),#1021);
#964 = GEOMETRIC_CURVE_SET('',(#965));
#965 = TRIMMED_CURVE('',#966,(#1019,PARAMETER_VALUE(0.)),(#1020,
    PARAMETER_VALUE(3.22086E+04)),.T.,.PARAMETER.);
#966 = B_SPLINE_CURVE_WITH_KNOTS('',3,(#967,#968,#969,#970,#971,#972,
    #973,#974,#975,#976,#977,#978,#979,#980,#981,#982,#983,#984,#985,
    #986,#987,#988,#989,#990,#991,#992,#993,#994,#995,#996,#997,#998,
    #999,#1000,#1001,#1002,#1003,#1004,#1005,#1006,#1007,#1008,#1009,
    #1010,#1011,#1012,#1013,#1014,#1015,#1016,#1017,#1018),
  .UNSPECIFIED.,.F.,.F.,(4,1,1,2,1,1,1,1,1,1,1,1,1,1,1,1,1,1,1,1,1,1,1,1
    ,1,1,1,1,1,1,1,1,1,1,1,1,1,1,2,1,1,1,1,1,1,1,1,4),(0.,500.,1.E+03,
    1.32965E+03,1.5E+03,2.00041E+03,2.98468E+03,3.032E+03,3.47072E+03,
    3.86668E+03,4.2254E+03,4.31566E+03,5.51434E+03,5.91508E+03,
    6.83807E+03,7.35935E+03,8.46137E+03,8.58605E+03,9.72216E+03,
    1.06745E+04,1.08211E+04,1.19091E+04,1.30032E+04,1.31635E+04,
    1.41276E+04,1.51683E+04,1.53155E+04,1.66454E+04,1.6697E+04,
    1.79707E+04,1.83027E+04,1.91115E+04,1.96516E+04,2.01778E+04,
    2.12018E+04,2.14752E+04,2.22082E+04,2.32086E+04,2.32364E+04,
    2.42086E+04,2.52086E+04,2.62086E+04,2.72086E+04,2.82086E+04,
    2.92086E+04,3.02086E+04,3.12086E+04,3.22086E+04),.UNSPECIFIED.);
#967 = CARTESIAN_POINT('',(2.67E+04,0.,0.));
#968 = CARTESIAN_POINT('',(2.67E+04,166.667,0.));
#969 = CARTESIAN_POINT('',(2.67E+04,500.,0.));
#970 = CARTESIAN_POINT('',(2.67E+04,943.217,0.));
#971 = CARTESIAN_POINT('',(2.67E+04,1.21977E+03,-0.));
#972 = CARTESIAN_POINT('',(2.67E+04,1.38643E+03,0.));
#973 = CARTESIAN_POINT('',(2.67E+04,1.61011E+03,1.65046));
#974 = CARTESIAN_POINT('',(2.67E+04,2.16008E+03,15.8851));
#975 = CARTESIAN_POINT('',(2.67E+04,2.6756E+03,115.06));
#976 = CARTESIAN_POINT('',(2.67E+04,3.1178E+03,326.545));
#977 = CARTESIAN_POINT('',(2.67E+04,3.36761E+03,484.855));
#978 = CARTESIAN_POINT('',(2.67E+04,3.67525E+03,737.707));
#979 = CARTESIAN_POINT('',(2.67E+04,3.87703E+03,934.637));
#980 = CARTESIAN_POINT('',(2.67E+04,4.25339E+03,1.33471E+03));
#981 = CARTESIAN_POINT('',(2.67E+04,4.58532E+03,1.79218E+03));
#982 = CARTESIAN_POINT('',(2.67E+04,5.10592E+03,2.45203E+03));
#983 = CARTESIAN_POINT('',(2.67E+04,5.5151E+03,2.9131E+03));
#984 = CARTESIAN_POINT('',(2.67E+04,6.13726E+03,3.4912E+03));
#985 = CARTESIAN_POINT('',(2.67E+04,6.61275E+03,3.83386E+03));
#986 = CARTESIAN_POINT('',(2.67E+04,7.28968E+03,4.23632E+03));
#987 = CARTESIAN_POINT('',(2.67E+04,7.93941E+03,4.58782E+03));
#988 = CARTESIAN_POINT('',(2.67E+04,8.61955E+03,4.8925E+03));
#989 = CARTESIAN_POINT('',(2.67E+04,9.2875E+03,5.18444E+03));
#990 = CARTESIAN_POINT('',(2.67E+04,1.00027E+04,5.48621E+03));
#991 = CARTESIAN_POINT('',(2.67E+04,1.07187E+04,5.7982E+03));
#992 = CARTESIAN_POINT('',(2.67E+04,1.13872E+04,6.11426E+03));
#993 = CARTESIAN_POINT('',(2.67E+04,1.20285E+04,6.44627E+03));
#994 = CARTESIAN_POINT('',(2.67E+04,1.26388E+04,6.82603E+03));
#995 = CARTESIAN_POINT('',(2.67E+04,1.33205E+04,7.31532E+03));
#996 = CARTESIAN_POINT('',(2.67E+04,1.37063E+04,7.65393E+03));
#997 = CARTESIAN_POINT('',(2.67E+04,1.43164E+04,8.29501E+03));
#998 = CARTESIAN_POINT('',(2.67E+04,1.46604E+04,8.73238E+03));
#999 = CARTESIAN_POINT('',(2.67E+04,1.50863E+04,9.41527E+03));
#1000 = CARTESIAN_POINT('',(2.67E+04,1.53441E+04,9.9144E+03));
#1001 = CARTESIAN_POINT('',(2.67E+04,1.55804E+04,1.04935E+04));
#1002 = CARTESIAN_POINT('',(2.67E+04,1.5798E+04,1.1156E+04));
#1003 = CARTESIAN_POINT('',(2.67E+04,1.59257E+04,1.17523E+04));
#1004 = CARTESIAN_POINT('',(2.67E+04,1.60232E+04,1.2422E+04));
#1005 = CARTESIAN_POINT('',(2.67E+04,1.60891E+04,1.30883E+04));
#1006 = CARTESIAN_POINT('',(2.67E+04,1.60999E+04,1.36758E+04));
#1007 = CARTESIAN_POINT('',(2.67E+04,1.61E+04,1.40185E+04));
#1008 = CARTESIAN_POINT('',(2.67E+04,1.61E+04,1.43519E+04));
#1009 = CARTESIAN_POINT('',(2.67E+04,1.61E+04,1.50093E+04));
#1010 = CARTESIAN_POINT('',(2.67E+04,1.61E+04,1.6E+04));
#1011 = CARTESIAN_POINT('',(2.67E+04,1.61E+04,1.7E+04));
#1012 = CARTESIAN_POINT('',(2.67E+04,1.61E+04,1.8E+04));
#1013 = CARTESIAN_POINT('',(2.67E+04,1.61E+04,1.9E+04));
#1014 = CARTESIAN_POINT('',(2.67E+04,1.61E+04,2.E+04));
#1015 = CARTESIAN_POINT('',(2.67E+04,1.61E+04,2.1E+04));
#1016 = CARTESIAN_POINT('',(2.67E+04,1.61E+04,2.2E+04));
#1017 = CARTESIAN_POINT('',(2.67E+04,1.61E+04,2.26667E+04));
#1018 = CARTESIAN_POINT('',(2.67E+04,1.61E+04,2.3E+04));
#1019 = CARTESIAN_POINT('',(2.67E+04,0.,0.));
#1020 = CARTESIAN_POINT('',(2.67E+04,1.61E+04,2.3E+04));
#1021 = ( GEOMETRIC_REPRESENTATION_CONTEXT(3) 
GLOBAL_UNCERTAINTY_ASSIGNED_CONTEXT((#1025)) 
GLOBAL_UNIT_ASSIGNED_CONTEXT((#1022,#1023,#1024)) REPRESENTATION_CONTEXT
('Context #1','3D Context with UNIT and UNCERTAINTY') );
#1022 = ( LENGTH_UNIT() NAMED_UNIT(*) SI_UNIT(.MILLI.,.METRE.) );
#1023 = ( NAMED_UNIT(*) PLANE_ANGLE_UNIT() SI_UNIT($,.RADIAN.) );
#1024 = ( NAMED_UNIT(*) SI_UNIT($,.STERADIAN.) SOLID_ANGLE_UNIT() );
#1025 = UNCERTAINTY_MEASURE_WITH_UNIT(LENGTH_MEASURE(1.E-07),#1022,
  'distance_accuracy_value','confusion accuracy');
#1026 = CONTEXT_DEPENDENT_SHAPE_REPRESENTATION(#1027,#1029);
#1027 = ( REPRESENTATION_RELATIONSHIP('','',#963,#10) 
REPRESENTATION_RELATIONSHIP_WITH_TRANSFORMATION(#1028) 
SHAPE_REPRESENTATION_RELATIONSHIP() );
#1028 = ITEM_DEFINED_TRANSFORMATION('','',#11,#43);
#1029 = PRODUCT_DEFINITION_SHAPE('Placement','Placement of an item',
  #1030);
#1030 = NEXT_ASSEMBLY_USAGE_OCCURRENCE('8','','',#5,#958,$);
#1031 = PRODUCT_RELATED_PRODUCT_CATEGORY('part',$,(#960));
#1032 = SHAPE_DEFINITION_REPRESENTATION(#1033,#1039);
#1033 = PRODUCT_DEFINITION_SHAPE('','',#1034);
#1034 = PRODUCT_DEFINITION('design','',#1035,#1038);
#1035 = PRODUCT_DEFINITION_FORMATION('','',#1036);
#1036 = PRODUCT('Open CASCADE STEP translator 7.7 1.9',
  'Open CASCADE STEP translator 7.7 1.9','',(#1037));
#1037 = PRODUCT_CONTEXT('',#2,'mechanical');
#1038 = PRODUCT_DEFINITION_CONTEXT('part definition',#2,'design');
#1039 = GEOMETRICALLY_BOUNDED_WIREFRAME_SHAPE_REPRESENTATION('',(#11,
    #1040),#1097);
#1040 = GEOMETRIC_CURVE_SET('',(#1041));
#1041 = TRIMMED_CURVE('',#1042,(#1095,PARAMETER_VALUE(0.)),(#1096,
    PARAMETER_VALUE(3.23478E+04)),.T.,.PARAMETER.);
#1042 = B_SPLINE_CURVE_WITH_KNOTS('',3,(#1043,#1044,#1045,#1046,#1047,
    #1048,#1049,#1050,#1051,#1052,#1053,#1054,#1055,#1056,#1057,#1058,
    #1059,#1060,#1061,#1062,#1063,#1064,#1065,#1066,#1067,#1068,#1069,
    #1070,#1071,#1072,#1073,#1074,#1075,#1076,#1077,#1078,#1079,#1080,
    #1081,#1082,#1083,#1084,#1085,#1086,#1087,#1088,#1089,#1090,#1091,
    #1092,#1093,#1094),.UNSPECIFIED.,.F.,.F.,(4,1,1,1,2,1,1,1,1,1,1,1,1,
    1,1,1,1,1,1,1,1,1,1,1,1,1,1,1,1,1,1,1,1,1,1,1,1,2,1,1,1,1,1,1,1,1,1,
    4),(0.,500.,1.E+03,1.5E+03,1.63392E+03,2.00004E+03,3.01314E+03,
    3.22667E+03,3.72717E+03,4.14318E+03,4.19098E+03,4.52066E+03,
    5.60575E+03,5.91012E+03,7.00724E+03,7.37438E+03,8.26466E+03,
    9.20979E+03,9.41914E+03,1.0536E+04,1.15001E+04,1.16367E+04,
    1.27408E+04,1.37543E+04,1.38752E+04,1.50679E+04,1.5537E+04,
    1.63982E+04,1.69537E+04,1.80391E+04,1.81733E+04,1.92828E+04,
    1.9813E+04,2.0331E+04,2.11085E+04,2.13455E+04,2.23478E+04,
    2.26571E+04,2.33478E+04,2.43478E+04,2.53478E+04,2.63478E+04,
    2.73478E+04,2.83478E+04,2.93478E+04,3.03478E+04,3.13478E+04,
    3.23478E+04),.UNSPECIFIED.);
#1043 = CARTESIAN_POINT('',(2.83E+04,0.,0.));
#1044 = CARTESIAN_POINT('',(2.83E+04,166.667,0.));
#1045 = CARTESIAN_POINT('',(2.83E+04,500.,0.));
#1046 = CARTESIAN_POINT('',(2.83E+04,1.E+03,0.));
#1047 = CARTESIAN_POINT('',(2.83E+04,1.37797E+03,0.));
#1048 = CARTESIAN_POINT('',(2.83E+04,1.58928E+03,-0.));
#1049 = CARTESIAN_POINT('',(2.83E+04,1.75596E+03,0.));
#1050 = CARTESIAN_POINT('',(2.83E+04,2.21432E+03,4.71569));
#1051 = CARTESIAN_POINT('',(2.83E+04,2.75496E+03,61.1178));
#1052 = CARTESIAN_POINT('',(2.83E+04,3.28679E+03,284.488));
#1053 = CARTESIAN_POINT('',(2.83E+04,3.61247E+03,477.113));
#1054 = CARTESIAN_POINT('',(2.83E+04,3.86897E+03,671.424));
#1055 = CARTESIAN_POINT('',(2.83E+04,4.07227E+03,840.629));
#1056 = CARTESIAN_POINT('',(2.83E+04,4.43575E+03,1.16612E+03));
#1057 = CARTESIAN_POINT('',(2.83E+04,4.81923E+03,1.59328E+03));
#1058 = CARTESIAN_POINT('',(2.83E+04,5.39331E+03,2.19092E+03));
#1059 = CARTESIAN_POINT('',(2.83E+04,5.81345E+03,2.60568E+03));
#1060 = CARTESIAN_POINT('',(2.83E+04,6.41042E+03,3.11542E+03));
#1061 = CARTESIAN_POINT('',(2.83E+04,7.00609E+03,3.54788E+03));
#1062 = CARTESIAN_POINT('',(2.83E+04,7.60048E+03,3.88294E+03));
#1063 = CARTESIAN_POINT('',(2.83E+04,8.26546E+03,4.24483E+03));
#1064 = CARTESIAN_POINT('',(2.83E+04,8.95178E+03,4.58035E+03));
#1065 = CARTESIAN_POINT('',(2.83E+04,9.62535E+03,4.88464E+03));
#1066 = CARTESIAN_POINT('',(2.83E+04,1.0293E+04,5.1919E+03));
#1067 = CARTESIAN_POINT('',(2.83E+04,1.09773E+04,5.50246E+03));
#1068 = CARTESIAN_POINT('',(2.83E+04,1.1638E+04,5.85083E+03));
#1069 = CARTESIAN_POINT('',(2.83E+04,1.23093E+04,6.23934E+03));
#1070 = CARTESIAN_POINT('',(2.83E+04,1.28127E+04,6.55818E+03));
#1071 = CARTESIAN_POINT('',(2.83E+04,1.3475E+04,7.07702E+03));
#1072 = CARTESIAN_POINT('',(2.83E+04,1.39367E+04,7.50588E+03));
#1073 = CARTESIAN_POINT('',(2.83E+04,1.4494E+04,8.12692E+03));
#1074 = CARTESIAN_POINT('',(2.83E+04,1.48399E+04,8.61072E+03));
#1075 = CARTESIAN_POINT('',(2.83E+04,1.52329E+04,9.28011E+03));
#1076 = CARTESIAN_POINT('',(2.83E+04,1.54896E+04,9.81582E+03));
#1077 = CARTESIAN_POINT('',(2.83E+04,1.57305E+04,1.0494E+04));
#1078 = CARTESIAN_POINT('',(2.83E+04,1.58889E+04,1.10823E+04));
#1079 = CARTESIAN_POINT('',(2.83E+04,1.59781E+04,1.15861E+04));
#1080 = CARTESIAN_POINT('',(2.83E+04,1.60632E+04,1.22529E+04));
#1081 = CARTESIAN_POINT('',(2.83E+04,1.60968E+04,1.2769E+04));
#1082 = CARTESIAN_POINT('',(2.83E+04,1.61E+04,1.32062E+04));
#1083 = CARTESIAN_POINT('',(2.83E+04,1.61E+04,1.35395E+04));
#1084 = CARTESIAN_POINT('',(2.83E+04,1.61E+04,1.41031E+04));
#1085 = CARTESIAN_POINT('',(2.83E+04,1.61E+04,1.5E+04));
#1086 = CARTESIAN_POINT('',(2.83E+04,1.61E+04,1.6E+04));
#1087 = CARTESIAN_POINT('',(2.83E+04,1.61E+04,1.7E+04));
#1088 = CARTESIAN_POINT('',(2.83E+04,1.61E+04,1.8E+04));
#1089 = CARTESIAN_POINT('',(2.83E+04,1.61E+04,1.9E+04));
#1090 = CARTESIAN_POINT('',(2.83E+04,1.61E+04,2.E+04));
#1091 = CARTESIAN_POINT('',(2.83E+04,1.61E+04,2.1E+04));
#1092 = CARTESIAN_POINT('',(2.83E+04,1.61E+04,2.2E+04));
#1093 = CARTESIAN_POINT('',(2.83E+04,1.61E+04,2.26667E+04));
#1094 = CARTESIAN_POINT('',(2.83E+04,1.61E+04,2.3E+04));
#1095 = CARTESIAN_POINT('',(2.83E+04,0.,0.));
#1096 = CARTESIAN_POINT('',(2.83E+04,1.61E+04,2.3E+04));
#1097 = ( GEOMETRIC_REPRESENTATION_CONTEXT(3) 
GLOBAL_UNCERTAINTY_ASSIGNED_CONTEXT((#1101)) 
GLOBAL_UNIT_ASSIGNED_CONTEXT((#1098,#1099,#1100)) REPRESENTATION_CONTEXT
('Context #1','3D Context with UNIT and UNCERTAINTY') );
#1098 = ( LENGTH_UNIT() NAMED_UNIT(*) SI_UNIT(.MILLI.,.METRE.) );
#1099 = ( NAMED_UNIT(*) PLANE_ANGLE_UNIT() SI_UNIT($,.RADIAN.) );
#1100 = ( NAMED_UNIT(*) SI_UNIT($,.STERADIAN.) SOLID_ANGLE_UNIT() );
#1101 = UNCERTAINTY_MEASURE_WITH_UNIT(LENGTH_MEASURE(1.E-07),#1098,
  'distance_accuracy_value','confusion accuracy');
#1102 = CONTEXT_DEPENDENT_SHAPE_REPRESENTATION(#1103,#1105);
#1103 = ( REPRESENTATION_RELATIONSHIP('','',#1039,#10) 
REPRESENTATION_RELATIONSHIP_WITH_TRANSFORMATION(#1104) 
SHAPE_REPRESENTATION_RELATIONSHIP() );
#1104 = ITEM_DEFINED_TRANSFORMATION('','',#11,#47);
#1105 = PRODUCT_DEFINITION_SHAPE('Placement','Placement of an item',
  #1106);
#1106 = NEXT_ASSEMBLY_USAGE_OCCURRENCE('9','','',#5,#1034,$);
#1107 = PRODUCT_RELATED_PRODUCT_CATEGORY('part',$,(#1036));
#1108 = SHAPE_DEFINITION_REPRESENTATION(#1109,#1115);
#1109 = PRODUCT_DEFINITION_SHAPE('','',#1110);
#1110 = PRODUCT_DEFINITION('design','',#1111,#1114);
#1111 = PRODUCT_DEFINITION_FORMATION('','',#1112);
#1112 = PRODUCT('Open CASCADE STEP translator 7.7 1.10',
  'Open CASCADE STEP translator 7.7 1.10','',(#1113));
#1113 = PRODUCT_CONTEXT('',#2,'mechanical');
#1114 = PRODUCT_DEFINITION_CONTEXT('part definition',#2,'design');
#1115 = GEOMETRICALLY_BOUNDED_WIREFRAME_SHAPE_REPRESENTATION('',(#11,
    #1116),#1173);
#1116 = GEOMETRIC_CURVE_SET('',(#1117));
#1117 = TRIMMED_CURVE('',#1118,(#1171,PARAMETER_VALUE(0.)),(#1172,
    PARAMETER_VALUE(3.25194E+04)),.T.,.PARAMETER.);
#1118 = B_SPLINE_CURVE_WITH_KNOTS('',3,(#1119,#1120,#1121,#1122,#1123,
    #1124,#1125,#1126,#1127,#1128,#1129,#1130,#1131,#1132,#1133,#1134,
    #1135,#1136,#1137,#1138,#1139,#1140,#1141,#1142,#1143,#1144,#1145,
    #1146,#1147,#1148,#1149,#1150,#1151,#1152,#1153,#1154,#1155,#1156,
    #1157,#1158,#1159,#1160,#1161,#1162,#1163,#1164,#1165,#1166,#1167,
    #1168,#1169,#1170),.UNSPECIFIED.,.F.,.F.,(4,1,1,1,2,1,1,1,1,1,1,1,1,
    1,1,1,1,1,1,1,1,1,1,1,1,1,1,1,1,1,1,1,1,1,1,1,2,1,1,1,1,1,1,1,1,1,1,
    4),(0.,500.,1.E+03,1.5E+03,1.95821E+03,2.E+03,3.00424E+03,
    3.48238E+03,3.99858E+03,4.11443E+03,4.43808E+03,4.84408E+03,
    5.39047E+03,6.37332E+03,6.71358E+03,7.97881E+03,7.98581E+03,
    9.14907E+03,9.99021E+03,1.02791E+04,1.13906E+04,1.22663E+04,
    1.25056E+04,1.36483E+04,1.42814E+04,1.48502E+04,1.58885E+04,
    1.61841E+04,1.72196E+04,1.7811E+04,1.83954E+04,1.94789E+04,
    2.00001E+04,2.05115E+04,2.07854E+04,2.1519E+04,2.2223E+04,
    2.25194E+04,2.35194E+04,2.45194E+04,2.55194E+04,2.65194E+04,
    2.75194E+04,2.85194E+04,2.95194E+04,3.05194E+04,3.15194E+04,
    3.25194E+04),.UNSPECIFIED.);
#1119 = CARTESIAN_POINT('',(2.99E+04,0.,0.));
#1120 = CARTESIAN_POINT('',(2.99E+04,166.667,0.));
#1121 = CARTESIAN_POINT('',(2.99E+04,500.,0.));
#1122 = CARTESIAN_POINT('',(2.99E+04,1.E+03,0.));
#1123 = CARTESIAN_POINT('',(2.99E+04,1.48607E+03,0.));
#1124 = CARTESIAN_POINT('',(2.99E+04,1.80547E+03,-0.));
#1125 = CARTESIAN_POINT('',(2.99E+04,1.97214E+03,0.));
#1126 = CARTESIAN_POINT('',(2.99E+04,2.3207E+03,0.681658));
#1127 = CARTESIAN_POINT('',(2.99E+04,2.83688E+03,17.6853));
#1128 = CARTESIAN_POINT('',(2.99E+04,3.46951E+03,241.727));
#1129 = CARTESIAN_POINT('',(2.99E+04,3.79148E+03,426.73));
#1130 = CARTESIAN_POINT('',(2.99E+04,4.05821E+03,600.85));
#1131 = CARTESIAN_POINT('',(2.99E+04,4.28816E+03,764.06));
#1132 = CARTESIAN_POINT('',(2.99E+04,4.62296E+03,1.02669E+03));
#1133 = CARTESIAN_POINT('',(2.99E+04,5.11013E+03,1.4497E+03));
#1134 = CARTESIAN_POINT('',(2.99E+04,5.57826E+03,1.86107E+03));
#1135 = CARTESIAN_POINT('',(2.99E+04,6.23373E+03,2.42186E+03));
#1136 = CARTESIAN_POINT('',(2.99E+04,6.65347E+03,2.75979E+03));
#1137 = CARTESIAN_POINT('',(2.99E+04,7.32423E+03,3.21712E+03));
#1138 = CARTESIAN_POINT('',(2.99E+04,7.90312E+03,3.55766E+03));
#1139 = CARTESIAN_POINT('',(2.99E+04,8.57731E+03,3.91778E+03));
#1140 = CARTESIAN_POINT('',(2.99E+04,9.24479E+03,4.25365E+03));
#1141 = CARTESIAN_POINT('',(2.99E+04,9.92953E+03,4.58038E+03));
#1142 = CARTESIAN_POINT('',(2.99E+04,1.05976E+04,4.90381E+03));
#1143 = CARTESIAN_POINT('',(2.99E+04,1.12688E+04,5.24409E+03));
#1144 = CARTESIAN_POINT('',(2.99E+04,1.18588E+04,5.56649E+03));
#1145 = CARTESIAN_POINT('',(2.99E+04,1.25197E+04,5.98428E+03));
#1146 = CARTESIAN_POINT('',(2.99E+04,1.3132E+04,6.41204E+03));
#1147 = CARTESIAN_POINT('',(2.99E+04,1.36173E+04,6.82361E+03));
#1148 = CARTESIAN_POINT('',(2.99E+04,1.41757E+04,7.38222E+03));
#1149 = CARTESIAN_POINT('',(2.99E+04,1.4591E+04,7.87308E+03));
#1150 = CARTESIAN_POINT('',(2.99E+04,1.50064E+04,8.483E+03));
#1151 = CARTESIAN_POINT('',(2.99E+04,1.53724E+04,9.1421E+03));
#1152 = CARTESIAN_POINT('',(2.99E+04,1.56547E+04,9.8182E+03));
#1153 = CARTESIAN_POINT('',(2.99E+04,1.58545E+04,1.04952E+04));
#1154 = CARTESIAN_POINT('',(2.99E+04,1.59454E+04,1.09216E+04));
#1155 = CARTESIAN_POINT('',(2.99E+04,1.60256E+04,1.14215E+04));
#1156 = CARTESIAN_POINT('',(2.99E+04,1.60849E+04,1.19896E+04));
#1157 = CARTESIAN_POINT('',(2.99E+04,1.61E+04,1.24689E+04));
#1158 = CARTESIAN_POINT('',(2.99E+04,1.61E+04,1.28024E+04));
#1159 = CARTESIAN_POINT('',(2.99E+04,1.61E+04,1.32345E+04));
#1160 = CARTESIAN_POINT('',(2.99E+04,1.61E+04,1.4E+04));
#1161 = CARTESIAN_POINT('',(2.99E+04,1.61E+04,1.5E+04));
#1162 = CARTESIAN_POINT('',(2.99E+04,1.61E+04,1.6E+04));
#1163 = CARTESIAN_POINT('',(2.99E+04,1.61E+04,1.7E+04));
#1164 = CARTESIAN_POINT('',(2.99E+04,1.61E+04,1.8E+04));
#1165 = CARTESIAN_POINT('',(2.99E+04,1.61E+04,1.9E+04));
#1166 = CARTESIAN_POINT('',(2.99E+04,1.61E+04,2.E+04));
#1167 = CARTESIAN_POINT('',(2.99E+04,1.61E+04,2.1E+04));
#1168 = CARTESIAN_POINT('',(2.99E+04,1.61E+04,2.2E+04));
#1169 = CARTESIAN_POINT('',(2.99E+04,1.61E+04,2.26667E+04));
#1170 = CARTESIAN_POINT('',(2.99E+04,1.61E+04,2.3E+04));
#1171 = CARTESIAN_POINT('',(2.99E+04,0.,0.));
#1172 = CARTESIAN_POINT('',(2.99E+04,1.61E+04,2.3E+04));
#1173 = ( GEOMETRIC_REPRESENTATION_CONTEXT(3) 
GLOBAL_UNCERTAINTY_ASSIGNED_CONTEXT((#1177)) 
GLOBAL_UNIT_ASSIGNED_CONTEXT((#1174,#1175,#1176)) REPRESENTATION_CONTEXT
('Context #1','3D Context with UNIT and UNCERTAINTY') );
#1174 = ( LENGTH_UNIT() NAMED_UNIT(*) SI_UNIT(.MILLI.,.METRE.) );
#1175 = ( NAMED_UNIT(*) PLANE_ANGLE_UNIT() SI_UNIT($,.RADIAN.) );
#1176 = ( NAMED_UNIT(*) SI_UNIT($,.STERADIAN.) SOLID_ANGLE_UNIT() );
#1177 = UNCERTAINTY_MEASURE_WITH_UNIT(LENGTH_MEASURE(1.E-07),#1174,
  'distance_accuracy_value','confusion accuracy');
#1178 = CONTEXT_DEPENDENT_SHAPE_REPRESENTATION(#1179,#1181);
#1179 = ( REPRESENTATION_RELATIONSHIP('','',#1115,#10) 
REPRESENTATION_RELATIONSHIP_WITH_TRANSFORMATION(#1180) 
SHAPE_REPRESENTATION_RELATIONSHIP() );
#1180 = ITEM_DEFINED_TRANSFORMATION('','',#11,#51);
#1181 = PRODUCT_DEFINITION_SHAPE('Placement','Placement of an item',
  #1182);
#1182 = NEXT_ASSEMBLY_USAGE_OCCURRENCE('10','','',#5,#1110,$);
#1183 = PRODUCT_RELATED_PRODUCT_CATEGORY('part',$,(#1112));
#1184 = SHAPE_DEFINITION_REPRESENTATION(#1185,#1191);
#1185 = PRODUCT_DEFINITION_SHAPE('','',#1186);
#1186 = PRODUCT_DEFINITION('design','',#1187,#1190);
#1187 = PRODUCT_DEFINITION_FORMATION('','',#1188);
#1188 = PRODUCT('Open CASCADE STEP translator 7.7 1.11',
  'Open CASCADE STEP translator 7.7 1.11','',(#1189));
#1189 = PRODUCT_CONTEXT('',#2,'mechanical');
#1190 = PRODUCT_DEFINITION_CONTEXT('part definition',#2,'design');
#1191 = GEOMETRICALLY_BOUNDED_WIREFRAME_SHAPE_REPRESENTATION('',(#11,
    #1192),#1249);
#1192 = GEOMETRIC_CURVE_SET('',(#1193));
#1193 = TRIMMED_CURVE('',#1194,(#1247,PARAMETER_VALUE(0.)),(#1248,
    PARAMETER_VALUE(3.27174E+04)),.T.,.PARAMETER.);
#1194 = B_SPLINE_CURVE_WITH_KNOTS('',3,(#1195,#1196,#1197,#1198,#1199,
    #1200,#1201,#1202,#1203,#1204,#1205,#1206,#1207,#1208,#1209,#1210,
    #1211,#1212,#1213,#1214,#1215,#1216,#1217,#1218,#1219,#1220,#1221,
    #1222,#1223,#1224,#1225,#1226,#1227,#1228,#1229,#1230,#1231,#1232,
    #1233,#1234,#1235,#1236,#1237,#1238,#1239,#1240,#1241,#1242,#1243,
    #1244,#1245,#1246),.UNSPECIFIED.,.F.,.F.,(4,1,1,1,1,2,1,1,1,1,1,1,1,
    1,1,1,1,1,1,1,1,1,1,1,1,1,1,1,1,1,1,1,1,1,1,1,2,1,1,1,1,1,1,1,1,1,1,
    4),(0.,500.,1.E+03,1.5E+03,2.E+03,2.2965E+03,3.00115E+03,3.74524E+03
    ,4.0615E+03,4.29845E+03,4.76694E+03,5.20992E+03,5.24783E+03,
    6.48955E+03,6.89545E+03,7.73164E+03,8.66673E+03,8.91352E+03,
    1.00513E+04,1.07867E+04,1.11722E+04,1.22945E+04,1.29516E+04,
    1.34458E+04,1.46574E+04,1.47604E+04,1.59965E+04,1.62323E+04,
    1.74956E+04,1.76212E+04,1.86332E+04,1.96947E+04,2.02085E+04,
    2.05081E+04,2.0715E+04,2.17174E+04,2.189E+04,2.27174E+04,2.37174E+04
    ,2.47174E+04,2.57174E+04,2.67174E+04,2.77174E+04,2.87174E+04,
    2.97174E+04,3.07174E+04,3.17174E+04,3.27174E+04),.UNSPECIFIED.);
#1195 = CARTESIAN_POINT('',(3.15E+04,0.,0.));
#1196 = CARTESIAN_POINT('',(3.15E+04,166.667,0.));
#1197 = CARTESIAN_POINT('',(3.15E+04,500.,0.));
#1198 = CARTESIAN_POINT('',(3.15E+04,1.E+03,0.));
#1199 = CARTESIAN_POINT('',(3.15E+04,1.5E+03,0.));
#1200 = CARTESIAN_POINT('',(3.15E+04,1.93217E+03,0.));
#1201 = CARTESIAN_POINT('',(3.15E+04,2.19767E+03,-0.));
#1202 = CARTESIAN_POINT('',(3.15E+04,2.53138E+03,0.));
#1203 = CARTESIAN_POINT('',(3.15E+04,3.01778E+03,8.03413));
#1204 = CARTESIAN_POINT('',(3.15E+04,3.58696E+03,185.134));
#1205 = CARTESIAN_POINT('',(3.15E+04,3.97798E+03,369.811));
#1206 = CARTESIAN_POINT('',(3.15E+04,4.27529E+03,536.371));
#1207 = CARTESIAN_POINT('',(3.15E+04,4.59749E+03,743.437));
#1208 = CARTESIAN_POINT('',(3.15E+04,4.85852E+03,922.353));
#1209 = CARTESIAN_POINT('',(3.15E+04,5.32831E+03,1.25252E+03));
#1210 = CARTESIAN_POINT('',(3.15E+04,5.77573E+03,1.59267E+03));
#1211 = CARTESIAN_POINT('',(3.15E+04,6.44143E+03,2.08483E+03));
#1212 = CARTESIAN_POINT('',(3.15E+04,7.0201E+03,2.52325E+03));
#1213 = CARTESIAN_POINT('',(3.15E+04,7.58811E+03,2.88527E+03));
#1214 = CARTESIAN_POINT('',(3.15E+04,8.2565E+03,3.27399E+03));
#1215 = CARTESIAN_POINT('',(3.15E+04,8.87896E+03,3.60916E+03));
#1216 = CARTESIAN_POINT('',(3.15E+04,9.55152E+03,3.9475E+03));
#1217 = CARTESIAN_POINT('',(3.15E+04,1.02193E+04,4.28394E+03));
#1218 = CARTESIAN_POINT('',(3.15E+04,1.08655E+04,4.60532E+03));
#1219 = CARTESIAN_POINT('',(3.15E+04,1.15301E+04,4.9701E+03));
#1220 = CARTESIAN_POINT('',(3.15E+04,1.22069E+04,5.37294E+03));
#1221 = CARTESIAN_POINT('',(3.15E+04,1.27074E+04,5.71151E+03));
#1222 = CARTESIAN_POINT('',(3.15E+04,1.33809E+04,6.23031E+03));
#1223 = CARTESIAN_POINT('',(3.15E+04,1.37739E+04,6.5823E+03));
#1224 = CARTESIAN_POINT('',(3.15E+04,1.43945E+04,7.25008E+03));
#1225 = CARTESIAN_POINT('',(3.15E+04,1.47291E+04,7.68E+03));
#1226 = CARTESIAN_POINT('',(3.15E+04,1.5159E+04,8.35492E+03));
#1227 = CARTESIAN_POINT('',(3.15E+04,1.5504E+04,9.00491E+03));
#1228 = CARTESIAN_POINT('',(3.15E+04,1.57939E+04,9.82067E+03));
#1229 = CARTESIAN_POINT('',(3.15E+04,1.59385E+04,1.04292E+04));
#1230 = CARTESIAN_POINT('',(3.15E+04,1.59967E+04,1.07644E+04));
#1231 = CARTESIAN_POINT('',(3.15E+04,1.60656E+04,1.12626E+04));
#1232 = CARTESIAN_POINT('',(3.15E+04,1.60963E+04,1.17234E+04));
#1233 = CARTESIAN_POINT('',(3.15E+04,1.61E+04,1.21151E+04));
#1234 = CARTESIAN_POINT('',(3.15E+04,1.61E+04,1.24484E+04));
#1235 = CARTESIAN_POINT('',(3.15E+04,1.61E+04,1.30575E+04));
#1236 = CARTESIAN_POINT('',(3.15E+04,1.61E+04,1.4E+04));
#1237 = CARTESIAN_POINT('',(3.15E+04,1.61E+04,1.5E+04));
#1238 = CARTESIAN_POINT('',(3.15E+04,1.61E+04,1.6E+04));
#1239 = CARTESIAN_POINT('',(3.15E+04,1.61E+04,1.7E+04));
#1240 = CARTESIAN_POINT('',(3.15E+04,1.61E+04,1.8E+04));
#1241 = CARTESIAN_POINT('',(3.15E+04,1.61E+04,1.9E+04));
#1242 = CARTESIAN_POINT('',(3.15E+04,1.61E+04,2.E+04));
#1243 = CARTESIAN_POINT('',(3.15E+04,1.61E+04,2.1E+04));
#1244 = CARTESIAN_POINT('',(3.15E+04,1.61E+04,2.2E+04));
#1245 = CARTESIAN_POINT('',(3.15E+04,1.61E+04,2.26667E+04));
#1246 = CARTESIAN_POINT('',(3.15E+04,1.61E+04,2.3E+04));
#1247 = CARTESIAN_POINT('',(3.15E+04,0.,0.));
#1248 = CARTESIAN_POINT('',(3.15E+04,1.61E+04,2.3E+04));
#1249 = ( GEOMETRIC_REPRESENTATION_CONTEXT(3) 
GLOBAL_UNCERTAINTY_ASSIGNED_CONTEXT((#1253)) 
GLOBAL_UNIT_ASSIGNED_CONTEXT((#1250,#1251,#1252)) REPRESENTATION_CONTEXT
('Context #1','3D Context with UNIT and UNCERTAINTY') );
#1250 = ( LENGTH_UNIT() NAMED_UNIT(*) SI_UNIT(.MILLI.,.METRE.) );
#1251 = ( NAMED_UNIT(*) PLANE_ANGLE_UNIT() SI_UNIT($,.RADIAN.) );
#1252 = ( NAMED_UNIT(*) SI_UNIT($,.STERADIAN.) SOLID_ANGLE_UNIT() );
#1253 = UNCERTAINTY_MEASURE_WITH_UNIT(LENGTH_MEASURE(1.E-07),#1250,
  'distance_accuracy_value','confusion accuracy');
#1254 = CONTEXT_DEPENDENT_SHAPE_REPRESENTATION(#1255,#1257);
#1255 = ( REPRESENTATION_RELATIONSHIP('','',#1191,#10) 
REPRESENTATION_RELATIONSHIP_WITH_TRANSFORMATION(#1256) 
SHAPE_REPRESENTATION_RELATIONSHIP() );
#1256 = ITEM_DEFINED_TRANSFORMATION('','',#11,#55);
#1257 = PRODUCT_DEFINITION_SHAPE('Placement','Placement of an item',
  #1258);
#1258 = NEXT_ASSEMBLY_USAGE_OCCURRENCE('11','','',#5,#1186,$);
#1259 = PRODUCT_RELATED_PRODUCT_CATEGORY('part',$,(#1188));
#1260 = SHAPE_DEFINITION_REPRESENTATION(#1261,#1267);
#1261 = PRODUCT_DEFINITION_SHAPE('','',#1262);
#1262 = PRODUCT_DEFINITION('design','',#1263,#1266);
#1263 = PRODUCT_DEFINITION_FORMATION('','',#1264);
#1264 = PRODUCT('Open CASCADE STEP translator 7.7 1.12',
  'Open CASCADE STEP translator 7.7 1.12','',(#1265));
#1265 = PRODUCT_CONTEXT('',#2,'mechanical');
#1266 = PRODUCT_DEFINITION_CONTEXT('part definition',#2,'design');
#1267 = GEOMETRICALLY_BOUNDED_WIREFRAME_SHAPE_REPRESENTATION('',(#11,
    #1268),#1325);
#1268 = GEOMETRIC_CURVE_SET('',(#1269));
#1269 = TRIMMED_CURVE('',#1270,(#1323,PARAMETER_VALUE(0.)),(#1324,
    PARAMETER_VALUE(3.30788E+04)),.T.,.PARAMETER.);
#1270 = B_SPLINE_CURVE_WITH_KNOTS('',3,(#1271,#1272,#1273,#1274,#1275,
    #1276,#1277,#1278,#1279,#1280,#1281,#1282,#1283,#1284,#1285,#1286,
    #1287,#1288,#1289,#1290,#1291,#1292,#1293,#1294,#1295,#1296,#1297,
    #1298,#1299,#1300,#1301,#1302,#1303,#1304,#1305,#1306,#1307,#1308,
    #1309,#1310,#1311,#1312,#1313,#1314,#1315,#1316,#1317,#1318,#1319,
    #1320,#1321,#1322),.UNSPECIFIED.,.F.,.F.,(4,1,1,1,1,2,1,1,1,1,1,1,1,
    1,1,1,1,1,1,1,1,1,1,1,1,1,1,1,1,1,1,1,1,1,1,2,1,1,1,1,1,1,1,1,1,1,1,
    4),(0.,500.,1.E+03,1.5E+03,2.E+03,2.85396E+03,3.00001E+03,
    4.01819E+03,4.19884E+03,4.84816E+03,5.10617E+03,5.38811E+03,
    5.91333E+03,6.24824E+03,7.42245E+03,7.82593E+03,8.59794E+03,
    9.74223E+03,9.82938E+03,1.08699E+04,1.19843E+04,1.20004E+04,
    1.31599E+04,1.38822E+04,1.43852E+04,1.54444E+04,1.57342E+04,
    1.67682E+04,1.73649E+04,1.79506E+04,1.90389E+04,2.00722E+04,
    2.01795E+04,2.05773E+04,2.10787E+04,2.14881E+04,2.20788E+04,
    2.30788E+04,2.40788E+04,2.50788E+04,2.60788E+04,2.70788E+04,
    2.80788E+04,2.90788E+04,3.00788E+04,3.10788E+04,3.20788E+04,
    3.30788E+04),.UNSPECIFIED.);
#1271 = CARTESIAN_POINT('',(3.405E+04,0.,0.));
#1272 = CARTESIAN_POINT('',(3.405E+04,166.667,0.));
#1273 = CARTESIAN_POINT('',(3.405E+04,500.,0.));
#1274 = CARTESIAN_POINT('',(3.405E+04,1.E+03,0.));
#1275 = CARTESIAN_POINT('',(3.405E+04,1.5E+03,0.));
#1276 = CARTESIAN_POINT('',(3.405E+04,2.11799E+03,0.));
#1277 = CARTESIAN_POINT('',(3.405E+04,2.56931E+03,-0.));
#1278 = CARTESIAN_POINT('',(3.405E+04,2.90264E+03,0.));
#1279 = CARTESIAN_POINT('',(3.405E+04,3.29089E+03,1.07279));
#1280 = CARTESIAN_POINT('',(3.405E+04,3.73553E+03,105.069));
#1281 = CARTESIAN_POINT('',(3.405E+04,4.31998E+03,298.005));
#1282 = CARTESIAN_POINT('',(3.405E+04,4.65647E+03,437.079));
#1283 = CARTESIAN_POINT('',(3.405E+04,5.00706E+03,622.116));
#1284 = CARTESIAN_POINT('',(3.405E+04,5.32105E+03,787.84));
#1285 = CARTESIAN_POINT('',(3.405E+04,5.65781E+03,965.643));
#1286 = CARTESIAN_POINT('',(3.405E+04,6.2407E+03,1.31235E+03));
#1287 = CARTESIAN_POINT('',(3.405E+04,6.78301E+03,1.64757E+03));
#1288 = CARTESIAN_POINT('',(3.405E+04,7.4451E+03,2.06599E+03));
#1289 = CARTESIAN_POINT('',(3.405E+04,8.10277E+03,2.47295E+03));
#1290 = CARTESIAN_POINT('',(3.405E+04,8.68862E+03,2.79423E+03));
#1291 = CARTESIAN_POINT('',(3.405E+04,9.35779E+03,3.14882E+03));
#1292 = CARTESIAN_POINT('',(3.405E+04,1.00221E+04,3.49115E+03));
#1293 = CARTESIAN_POINT('',(3.405E+04,1.06644E+04,3.82471E+03));
#1294 = CARTESIAN_POINT('',(3.405E+04,1.13346E+04,4.1902E+03));
#1295 = CARTESIAN_POINT('',(3.405E+04,1.18829E+04,4.50714E+03));
#1296 = CARTESIAN_POINT('',(3.405E+04,1.25412E+04,4.95358E+03));
#1297 = CARTESIAN_POINT('',(3.405E+04,1.31508E+04,5.41005E+03));
#1298 = CARTESIAN_POINT('',(3.405E+04,1.36178E+04,5.81617E+03));
#1299 = CARTESIAN_POINT('',(3.405E+04,1.41755E+04,6.38195E+03));
#1300 = CARTESIAN_POINT('',(3.405E+04,1.45857E+04,6.87598E+03));
#1301 = CARTESIAN_POINT('',(3.405E+04,1.50046E+04,7.48513E+03));
#1302 = CARTESIAN_POINT('',(3.405E+04,1.53832E+04,8.14148E+03));
#1303 = CARTESIAN_POINT('',(3.405E+04,1.57406E+04,8.97401E+03));
#1304 = CARTESIAN_POINT('',(3.405E+04,1.593E+04,9.69573E+03));
#1305 = CARTESIAN_POINT('',(3.405E+04,1.60166E+04,1.02012E+04));
#1306 = CARTESIAN_POINT('',(3.405E+04,1.60608E+04,1.05339E+04));
#1307 = CARTESIAN_POINT('',(3.405E+04,1.60933E+04,1.09692E+04));
#1308 = CARTESIAN_POINT('',(3.405E+04,1.61E+04,1.12728E+04));
#1309 = CARTESIAN_POINT('',(3.405E+04,1.61E+04,1.16062E+04));
#1310 = CARTESIAN_POINT('',(3.405E+04,1.61E+04,1.21364E+04));
#1311 = CARTESIAN_POINT('',(3.405E+04,1.61E+04,1.3E+04));
#1312 = CARTESIAN_POINT('',(3.405E+04,1.61E+04,1.4E+04));
#1313 = CARTESIAN_POINT('',(3.405E+04,1.61E+04,1.5E+04));
#1314 = CARTESIAN_POINT('',(3.405E+04,1.61E+04,1.6E+04));
#1315 = CARTESIAN_POINT('',(3.405E+04,1.61E+04,1.7E+04));
#1316 = CARTESIAN_POINT('',(3.405E+04,1.61E+04,1.8E+04));
#1317 = CARTESIAN_POINT('',(3.405E+04,1.61E+04,1.9E+04));
#1318 = CARTESIAN_POINT('',(3.405E+04,1.61E+04,2.E+04));
#1319 = CARTESIAN_POINT('',(3.405E+04,1.61E+04,2.1E+04));
#1320 = CARTESIAN_POINT('',(3.405E+04,1.61E+04,2.2E+04));
#1321 = CARTESIAN_POINT('',(3.405E+04,1.61E+04,2.26667E+04));
#1322 = CARTESIAN_POINT('',(3.405E+04,1.61E+04,2.3E+04));
#1323 = CARTESIAN_POINT('',(3.405E+04,0.,0.));
#1324 = CARTESIAN_POINT('',(3.405E+04,1.61E+04,2.3E+04));
#1325 = ( GEOMETRIC_REPRESENTATION_CONTEXT(3) 
GLOBAL_UNCERTAINTY_ASSIGNED_CONTEXT((#1329)) 
GLOBAL_UNIT_ASSIGNED_CONTEXT((#1326,#1327,#1328)) REPRESENTATION_CONTEXT
('Context #1','3D Context with UNIT and UNCERTAINTY') );
#1326 = ( LENGTH_UNIT() NAMED_UNIT(*) SI_UNIT(.MILLI.,.METRE.) );
#1327 = ( NAMED_UNIT(*) PLANE_ANGLE_UNIT() SI_UNIT($,.RADIAN.) );
#1328 = ( NAMED_UNIT(*) SI_UNIT($,.STERADIAN.) SOLID_ANGLE_UNIT() );
#1329 = UNCERTAINTY_MEASURE_WITH_UNIT(LENGTH_MEASURE(1.E-07),#1326,
  'distance_accuracy_value','confusion accuracy');
#1330 = CONTEXT_DEPENDENT_SHAPE_REPRESENTATION(#1331,#1333);
#1331 = ( REPRESENTATION_RELATIONSHIP('','',#1267,#10) 
REPRESENTATION_RELATIONSHIP_WITH_TRANSFORMATION(#1332) 
SHAPE_REPRESENTATION_RELATIONSHIP() );
#1332 = ITEM_DEFINED_TRANSFORMATION('','',#11,#59);
#1333 = PRODUCT_DEFINITION_SHAPE('Placement','Placement of an item',
  #1334);
#1334 = NEXT_ASSEMBLY_USAGE_OCCURRENCE('12','','',#5,#1262,$);
#1335 = PRODUCT_RELATED_PRODUCT_CATEGORY('part',$,(#1264));
#1336 = SHAPE_DEFINITION_REPRESENTATION(#1337,#1343);
#1337 = PRODUCT_DEFINITION_SHAPE('','',#1338);
#1338 = PRODUCT_DEFINITION('design','',#1339,#1342);
#1339 = PRODUCT_DEFINITION_FORMATION('','',#1340);
#1340 = PRODUCT('Open CASCADE STEP translator 7.7 1.13',
  'Open CASCADE STEP translator 7.7 1.13','',(#1341));
#1341 = PRODUCT_CONTEXT('',#2,'mechanical');
#1342 = PRODUCT_DEFINITION_CONTEXT('part definition',#2,'design');
#1343 = GEOMETRICALLY_BOUNDED_WIREFRAME_SHAPE_REPRESENTATION('',(#11,
    #1344),#1504);
#1344 = GEOMETRIC_CURVE_SET('',(#1345));
#1345 = TRIMMED_CURVE('',#1346,(#1502,PARAMETER_VALUE(0.)),(#1503,
    PARAMETER_VALUE(2.19414E+05)),.T.,.PARAMETER.);
#1346 = B_SPLINE_CURVE_WITH_KNOTS('',3,(#1347,#1348,#1349,#1350,#1351,
    #1352,#1353,#1354,#1355,#1356,#1357,#1358,#1359,#1360,#1361,#1362,
    #1363,#1364,#1365,#1366,#1367,#1368,#1369,#1370,#1371,#1372,#1373,
    #1374,#1375,#1376,#1377,#1378,#1379,#1380,#1381,#1382,#1383,#1384,
    #1385,#1386,#1387,#1388,#1389,#1390,#1391,#1392,#1393,#1394,#1395,
    #1396,#1397,#1398,#1399,#1400,#1401,#1402,#1403,#1404,#1405,#1406,
    #1407,#1408,#1409,#1410,#1411,#1412,#1413,#1414,#1415,#1416,#1417,
    #1418,#1419,#1420,#1421,#1422,#1423,#1424,#1425,#1426,#1427,#1428,
    #1429,#1430,#1431,#1432,#1433,#1434,#1435,#1436,#1437,#1438,#1439,
    #1440,#1441,#1442,#1443,#1444,#1445,#1446,#1447,#1448,#1449,#1450,
    #1451,#1452,#1453,#1454,#1455,#1456,#1457,#1458,#1459,#1460,#1461,
    #1462,#1463,#1464,#1465,#1466,#1467,#1468,#1469,#1470,#1471,#1472,
    #1473,#1474,#1475,#1476,#1477,#1478,#1479,#1480,#1481,#1482,#1483,
    #1484,#1485,#1486,#1487,#1488,#1489,#1490,#1491,#1492,#1493,#1494,
    #1495,#1496,#1497,#1498,#1499,#1500,#1501),.UNSPECIFIED.,.F.,.F.,(4,
    1,1,1,1,1,1,1,1,1,1,1,1,3,1,1,1,1,1,1,1,1,1,1,1,1,1,1,1,1,1,1,1,1,1,
    1,1,1,1,1,1,1,1,1,1,1,1,1,1,1,1,1,1,1,1,2,1,1,1,1,1,1,1,1,1,1,1,1,1,
    1,1,1,1,1,1,1,1,1,1,1,1,1,1,1,1,1,2,1,1,1,1,1,1,1,1,1,1,1,1,1,1,1,1,
    1,1,1,1,1,1,1,1,1,1,1,1,1,1,1,1,1,1,1,1,1,1,1,1,1,1,1,1,1,1,1,1,1,1,
    1,1,1,1,1,1,1,1,1,1,1,4),(0.,1.E+03,2.E+03,3.E+03,4.E+03,5.E+03,
    6.E+03,7.E+03,8.E+03,9.E+03,1.E+04,1.1E+04,1.2E+04,1.22965E+04,
    1.30096E+04,1.33642E+04,1.45373E+04,1.6002E+04,1.6065E+04,
    1.75932E+04,1.91225E+04,2.06545E+04,2.10632E+04,2.21895E+04,
    2.37288E+04,2.4446E+04,2.53181E+04,2.53872E+04,2.70797E+04,
    2.8067E+04,2.88949E+04,2.98185E+04,3.00094E+04,3.10379E+04,
    3.2041E+04,3.2787E+04,3.32049E+04,3.42105E+04,3.52118E+04,
    3.52668E+04,3.64611E+04,3.68913E+04,3.76247E+04,3.85178E+04,
    3.93265E+04,4.01299E+04,4.14352E+04,4.17361E+04,4.20124E+04,
    4.33392E+04,4.49408E+04,4.65415E+04,4.81418E+04,4.97419E+04,
    5.13419E+04,5.1381E+04,5.30202E+04,5.55702E+04,5.88702E+04,
    6.15702E+04,6.51702E+04,6.87702E+04,7.23702E+04,7.59702E+04,
    7.95702E+04,8.22702E+04,8.58702E+04,8.94702E+04,9.30702E+04,
    9.66702E+04,1.0027E+05,1.0297E+05,1.3447E+05,1.3807E+05,1.4167E+05,
    1.4437E+05,1.4797E+05,1.5157E+05,1.5517E+05,1.5877E+05,1.6237E+05,
    1.6507E+05,1.6841E+05,1.7175E+05,1.7509E+05,1.7843E+05,1.78955E+05,
    1.8177E+05,1.85116E+05,1.85358E+05,1.8583E+05,1.86547E+05,
    1.87206E+05,1.87265E+05,1.87986E+05,1.88271E+05,1.88577E+05,
    1.88803E+05,1.89627E+05,1.89643E+05,1.90462E+05,1.91309E+05,
    1.92166E+05,1.92616E+05,1.93043E+05,1.93947E+05,1.94683E+05,
    1.94908E+05,1.95487E+05,1.95975E+05,1.96197E+05,1.97293E+05,
    1.97429E+05,1.98538E+05,1.99371E+05,1.99581E+05,2.00086E+05,
    2.00586E+05,2.01454E+05,2.01604E+05,2.02782E+05,2.02943E+05,
    2.03741E+05,2.03852E+05,2.04587E+05,2.04929E+05,2.0565E+05,
    2.0615E+05,2.06654E+05,2.0709E+05,2.07685E+05,2.08745E+05,
    2.09527E+05,2.09824E+05,2.1093E+05,2.11374E+05,2.115E+05,2.12087E+05
    ,2.13152E+05,2.13333E+05,2.14108E+05,2.14614E+05,2.1543E+05,
    2.15844E+05,2.16926E+05,2.1702E+05,2.18168E+05,2.1903E+05,
    2.19414E+05),.UNSPECIFIED.);
#1347 = CARTESIAN_POINT('',(-3.7E+03,2.E+03,2.3E+04));
#1348 = CARTESIAN_POINT('',(-3.7E+03,2.E+03,2.26667E+04));
#1349 = CARTESIAN_POINT('',(-3.7E+03,2.E+03,2.2E+04));
#1350 = CARTESIAN_POINT('',(-3.7E+03,2.E+03,2.1E+04));
#1351 = CARTESIAN_POINT('',(-3.7E+03,2.E+03,2.E+04));
#1352 = CARTESIAN_POINT('',(-3.7E+03,2.E+03,1.9E+04));
#1353 = CARTESIAN_POINT('',(-3.7E+03,2.E+03,1.8E+04));
#1354 = CARTESIAN_POINT('',(-3.7E+03,2.E+03,1.7E+04));
#1355 = CARTESIAN_POINT('',(-3.7E+03,2.E+03,1.6E+04));
#1356 = CARTESIAN_POINT('',(-3.7E+03,2.E+03,1.5E+04));
#1357 = CARTESIAN_POINT('',(-3.7E+03,2.E+03,1.4E+04));
#1358 = CARTESIAN_POINT('',(-3.7E+03,2.E+03,1.3E+04));
#1359 = CARTESIAN_POINT('',(-3.7E+03,2.E+03,1.2E+04));
#1360 = CARTESIAN_POINT('',(-3.7E+03,2.E+03,1.12345E+04));
#1361 = CARTESIAN_POINT('',(-3.7E+03,2.E+03,1.08024E+04));
#1362 = CARTESIAN_POINT('',(-3.7E+03,2.E+03,1.07035E+04));
#1363 = CARTESIAN_POINT('',(-3.46671E+03,2.E+03,1.06579E+04));
#1364 = CARTESIAN_POINT('',(-3.11734E+03,2.E+03,1.059E+04));
#1365 = CARTESIAN_POINT('',(-2.38397E+03,2.E+03,1.04482E+04));
#1366 = CARTESIAN_POINT('',(-1.40461E+03,2.E+03,1.0259E+04));
#1367 = CARTESIAN_POINT('',(-520.503,2.E+03,1.00892E+04));
#1368 = CARTESIAN_POINT('',(479.395,2.E+03,9.89476E+03));
#1369 = CARTESIAN_POINT('',(1.50059E+03,2.E+03,9.69695E+03));
#1370 = CARTESIAN_POINT('',(3.00121E+03,2.E+03,9.39951E+03));
#1371 = CARTESIAN_POINT('',(4.13427E+03,2.E+03,9.16672E+03));
#1372 = CARTESIAN_POINT('',(5.13312E+03,2.E+03,8.94888E+03));
#1373 = CARTESIAN_POINT('',(6.13539E+03,2.E+03,8.73499E+03));
#1374 = CARTESIAN_POINT('',(7.23295E+03,2.E+03,8.47707E+03));
#1375 = CARTESIAN_POINT('',(8.24898E+03,2.E+03,8.24035E+03));
#1376 = CARTESIAN_POINT('',(8.77706E+03,2.E+03,8.07576E+03));
#1377 = CARTESIAN_POINT('',(9.61901E+03,2.E+03,7.82725E+03));
#1378 = CARTESIAN_POINT('',(1.04946E+04,2.E+03,7.54723E+03));
#1379 = CARTESIAN_POINT('',(1.15487E+04,2.E+03,7.03584E+03));
#1380 = CARTESIAN_POINT('',(1.23353E+04,2.E+03,6.57227E+03));
#1381 = CARTESIAN_POINT('',(1.28544E+04,2.E+03,6.17694E+03));
#1382 = CARTESIAN_POINT('',(1.33502E+04,2.E+03,5.66292E+03));
#1383 = CARTESIAN_POINT('',(1.37905E+04,2.E+03,5.0497E+03));
#1384 = CARTESIAN_POINT('',(1.39129E+04,2.E+03,4.05568E+03));
#1385 = CARTESIAN_POINT('',(1.35163E+04,2.E+03,3.41697E+03));
#1386 = CARTESIAN_POINT('',(1.30634E+04,2.E+03,2.87158E+03));
#1387 = CARTESIAN_POINT('',(1.28782E+04,2.E+03,1.88039E+03));
#1388 = CARTESIAN_POINT('',(1.36146E+04,2.E+03,1.53422E+03));
#1389 = CARTESIAN_POINT('',(1.42937E+04,2.E+03,1.22137E+03));
#1390 = CARTESIAN_POINT('',(1.48351E+04,2.E+03,1.05889E+03));
#1391 = CARTESIAN_POINT('',(1.55975E+04,2.E+03,871.177));
#1392 = CARTESIAN_POINT('',(1.62699E+04,2.E+03,734.764));
#1393 = CARTESIAN_POINT('',(1.70717E+04,2.E+03,607.436));
#1394 = CARTESIAN_POINT('',(1.78996E+04,2.E+03,497.502));
#1395 = CARTESIAN_POINT('',(1.8866E+04,2.E+03,389.133));
#1396 = CARTESIAN_POINT('',(1.96661E+04,2.E+03,317.305));
#1397 = CARTESIAN_POINT('',(2.02918E+04,2.E+03,270.278));
#1398 = CARTESIAN_POINT('',(2.0925E+04,2.E+03,224.614));
#1399 = CARTESIAN_POINT('',(2.1988E+04,2.E+03,160.542));
#1400 = CARTESIAN_POINT('',(2.35137E+04,2.E+03,95.1864));
#1401 = CARTESIAN_POINT('',(2.50475E+04,2.E+03,48.2301));
#1402 = CARTESIAN_POINT('',(2.68948E+04,2.E+03,18.6049));
#1403 = CARTESIAN_POINT('',(2.75728E+04,2.E+03,4.50559));
#1404 = CARTESIAN_POINT('',(3.09746E+04,2.E+03,-0.52405));
#1405 = CARTESIAN_POINT('',(2.98478E+04,2.E+03,0.1));
#1406 = CARTESIAN_POINT('',(3.04072E+04,2.E+03,0.1));
#1407 = CARTESIAN_POINT('',(3.18036E+04,2.E+03,-7.29688E-02));
#1408 = CARTESIAN_POINT('',(3.43E+04,2.E+03,3.06952E-02));
#1409 = CARTESIAN_POINT('',(3.715E+04,2.E+03,-7.21087E-03));
#1410 = CARTESIAN_POINT('',(4.035E+04,2.E+03,2.43793E-03));
#1411 = CARTESIAN_POINT('',(4.365E+04,2.E+03,-7.30421E-04));
#1412 = CARTESIAN_POINT('',(4.725E+04,2.E+03,1.95725E-04));
#1413 = CARTESIAN_POINT('',(5.085E+04,2.E+03,-5.24776E-05));
#1414 = CARTESIAN_POINT('',(5.445E+04,2.E+03,1.41857E-05));
#1415 = CARTESIAN_POINT('',(5.775E+04,2.E+03,-2.72757E-06));
#1416 = CARTESIAN_POINT('',(6.105E+04,2.E+03,8.85151E-07));
#1417 = CARTESIAN_POINT('',(6.435E+04,2.E+03,-2.65198E-07));
#1418 = CARTESIAN_POINT('',(6.795E+04,2.E+03,7.10629E-08));
#1419 = CARTESIAN_POINT('',(7.155E+04,2.E+03,-1.90538E-08));
#1420 = CARTESIAN_POINT('',(7.515E+04,2.E+03,5.1523E-09));
#1421 = CARTESIAN_POINT('',(7.845E+04,2.E+03,-9.96436E-10));
#1422 = CARTESIAN_POINT('',(9.105E+04,2.E+03,4.10726E-09));
#1423 = CARTESIAN_POINT('',(1.0365E+05,2.E+03,-3.57529E-09));
#1424 = CARTESIAN_POINT('',(1.1655E+05,2.E+03,0.));
#1425 = CARTESIAN_POINT('',(1.1985E+05,2.E+03,0.));
#1426 = CARTESIAN_POINT('',(1.2315E+05,2.E+03,0.));
#1427 = CARTESIAN_POINT('',(1.2645E+05,2.E+03,0.));
#1428 = CARTESIAN_POINT('',(1.3005E+05,2.E+03,0.));
#1429 = CARTESIAN_POINT('',(1.3365E+05,2.E+03,0.));
#1430 = CARTESIAN_POINT('',(1.3725E+05,2.E+03,0.));
#1431 = CARTESIAN_POINT('',(1.4055E+05,2.E+03,0.));
#1432 = CARTESIAN_POINT('',(1.43763E+05,2.E+03,0.));
#1433 = CARTESIAN_POINT('',(1.4689E+05,2.E+03,0.));
#1434 = CARTESIAN_POINT('',(1.5023E+05,2.E+03,0.));
#1435 = CARTESIAN_POINT('',(1.5357E+05,2.E+03,0.));
#1436 = CARTESIAN_POINT('',(1.55972E+05,2.E+03,0.));
#1437 = CARTESIAN_POINT('',(1.5726E+05,2.E+03,-0.));
#1438 = CARTESIAN_POINT('',(1.58373E+05,2.E+03,0.));
#1439 = CARTESIAN_POINT('',(1.60427E+05,2.E+03,16.9908));
#1440 = CARTESIAN_POINT('',(1.62561E+05,2.E+03,119.183));
#1441 = CARTESIAN_POINT('',(1.63907E+05,2.E+03,257.621));
#1442 = CARTESIAN_POINT('',(1.64381E+05,2.E+03,311.07));
#1443 = CARTESIAN_POINT('',(1.64992E+05,2.E+03,394.209));
#1444 = CARTESIAN_POINT('',(1.65464E+05,2.E+03,467.653));
#1445 = CARTESIAN_POINT('',(1.65938E+05,2.E+03,545.185));
#1446 = CARTESIAN_POINT('',(1.66288E+05,2.E+03,605.815));
#1447 = CARTESIAN_POINT('',(1.66717E+05,2.E+03,688.894));
#1448 = CARTESIAN_POINT('',(1.66983E+05,2.E+03,743.945));
#1449 = CARTESIAN_POINT('',(1.67425E+05,2.E+03,840.634));
#1450 = CARTESIAN_POINT('',(1.6777E+05,2.E+03,925.349));
#1451 = CARTESIAN_POINT('',(1.68304E+05,2.E+03,1.07016E+03));
#1452 = CARTESIAN_POINT('',(1.68841E+05,2.E+03,1.23189E+03));
#1453 = CARTESIAN_POINT('',(1.69634E+05,2.E+03,1.51117E+03));
#1454 = CARTESIAN_POINT('',(1.70307E+05,2.E+03,1.76407E+03));
#1455 = CARTESIAN_POINT('',(1.70836E+05,2.E+03,1.99535E+03));
#1456 = CARTESIAN_POINT('',(1.71375E+05,2.E+03,2.24554E+03));
#1457 = CARTESIAN_POINT('',(1.71988E+05,2.E+03,2.56116E+03));
#1458 = CARTESIAN_POINT('',(1.72512E+05,2.E+03,2.89857E+03));
#1459 = CARTESIAN_POINT('',(1.72926E+05,2.E+03,3.20199E+03));
#1460 = CARTESIAN_POINT('',(1.7326E+05,2.E+03,3.47446E+03));
#1461 = CARTESIAN_POINT('',(1.73571E+05,2.E+03,3.77132E+03));
#1462 = CARTESIAN_POINT('',(1.7398E+05,2.E+03,4.2125E+03));
#1463 = CARTESIAN_POINT('',(1.74267E+05,2.E+03,4.60763E+03));
#1464 = CARTESIAN_POINT('',(1.74665E+05,2.E+03,5.2788E+03));
#1465 = CARTESIAN_POINT('',(1.74967E+05,2.E+03,5.90604E+03));
#1466 = CARTESIAN_POINT('',(1.75188E+05,2.E+03,6.59109E+03));
#1467 = CARTESIAN_POINT('',(1.75296E+05,2.E+03,7.09566E+03));
#1468 = CARTESIAN_POINT('',(1.75352E+05,2.E+03,7.49789E+03));
#1469 = CARTESIAN_POINT('',(1.75371E+05,2.E+03,8.12215E+03));
#1470 = CARTESIAN_POINT('',(1.75308E+05,2.E+03,8.63178E+03));
#1471 = CARTESIAN_POINT('',(1.75074E+05,2.E+03,9.32629E+03));
#1472 = CARTESIAN_POINT('',(1.74709E+05,2.E+03,9.71702E+03));
#1473 = CARTESIAN_POINT('',(1.74124E+05,2.E+03,1.01207E+04));
#1474 = CARTESIAN_POINT('',(1.73817E+05,2.E+03,1.03053E+04));
#1475 = CARTESIAN_POINT('',(1.73368E+05,2.E+03,1.06183E+04));
#1476 = CARTESIAN_POINT('',(1.73055E+05,2.E+03,1.08769E+04));
#1477 = CARTESIAN_POINT('',(1.72755E+05,2.E+03,1.14026E+04));
#1478 = CARTESIAN_POINT('',(1.7266E+05,2.E+03,1.1927E+04));
#1479 = CARTESIAN_POINT('',(1.72667E+05,2.E+03,1.25018E+04));
#1480 = CARTESIAN_POINT('',(1.7273E+05,2.E+03,1.29788E+04));
#1481 = CARTESIAN_POINT('',(1.72837E+05,2.E+03,1.34794E+04));
#1482 = CARTESIAN_POINT('',(1.73028E+05,2.E+03,1.41504E+04));
#1483 = CARTESIAN_POINT('',(1.73303E+05,2.E+03,1.49153E+04));
#1484 = CARTESIAN_POINT('',(1.73566E+05,2.E+03,1.55781E+04));
#1485 = CARTESIAN_POINT('',(1.73852E+05,2.E+03,1.62482E+04));
#1486 = CARTESIAN_POINT('',(1.74112E+05,2.E+03,1.6807E+04));
#1487 = CARTESIAN_POINT('',(1.74377E+05,2.E+03,1.72985E+04));
#1488 = CARTESIAN_POINT('',(1.74568E+05,2.E+03,1.7634E+04));
#1489 = CARTESIAN_POINT('',(1.74878E+05,2.E+03,1.81393E+04));
#1490 = CARTESIAN_POINT('',(1.75246E+05,2.E+03,1.86285E+04));
#1491 = CARTESIAN_POINT('',(1.75667E+05,2.E+03,1.91546E+04));
#1492 = CARTESIAN_POINT('',(1.75975E+05,2.E+03,1.95325E+04));
#1493 = CARTESIAN_POINT('',(1.7641E+05,2.E+03,2.00798E+04));
#1494 = CARTESIAN_POINT('',(1.76758E+05,2.E+03,2.05425E+04));
#1495 = CARTESIAN_POINT('',(1.77184E+05,2.E+03,2.11851E+04));
#1496 = CARTESIAN_POINT('',(1.77462E+05,2.E+03,2.16359E+04));
#1497 = CARTESIAN_POINT('',(1.77856E+05,2.E+03,2.23029E+04));
#1498 = CARTESIAN_POINT('',(1.782E+05,2.E+03,2.29144E+04));
#1499 = CARTESIAN_POINT('',(1.78575E+05,2.E+03,2.36187E+04));
#1500 = CARTESIAN_POINT('',(1.78768E+05,2.E+03,2.39866E+04));
#1501 = CARTESIAN_POINT('',(1.78827E+05,2.E+03,2.41E+04));
#1502 = CARTESIAN_POINT('',(-3.7E+03,2.E+03,2.3E+04));
#1503 = CARTESIAN_POINT('',(1.78827E+05,2.E+03,2.41E+04));
#1504 = ( GEOMETRIC_REPRESENTATION_CONTEXT(3) 
GLOBAL_UNCERTAINTY_ASSIGNED_CONTEXT((#1508)) 
GLOBAL_UNIT_ASSIGNED_CONTEXT((#1505,#1506,#1507)) REPRESENTATION_CONTEXT
('Context #1','3D Context with UNIT and UNCERTAINTY') );
#1505 = ( LENGTH_UNIT() NAMED_UNIT(*) SI_UNIT(.MILLI.,.METRE.) );
#1506 = ( NAMED_UNIT(*) PLANE_ANGLE_UNIT() SI_UNIT($,.RADIAN.) );
#1507 = ( NAMED_UNIT(*) SI_UNIT($,.STERADIAN.) SOLID_ANGLE_UNIT() );
#1508 = UNCERTAINTY_MEASURE_WITH_UNIT(LENGTH_MEASURE(1.E-07),#1505,
  'distance_accuracy_value','confusion accuracy');
#1509 = CONTEXT_DEPENDENT_SHAPE_REPRESENTATION(#1510,#1512);
#1510 = ( REPRESENTATION_RELATIONSHIP('','',#1343,#10) 
REPRESENTATION_RELATIONSHIP_WITH_TRANSFORMATION(#1511) 
SHAPE_REPRESENTATION_RELATIONSHIP() );
#1511 = ITEM_DEFINED_TRANSFORMATION('','',#11,#63);
#1512 = PRODUCT_DEFINITION_SHAPE('Placement','Placement of an item',
  #1513);
#1513 = NEXT_ASSEMBLY_USAGE_OCCURRENCE('13','','',#5,#1338,$);
#1514 = PRODUCT_RELATED_PRODUCT_CATEGORY('part',$,(#1340));
#1515 = SHAPE_DEFINITION_REPRESENTATION(#1516,#1522);
#1516 = PRODUCT_DEFINITION_SHAPE('','',#1517);
#1517 = PRODUCT_DEFINITION('design','',#1518,#1521);
#1518 = PRODUCT_DEFINITION_FORMATION('','',#1519);
#1519 = PRODUCT('Open CASCADE STEP translator 7.7 1.14',
  'Open CASCADE STEP translator 7.7 1.14','',(#1520));
#1520 = PRODUCT_CONTEXT('',#2,'mechanical');
#1521 = PRODUCT_DEFINITION_CONTEXT('part definition',#2,'design');
#1522 = GEOMETRICALLY_BOUNDED_WIREFRAME_SHAPE_REPRESENTATION('',(#11,
    #1523),#1580);
#1523 = GEOMETRIC_CURVE_SET('',(#1524));
#1524 = TRIMMED_CURVE('',#1525,(#1578,PARAMETER_VALUE(0.)),(#1579,
    PARAMETER_VALUE(3.36091E+04)),.T.,.PARAMETER.);
#1525 = B_SPLINE_CURVE_WITH_KNOTS('',3,(#1526,#1527,#1528,#1529,#1530,
    #1531,#1532,#1533,#1534,#1535,#1536,#1537,#1538,#1539,#1540,#1541,
    #1542,#1543,#1544,#1545,#1546,#1547,#1548,#1549,#1550,#1551,#1552,
    #1553,#1554,#1555,#1556,#1557,#1558,#1559,#1560,#1561,#1562,#1563,
    #1564,#1565,#1566,#1567,#1568,#1569,#1570,#1571,#1572,#1573,#1574,
    #1575,#1576,#1577),.UNSPECIFIED.,.F.,.F.,(4,1,1,1,1,1,2,1,1,1,1,1,1,
    1,1,1,1,1,1,1,1,1,1,1,1,1,1,1,1,1,1,1,1,2,1,1,1,1,1,1,1,1,1,1,1,1,1,
    4),(0.,500.,1.E+03,1.5E+03,2.E+03,3.E+03,3.59398E+03,4.001E+03,
    5.01406E+03,5.0261E+03,5.77065E+03,6.09097E+03,6.42223E+03,
    7.01546E+03,7.19094E+03,8.31644E+03,9.17862E+03,9.45038E+03,
    1.05795E+04,1.13254E+04,1.17125E+04,1.28746E+04,1.32792E+04,
    1.41025E+04,1.48876E+04,1.54569E+04,1.62482E+04,1.7086E+04,
    1.74528E+04,1.85574E+04,1.95988E+04,1.98794E+04,2.06089E+04,
    2.10812E+04,2.11091E+04,2.16091E+04,2.26091E+04,2.36091E+04,
    2.46091E+04,2.56091E+04,2.66091E+04,2.76091E+04,2.86091E+04,
    2.96091E+04,3.06091E+04,3.16091E+04,3.26091E+04,3.36091E+04),
  .UNSPECIFIED.);
#1526 = CARTESIAN_POINT('',(3.735E+04,0.,0.));
#1527 = CARTESIAN_POINT('',(3.735E+04,166.667,0.));
#1528 = CARTESIAN_POINT('',(3.735E+04,500.,0.));
#1529 = CARTESIAN_POINT('',(3.735E+04,1.E+03,0.));
#1530 = CARTESIAN_POINT('',(3.735E+04,1.5E+03,0.));
#1531 = CARTESIAN_POINT('',(3.735E+04,2.16667E+03,0.));
#1532 = CARTESIAN_POINT('',(3.735E+04,2.86466E+03,0.));
#1533 = CARTESIAN_POINT('',(3.735E+04,3.39599E+03,-0.));
#1534 = CARTESIAN_POINT('',(3.735E+04,3.72966E+03,0.));
#1535 = CARTESIAN_POINT('',(3.735E+04,4.20243E+03,40.2206));
#1536 = CARTESIAN_POINT('',(3.735E+04,4.67106E+03,147.351));
#1537 = CARTESIAN_POINT('',(3.735E+04,5.23233E+03,328.81));
#1538 = CARTESIAN_POINT('',(3.735E+04,5.57198E+03,445.797));
#1539 = CARTESIAN_POINT('',(3.735E+04,6.00389E+03,619.229));
#1540 = CARTESIAN_POINT('',(3.735E+04,6.38498E+03,783.466));
#1541 = CARTESIAN_POINT('',(3.735E+04,6.7172E+03,938.783));
#1542 = CARTESIAN_POINT('',(3.735E+04,7.28475E+03,1.21547E+03));
#1543 = CARTESIAN_POINT('',(3.735E+04,7.92326E+03,1.55083E+03));
#1544 = CARTESIAN_POINT('',(3.735E+04,8.58669E+03,1.90724E+03));
#1545 = CARTESIAN_POINT('',(3.735E+04,9.25194E+03,2.26293E+03));
#1546 = CARTESIAN_POINT('',(3.735E+04,9.8869E+03,2.59296E+03));
#1547 = CARTESIAN_POINT('',(3.735E+04,1.05552E+04,2.94234E+03));
#1548 = CARTESIAN_POINT('',(3.735E+04,1.12275E+04,3.30728E+03));
#1549 = CARTESIAN_POINT('',(3.735E+04,1.17902E+04,3.63631E+03));
#1550 = CARTESIAN_POINT('',(3.735E+04,1.24553E+04,4.07492E+03));
#1551 = CARTESIAN_POINT('',(3.735E+04,1.29959E+04,4.47346E+03));
#1552 = CARTESIAN_POINT('',(3.735E+04,1.35489E+04,4.94489E+03));
#1553 = CARTESIAN_POINT('',(3.735E+04,1.40569E+04,5.44905E+03));
#1554 = CARTESIAN_POINT('',(3.735E+04,1.45369E+04,6.00404E+03));
#1555 = CARTESIAN_POINT('',(3.735E+04,1.49226E+04,6.54792E+03));
#1556 = CARTESIAN_POINT('',(3.735E+04,1.5315E+04,7.21023E+03));
#1557 = CARTESIAN_POINT('',(3.735E+04,1.56766E+04,7.96981E+03));
#1558 = CARTESIAN_POINT('',(3.735E+04,1.59016E+04,8.75055E+03));
#1559 = CARTESIAN_POINT('',(3.735E+04,1.60298E+04,9.42221E+03));
#1560 = CARTESIAN_POINT('',(3.735E+04,1.60891E+04,9.91392E+03));
#1561 = CARTESIAN_POINT('',(3.735E+04,1.61E+04,1.03146E+04));
#1562 = CARTESIAN_POINT('',(3.735E+04,1.61E+04,1.04814E+04));
#1563 = CARTESIAN_POINT('',(3.735E+04,1.61E+04,1.06574E+04));
#1564 = CARTESIAN_POINT('',(3.735E+04,1.61E+04,1.11667E+04));
#1565 = CARTESIAN_POINT('',(3.735E+04,1.61E+04,1.2E+04));
#1566 = CARTESIAN_POINT('',(3.735E+04,1.61E+04,1.3E+04));
#1567 = CARTESIAN_POINT('',(3.735E+04,1.61E+04,1.4E+04));
#1568 = CARTESIAN_POINT('',(3.735E+04,1.61E+04,1.5E+04));
#1569 = CARTESIAN_POINT('',(3.735E+04,1.61E+04,1.6E+04));
#1570 = CARTESIAN_POINT('',(3.735E+04,1.61E+04,1.7E+04));
#1571 = CARTESIAN_POINT('',(3.735E+04,1.61E+04,1.8E+04));
#1572 = CARTESIAN_POINT('',(3.735E+04,1.61E+04,1.9E+04));
#1573 = CARTESIAN_POINT('',(3.735E+04,1.61E+04,2.E+04));
#1574 = CARTESIAN_POINT('',(3.735E+04,1.61E+04,2.1E+04));
#1575 = CARTESIAN_POINT('',(3.735E+04,1.61E+04,2.2E+04));
#1576 = CARTESIAN_POINT('',(3.735E+04,1.61E+04,2.26667E+04));
#1577 = CARTESIAN_POINT('',(3.735E+04,1.61E+04,2.3E+04));
#1578 = CARTESIAN_POINT('',(3.735E+04,0.,0.));
#1579 = CARTESIAN_POINT('',(3.735E+04,1.61E+04,2.3E+04));
#1580 = ( GEOMETRIC_REPRESENTATION_CONTEXT(3) 
GLOBAL_UNCERTAINTY_ASSIGNED_CONTEXT((#1584)) 
GLOBAL_UNIT_ASSIGNED_CONTEXT((#1581,#1582,#1583)) REPRESENTATION_CONTEXT
('Context #1','3D Context with UNIT and UNCERTAINTY') );
#1581 = ( LENGTH_UNIT() NAMED_UNIT(*) SI_UNIT(.MILLI.,.METRE.) );
#1582 = ( NAMED_UNIT(*) PLANE_ANGLE_UNIT() SI_UNIT($,.RADIAN.) );
#1583 = ( NAMED_UNIT(*) SI_UNIT($,.STERADIAN.) SOLID_ANGLE_UNIT() );
#1584 = UNCERTAINTY_MEASURE_WITH_UNIT(LENGTH_MEASURE(1.E-07),#1581,
  'distance_accuracy_value','confusion accuracy');
#1585 = CONTEXT_DEPENDENT_SHAPE_REPRESENTATION(#1586,#1588);
#1586 = ( REPRESENTATION_RELATIONSHIP('','',#1522,#10) 
REPRESENTATION_RELATIONSHIP_WITH_TRANSFORMATION(#1587) 
SHAPE_REPRESENTATION_RELATIONSHIP() );
#1587 = ITEM_DEFINED_TRANSFORMATION('','',#11,#67);
#1588 = PRODUCT_DEFINITION_SHAPE('Placement','Placement of an item',
  #1589);
#1589 = NEXT_ASSEMBLY_USAGE_OCCURRENCE('14','','',#5,#1517,$);
#1590 = PRODUCT_RELATED_PRODUCT_CATEGORY('part',$,(#1519));
#1591 = SHAPE_DEFINITION_REPRESENTATION(#1592,#1598);
#1592 = PRODUCT_DEFINITION_SHAPE('','',#1593);
#1593 = PRODUCT_DEFINITION('design','',#1594,#1597);
#1594 = PRODUCT_DEFINITION_FORMATION('','',#1595);
#1595 = PRODUCT('Open CASCADE STEP translator 7.7 1.15',
  'Open CASCADE STEP translator 7.7 1.15','',(#1596));
#1596 = PRODUCT_CONTEXT('',#2,'mechanical');
#1597 = PRODUCT_DEFINITION_CONTEXT('part definition',#2,'design');
#1598 = GEOMETRICALLY_BOUNDED_WIREFRAME_SHAPE_REPRESENTATION('',(#11,
    #1599),#1708);
#1599 = GEOMETRIC_CURVE_SET('',(#1600));
#1600 = TRIMMED_CURVE('',#1601,(#1706,PARAMETER_VALUE(0.)),(#1707,
    PARAMETER_VALUE(1.63576E+05)),.T.,.PARAMETER.);
#1601 = B_SPLINE_CURVE_WITH_KNOTS('',3,(#1602,#1603,#1604,#1605,#1606,
    #1607,#1608,#1609,#1610,#1611,#1612,#1613,#1614,#1615,#1616,#1617,
    #1618,#1619,#1620,#1621,#1622,#1623,#1624,#1625,#1626,#1627,#1628,
    #1629,#1630,#1631,#1632,#1633,#1634,#1635,#1636,#1637,#1638,#1639,
    #1640,#1641,#1642,#1643,#1644,#1645,#1646,#1647,#1648,#1649,#1650,
    #1651,#1652,#1653,#1654,#1655,#1656,#1657,#1658,#1659,#1660,#1661,
    #1662,#1663,#1664,#1665,#1666,#1667,#1668,#1669,#1670,#1671,#1672,
    #1673,#1674,#1675,#1676,#1677,#1678,#1679,#1680,#1681,#1682,#1683,
    #1684,#1685,#1686,#1687,#1688,#1689,#1690,#1691,#1692,#1693,#1694,
    #1695,#1696,#1697,#1698,#1699,#1700,#1701,#1702,#1703,#1704,#1705),
  .UNSPECIFIED.,.F.,.F.,(4,1,1,1,1,1,1,1,1,1,1,1,1,1,1,1,1,1,1,1,1,1,1,1
    ,1,1,1,1,1,1,1,1,1,1,1,1,1,1,1,1,1,1,1,1,1,1,3,3,1,1,1,1,1,1,1,1,1,1
    ,1,1,1,1,1,1,1,1,1,1,1,1,1,1,1,1,1,1,1,1,1,1,1,1,1,1,1,1,1,1,1,1,1,1
    ,1,1,1,1,1,4),(0.,115.517,387.013,814.314,1.08685E+03,1.65436E+03,
    2.49019E+03,2.79809E+03,3.03314E+03,3.32565E+03,4.0688E+03,
    4.49199E+03,4.81443E+03,5.56312E+03,6.06035E+03,6.31503E+03,
    9.07372E+03,9.85568E+03,1.20726E+04,1.34094E+04,1.47705E+04,
    1.70441E+04,1.72841E+04,1.99723E+04,2.06407E+04,2.27781E+04,
    2.4213E+04,2.56144E+04,2.77708E+04,2.85928E+04,3.06181E+04,
    3.18528E+04,3.43713E+04,3.55425E+04,3.80855E+04,3.98592E+04,
    4.17674E+04,4.54181E+04,4.54948E+04,4.55667E+04,4.90454E+04,
    5.17556E+04,5.53611E+04,5.89629E+04,6.11992E+04,6.13893E+04,
    6.2563E+04,8.68627E+04,9.04619E+04,9.31616E+04,9.67643E+04,
    1.00375E+05,1.04001E+05,1.04461E+05,1.07652E+05,1.09886E+05,
    1.11336E+05,1.13951E+05,1.14129E+05,1.1748E+05,1.17885E+05,
    1.20635E+05,1.2169E+05,1.23558E+05,1.25524E+05,1.26458E+05,
    1.29354E+05,1.2939E+05,1.32525E+05,1.33149E+05,1.35929E+05,
    1.3597E+05,1.39369E+05,1.40278E+05,1.4196E+05,1.43581E+05,1.452E+05,
    1.46529E+05,1.46818E+05,1.48436E+05,1.50055E+05,1.51675E+05,
    1.53015E+05,1.53294E+05,1.53598E+05,1.54912E+05,1.56351E+05,
    1.56529E+05,1.58145E+05,1.5971E+05,1.59761E+05,1.599E+05,1.61379E+05
    ,1.6267E+05,1.63032E+05,1.63274E+05,1.63473E+05,1.63576E+05),
  .UNSPECIFIED.);
#1602 = CARTESIAN_POINT('',(1.69509E+05,0.,250.));
#1603 = CARTESIAN_POINT('',(1.69495E+05,38.1276,250.));
#1604 = CARTESIAN_POINT('',(1.6943E+05,149.192,250.));
#1605 = CARTESIAN_POINT('',(1.69175E+05,278.284,250.));
#1606 = CARTESIAN_POINT('',(1.68881E+05,399.26,250.));
#1607 = CARTESIAN_POINT('',(1.68478E+05,531.204,250.));
#1608 = CARTESIAN_POINT('',(1.67945E+05,696.315,250.));
#1609 = CARTESIAN_POINT('',(1.67399E+05,860.896,250.));
#1610 = CARTESIAN_POINT('',(1.66958E+05,993.017,250.));
#1611 = CARTESIAN_POINT('',(1.66692E+05,1.07309E+03,250.));
#1612 = CARTESIAN_POINT('',(1.66286E+05,1.19549E+03,250.));
#1613 = CARTESIAN_POINT('',(1.65822E+05,1.33905E+03,250.));
#1614 = CARTESIAN_POINT('',(1.65349E+05,1.48939E+03,250.));
#1615 = CARTESIAN_POINT('',(1.64875E+05,1.64302E+03,250.));
#1616 = CARTESIAN_POINT('',(1.64379E+05,1.80874E+03,250.));
#1617 = CARTESIAN_POINT('',(1.63906E+05,1.97301E+03,250.));
#1618 = CARTESIAN_POINT('',(1.62803E+05,2.36202E+03,250.));
#1619 = CARTESIAN_POINT('',(1.61609E+05,2.78099E+03,250.));
#1620 = CARTESIAN_POINT('',(1.59799E+05,3.4187E+03,250.));
#1621 = CARTESIAN_POINT('',(1.58434E+05,3.8943E+03,250.));
#1622 = CARTESIAN_POINT('',(1.56899E+05,4.46596E+03,250.));
#1623 = CARTESIAN_POINT('',(1.55374E+05,5.11731E+03,250.));
#1624 = CARTESIAN_POINT('',(1.54194E+05,5.64213E+03,250.));
#1625 = CARTESIAN_POINT('',(1.52598E+05,6.31847E+03,250.));
#1626 = CARTESIAN_POINT('',(1.51482E+05,6.75845E+03,250.));
#1627 = CARTESIAN_POINT('',(1.49773E+05,7.41645E+03,250.));
#1628 = CARTESIAN_POINT('',(1.48451E+05,7.91725E+03,250.));
#1629 = CARTESIAN_POINT('',(1.46901E+05,8.5038E+03,250.));
#1630 = CARTESIAN_POINT('',(1.45343E+05,9.0907E+03,250.));
#1631 = CARTESIAN_POINT('',(1.43971E+05,9.59008E+03,250.));
#1632 = CARTESIAN_POINT('',(1.42393E+05,1.01304E+04,250.));
#1633 = CARTESIAN_POINT('',(1.41103E+05,1.05636E+04,250.));
#1634 = CARTESIAN_POINT('',(1.39261E+05,1.11271E+04,250.));
#1635 = CARTESIAN_POINT('',(1.37685E+05,1.15842E+04,250.));
#1636 = CARTESIAN_POINT('',(1.35677E+05,1.21201E+04,250.));
#1637 = CARTESIAN_POINT('',(1.33901E+05,1.25599E+04,250.));
#1638 = CARTESIAN_POINT('',(1.31877E+05,1.3015E+04,250.));
#1639 = CARTESIAN_POINT('',(1.29483E+05,1.35069E+04,250.));
#1640 = CARTESIAN_POINT('',(1.27629E+05,1.3818E+04,250.));
#1641 = CARTESIAN_POINT('',(1.26376E+05,1.39998E+04,250.));
#1642 = CARTESIAN_POINT('',(1.25179E+05,1.41723E+04,250.));
#1643 = CARTESIAN_POINT('',(1.23107E+05,1.44241E+04,250.));
#1644 = CARTESIAN_POINT('',(1.19854E+05,1.4706E+04,250.));
#1645 = CARTESIAN_POINT('',(1.16552E+05,1.48796E+04,250.));
#1646 = CARTESIAN_POINT('',(1.13405E+05,1.4981E+04,250.));
#1647 = CARTESIAN_POINT('',(1.11396E+05,1.5E+04,250.));
#1648 = CARTESIAN_POINT('',(1.10196E+05,1.5E+04,250.));
#1649 = CARTESIAN_POINT('',(1.09741E+05,1.49976E+04,250.));
#1650 = CARTESIAN_POINT('',(1.0935E+05,1.49937E+04,250.));
#1651 = CARTESIAN_POINT('',(1.0125E+05,1.49937E+04,250.));
#1652 = CARTESIAN_POINT('',(9.315E+04,1.49937E+04,250.));
#1653 = CARTESIAN_POINT('',(8.505E+04,1.49937E+04,250.));
#1654 = CARTESIAN_POINT('',(8.38503E+04,1.49969E+04,250.));
#1655 = CARTESIAN_POINT('',(8.17498E+04,1.50031E+04,250.));
#1656 = CARTESIAN_POINT('',(7.84487E+04,1.49636E+04,250.));
#1657 = CARTESIAN_POINT('',(7.51456E+04,1.48195E+04,250.));
#1658 = CARTESIAN_POINT('',(7.15438E+04,1.452E+04,250.));
#1659 = CARTESIAN_POINT('',(6.89928E+04,1.42287E+04,250.));
#1660 = CARTESIAN_POINT('',(6.65945E+04,1.38633E+04,250.));
#1661 = CARTESIAN_POINT('',(6.46601E+04,1.35311E+04,250.));
#1662 = CARTESIAN_POINT('',(6.24156E+04,1.30643E+04,250.));
#1663 = CARTESIAN_POINT('',(6.03705E+04,1.25851E+04,250.));
#1664 = CARTESIAN_POINT('',(5.90039E+04,1.22182E+04,250.));
#1665 = CARTESIAN_POINT('',(5.70306E+04,1.16684E+04,250.));
#1666 = CARTESIAN_POINT('',(5.5772E+04,1.12982E+04,250.));
#1667 = CARTESIAN_POINT('',(5.37048E+04,1.06404E+04,250.));
#1668 = CARTESIAN_POINT('',(5.23739E+04,1.01937E+04,250.));
#1669 = CARTESIAN_POINT('',(5.05945E+04,9.55238E+03,250.));
#1670 = CARTESIAN_POINT('',(4.90653E+04,8.98829E+03,250.));
#1671 = CARTESIAN_POINT('',(4.75731E+04,8.44036E+03,250.));
#1672 = CARTESIAN_POINT('',(4.57585E+04,7.7756E+03,250.));
#1673 = CARTESIAN_POINT('',(4.45521E+04,7.32117E+03,250.));
#1674 = CARTESIAN_POINT('',(4.26389E+04,6.66453E+03,250.));
#1675 = CARTESIAN_POINT('',(4.14409E+04,6.2571E+03,250.));
#1676 = CARTESIAN_POINT('',(3.93667E+04,5.58619E+03,250.));
#1677 = CARTESIAN_POINT('',(3.82679E+04,5.25006E+03,250.));
#1678 = CARTESIAN_POINT('',(3.62736E+04,4.68186E+03,250.));
#1679 = CARTESIAN_POINT('',(3.48665E+04,4.32266E+03,250.));
#1680 = CARTESIAN_POINT('',(3.29046E+04,3.94974E+03,250.));
#1681 = CARTESIAN_POINT('',(3.15201E+04,3.71586E+03,250.));
#1682 = CARTESIAN_POINT('',(2.99006E+04,3.45067E+03,250.));
#1683 = CARTESIAN_POINT('',(2.83964E+04,3.20879E+03,250.));
#1684 = CARTESIAN_POINT('',(2.73287E+04,3.05119E+03,250.));
#1685 = CARTESIAN_POINT('',(2.62617E+04,2.89194E+03,250.));
#1686 = CARTESIAN_POINT('',(2.50995E+04,2.7145E+03,250.));
#1687 = CARTESIAN_POINT('',(2.34998E+04,2.46299E+03,250.));
#1688 = CARTESIAN_POINT('',(2.19919E+04,2.22346E+03,250.));
#1689 = CARTESIAN_POINT('',(2.09253E+04,2.05468E+03,250.));
#1690 = CARTESIAN_POINT('',(2.02919E+04,1.95559E+03,250.));
#1691 = CARTESIAN_POINT('',(1.96668E+04,1.85832E+03,250.));
#1692 = CARTESIAN_POINT('',(1.86595E+04,1.70328E+03,250.));
#1693 = CARTESIAN_POINT('',(1.76926E+04,1.55977E+03,250.));
#1694 = CARTESIAN_POINT('',(1.66258E+04,1.40633E+03,250.));
#1695 = CARTESIAN_POINT('',(1.55166E+04,1.25086E+03,250.));
#1696 = CARTESIAN_POINT('',(1.44497E+04,1.10118E+03,250.));
#1697 = CARTESIAN_POINT('',(1.38708E+04,1.01603E+03,250.));
#1698 = CARTESIAN_POINT('',(1.33204E+04,934.662,250.));
#1699 = CARTESIAN_POINT('',(1.23621E+04,791.491,250.));
#1700 = CARTESIAN_POINT('',(1.13302E+04,609.845,250.));
#1701 = CARTESIAN_POINT('',(1.07328E+04,394.74,250.));
#1702 = CARTESIAN_POINT('',(1.04975E+04,269.051,250.));
#1703 = CARTESIAN_POINT('',(1.03612E+04,133.872,250.));
#1704 = CARTESIAN_POINT('',(1.03376E+04,36.2332,250.));
#1705 = CARTESIAN_POINT('',(1.03371E+04,0.,250.));
#1706 = CARTESIAN_POINT('',(1.69509E+05,0.,250.));
#1707 = CARTESIAN_POINT('',(1.03371E+04,0.,250.));
#1708 = ( GEOMETRIC_REPRESENTATION_CONTEXT(3) 
GLOBAL_UNCERTAINTY_ASSIGNED_CONTEXT((#1712)) 
GLOBAL_UNIT_ASSIGNED_CONTEXT((#1709,#1710,#1711)) REPRESENTATION_CONTEXT
('Context #1','3D Context with UNIT and UNCERTAINTY') );
#1709 = ( LENGTH_UNIT() NAMED_UNIT(*) SI_UNIT(.MILLI.,.METRE.) );
#1710 = ( NAMED_UNIT(*) PLANE_ANGLE_UNIT() SI_UNIT($,.RADIAN.) );
#1711 = ( NAMED_UNIT(*) SI_UNIT($,.STERADIAN.) SOLID_ANGLE_UNIT() );
#1712 = UNCERTAINTY_MEASURE_WITH_UNIT(LENGTH_MEASURE(1.E-07),#1709,
  'distance_accuracy_value','confusion accuracy');
#1713 = CONTEXT_DEPENDENT_SHAPE_REPRESENTATION(#1714,#1716);
#1714 = ( REPRESENTATION_RELATIONSHIP('','',#1598,#10) 
REPRESENTATION_RELATIONSHIP_WITH_TRANSFORMATION(#1715) 
SHAPE_REPRESENTATION_RELATIONSHIP() );
#1715 = ITEM_DEFINED_TRANSFORMATION('','',#11,#71);
#1716 = PRODUCT_DEFINITION_SHAPE('Placement','Placement of an item',
  #1717);
#1717 = NEXT_ASSEMBLY_USAGE_OCCURRENCE('15','','',#5,#1593,$);
#1718 = PRODUCT_RELATED_PRODUCT_CATEGORY('part',$,(#1595));
#1719 = SHAPE_DEFINITION_REPRESENTATION(#1720,#1726);
#1720 = PRODUCT_DEFINITION_SHAPE('','',#1721);
#1721 = PRODUCT_DEFINITION('design','',#1722,#1725);
#1722 = PRODUCT_DEFINITION_FORMATION('','',#1723);
#1723 = PRODUCT('Open CASCADE STEP translator 7.7 1.16',
  'Open CASCADE STEP translator 7.7 1.16','',(#1724));
#1724 = PRODUCT_CONTEXT('',#2,'mechanical');
#1725 = PRODUCT_DEFINITION_CONTEXT('part definition',#2,'design');
#1726 = GEOMETRICALLY_BOUNDED_WIREFRAME_SHAPE_REPRESENTATION('',(#11,
    #1727),#1839);
#1727 = GEOMETRIC_CURVE_SET('',(#1728));
#1728 = TRIMMED_CURVE('',#1729,(#1837,PARAMETER_VALUE(0.)),(#1838,
    PARAMETER_VALUE(1.6621E+05)),.T.,.PARAMETER.);
#1729 = B_SPLINE_CURVE_WITH_KNOTS('',3,(#1730,#1731,#1732,#1733,#1734,
    #1735,#1736,#1737,#1738,#1739,#1740,#1741,#1742,#1743,#1744,#1745,
    #1746,#1747,#1748,#1749,#1750,#1751,#1752,#1753,#1754,#1755,#1756,
    #1757,#1758,#1759,#1760,#1761,#1762,#1763,#1764,#1765,#1766,#1767,
    #1768,#1769,#1770,#1771,#1772,#1773,#1774,#1775,#1776,#1777,#1778,
    #1779,#1780,#1781,#1782,#1783,#1784,#1785,#1786,#1787,#1788,#1789,
    #1790,#1791,#1792,#1793,#1794,#1795,#1796,#1797,#1798,#1799,#1800,
    #1801,#1802,#1803,#1804,#1805,#1806,#1807,#1808,#1809,#1810,#1811,
    #1812,#1813,#1814,#1815,#1816,#1817,#1818,#1819,#1820,#1821,#1822,
    #1823,#1824,#1825,#1826,#1827,#1828,#1829,#1830,#1831,#1832,#1833,
    #1834,#1835,#1836),.UNSPECIFIED.,.F.,.F.,(4,1,1,1,1,1,1,1,1,1,1,1,1,
    1,1,1,1,1,1,1,1,1,1,1,1,1,1,1,1,1,1,1,1,1,1,1,1,1,1,1,1,1,1,1,1,1,1,
    1,3,3,1,1,1,1,1,1,1,1,1,1,1,1,1,1,1,1,1,1,1,1,1,1,1,1,1,1,1,1,1,1,1,
    1,1,1,1,1,1,1,1,1,1,1,1,1,1,1,1,1,1,1,4),(0.,105.457,340.317,538.837
    ,963.964,1.39448E+03,2.2421E+03,2.4718E+03,3.08628E+03,3.92956E+03,
    4.05077E+03,4.47783E+03,4.77344E+03,4.83448E+03,5.52575E+03,
    5.58779E+03,6.28291E+03,7.04369E+03,7.80579E+03,8.37759E+03,
    1.11345E+04,1.13897E+04,1.3885E+04,1.4985E+04,1.64335E+04,
    1.86283E+04,1.89459E+04,2.16832E+04,2.22179E+04,2.45296E+04,
    2.5779E+04,2.75067E+04,2.93102E+04,3.07164E+04,3.21373E+04,
    3.43213E+04,3.58677E+04,3.85105E+04,3.95638E+04,4.32296E+04,
    4.37326E+04,4.68706E+04,4.70189E+04,5.04924E+04,5.22579E+04,
    5.32005E+04,5.68052E+04,6.04065E+04,6.40065E+04,8.83062E+04,
    9.19056E+04,9.46053E+04,9.82071E+04,1.0114E+05,1.01815E+05,
    1.05433E+05,1.09073E+05,1.09306E+05,1.12738E+05,1.14302E+05,
    1.15511E+05,1.1825E+05,1.19244E+05,1.21633E+05,1.23028E+05,
    1.24705E+05,1.26857E+05,1.27564E+05,1.30394E+05,1.30704E+05,
    1.33315E+05,1.34525E+05,1.36436E+05,1.37373E+05,1.39836E+05,
    1.40802E+05,1.43413E+05,1.44499E+05,1.45041E+05,1.46664E+05,
    1.48284E+05,1.49902E+05,1.50795E+05,1.5152E+05,1.5314E+05,1.5476E+05
    ,1.55063E+05,1.56379E+05,1.57188E+05,1.57999E+05,1.59617E+05,
    1.60495E+05,1.61185E+05,1.61235E+05,1.62855E+05,1.63631E+05,
    1.64484E+05,1.65532E+05,1.65938E+05,1.66109E+05,1.6621E+05),
  .UNSPECIFIED.);
#1730 = CARTESIAN_POINT('',(1.7082E+05,0.,500.));
#1731 = CARTESIAN_POINT('',(1.70816E+05,37.8947,500.));
#1732 = CARTESIAN_POINT('',(1.70778E+05,144.486,500.));
#1733 = CARTESIAN_POINT('',(1.70615E+05,248.037,500.));
#1734 = CARTESIAN_POINT('',(1.70366E+05,379.154,500.));
#1735 = CARTESIAN_POINT('',(1.70033E+05,501.454,500.));
#1736 = CARTESIAN_POINT('',(1.695E+05,692.375,500.));
#1737 = CARTESIAN_POINT('',(1.69025E+05,858.624,500.));
#1738 = CARTESIAN_POINT('',(1.68492E+05,1.04191E+03,500.));
#1739 = CARTESIAN_POINT('',(1.67958E+05,1.21875E+03,500.));
#1740 = CARTESIAN_POINT('',(1.67458E+05,1.38549E+03,500.));
#1741 = CARTESIAN_POINT('',(1.67018E+05,1.53226E+03,500.));
#1742 = CARTESIAN_POINT('',(1.66751E+05,1.62123E+03,500.));
#1743 = CARTESIAN_POINT('',(1.66504E+05,1.70491E+03,500.));
#1744 = CARTESIAN_POINT('',(1.66173E+05,1.818E+03,500.));
#1745 = CARTESIAN_POINT('',(1.65917E+05,1.90786E+03,500.));
#1746 = CARTESIAN_POINT('',(1.65463E+05,2.07151E+03,500.));
#1747 = CARTESIAN_POINT('',(1.64989E+05,2.24844E+03,500.));
#1748 = CARTESIAN_POINT('',(1.64299E+05,2.51498E+03,500.));
#1749 = CARTESIAN_POINT('',(1.63649E+05,2.76927E+03,500.));
#1750 = CARTESIAN_POINT('',(1.62379E+05,3.26444E+03,500.));
#1751 = CARTESIAN_POINT('',(1.61266E+05,3.70021E+03,500.));
#1752 = CARTESIAN_POINT('',(1.59553E+05,4.36029E+03,500.));
#1753 = CARTESIAN_POINT('',(1.58354E+05,4.81856E+03,500.));
#1754 = CARTESIAN_POINT('',(1.56801E+05,5.46362E+03,500.));
#1755 = CARTESIAN_POINT('',(1.55354E+05,6.09911E+03,500.));
#1756 = CARTESIAN_POINT('',(1.54147E+05,6.63578E+03,500.));
#1757 = CARTESIAN_POINT('',(1.52533E+05,7.31208E+03,500.));
#1758 = CARTESIAN_POINT('',(1.51414E+05,7.73482E+03,500.));
#1759 = CARTESIAN_POINT('',(1.49678E+05,8.40654E+03,500.));
#1760 = CARTESIAN_POINT('',(1.48397E+05,8.87878E+03,500.));
#1761 = CARTESIAN_POINT('',(1.46741E+05,9.48409E+03,500.));
#1762 = CARTESIAN_POINT('',(1.45237E+05,1.0012E+04,500.));
#1763 = CARTESIAN_POINT('',(1.43677E+05,1.05359E+04,500.));
#1764 = CARTESIAN_POINT('',(1.42206E+05,1.10047E+04,500.));
#1765 = CARTESIAN_POINT('',(1.40608E+05,1.14889E+04,500.));
#1766 = CARTESIAN_POINT('',(1.38954E+05,1.19505E+04,500.));
#1767 = CARTESIAN_POINT('',(1.36897E+05,1.24837E+04,500.));
#1768 = CARTESIAN_POINT('',(1.35197E+05,1.28886E+04,500.));
#1769 = CARTESIAN_POINT('',(1.328E+05,1.34128E+04,500.));
#1770 = CARTESIAN_POINT('',(1.3109E+05,1.37422E+04,500.));
#1771 = CARTESIAN_POINT('',(1.28688E+05,1.41461E+04,500.));
#1772 = CARTESIAN_POINT('',(1.27438E+05,1.4331E+04,500.));
#1773 = CARTESIAN_POINT('',(1.25204E+05,1.4625E+04,500.));
#1774 = CARTESIAN_POINT('',(1.23418E+05,1.4817E+04,500.));
#1775 = CARTESIAN_POINT('',(1.21364E+05,1.49815E+04,500.));
#1776 = CARTESIAN_POINT('',(1.19265E+05,1.51307E+04,500.));
#1777 = CARTESIAN_POINT('',(1.16552E+05,1.52627E+04,500.));
#1778 = CARTESIAN_POINT('',(1.12951E+05,1.5362E+04,500.));
#1779 = CARTESIAN_POINT('',(1.1055E+05,1.53698E+04,500.));
#1780 = CARTESIAN_POINT('',(1.0935E+05,1.53602E+04,500.));
#1781 = CARTESIAN_POINT('',(1.0125E+05,1.53602E+04,500.));
#1782 = CARTESIAN_POINT('',(9.315E+04,1.53602E+04,500.));
#1783 = CARTESIAN_POINT('',(8.505E+04,1.53602E+04,500.));
#1784 = CARTESIAN_POINT('',(8.38502E+04,1.53614E+04,500.));
#1785 = CARTESIAN_POINT('',(8.17499E+04,1.53673E+04,500.));
#1786 = CARTESIAN_POINT('',(7.84491E+04,1.5338E+04,500.));
#1787 = CARTESIAN_POINT('',(7.53719E+04,1.52248E+04,500.));
#1788 = CARTESIAN_POINT('',(7.29733E+04,1.5062E+04,500.));
#1789 = CARTESIAN_POINT('',(7.05722E+04,1.48653E+04,500.));
#1790 = CARTESIAN_POINT('',(6.7939E+04,1.46089E+04,500.));
#1791 = CARTESIAN_POINT('',(6.54692E+04,1.4231E+04,500.));
#1792 = CARTESIAN_POINT('',(6.30687E+04,1.38203E+04,500.));
#1793 = CARTESIAN_POINT('',(6.13563E+04,1.34896E+04,500.));
#1794 = CARTESIAN_POINT('',(5.93391E+04,1.30306E+04,500.));
#1795 = CARTESIAN_POINT('',(5.75538E+04,1.25952E+04,500.));
#1796 = CARTESIAN_POINT('',(5.59633E+04,1.21629E+04,500.));
#1797 = CARTESIAN_POINT('',(5.40025E+04,1.15959E+04,500.));
#1798 = CARTESIAN_POINT('',(5.24862E+04,1.1107E+04,500.));
#1799 = CARTESIAN_POINT('',(5.07596E+04,1.05291E+04,500.));
#1800 = CARTESIAN_POINT('',(4.91158E+04,9.95324E+03,500.));
#1801 = CARTESIAN_POINT('',(4.77006E+04,9.41942E+03,500.));
#1802 = CARTESIAN_POINT('',(4.59259E+04,8.75045E+03,500.));
#1803 = CARTESIAN_POINT('',(4.47266E+04,8.29563E+03,500.));
#1804 = CARTESIAN_POINT('',(4.29321E+04,7.62103E+03,500.));
#1805 = CARTESIAN_POINT('',(4.16385E+04,7.14766E+03,500.));
#1806 = CARTESIAN_POINT('',(3.98297E+04,6.53171E+03,500.));
#1807 = CARTESIAN_POINT('',(3.85459E+04,6.10438E+03,500.));
#1808 = CARTESIAN_POINT('',(3.68689E+04,5.53733E+03,500.));
#1809 = CARTESIAN_POINT('',(3.54756E+04,5.1107E+03,500.));
#1810 = CARTESIAN_POINT('',(3.35169E+04,4.64194E+03,500.));
#1811 = CARTESIAN_POINT('',(3.19999E+04,4.30093E+03,500.));
#1812 = CARTESIAN_POINT('',(3.06123E+04,4.03159E+03,500.));
#1813 = CARTESIAN_POINT('',(2.95458E+04,3.83809E+03,500.));
#1814 = CARTESIAN_POINT('',(2.8301E+04,3.62975E+03,500.));
#1815 = CARTESIAN_POINT('',(2.67017E+04,3.36906E+03,500.));
#1816 = CARTESIAN_POINT('',(2.53385E+04,3.17267E+03,500.));
#1817 = CARTESIAN_POINT('',(2.42723E+04,3.00828E+03,500.));
#1818 = CARTESIAN_POINT('',(2.3205E+04,2.84553E+03,500.));
#1819 = CARTESIAN_POINT('',(2.19002E+04,2.63496E+03,500.));
#1820 = CARTESIAN_POINT('',(2.07333E+04,2.45104E+03,500.));
#1821 = CARTESIAN_POINT('',(1.96667E+04,2.28118E+03,500.));
#1822 = CARTESIAN_POINT('',(1.88672E+04,2.15416E+03,500.));
#1823 = CARTESIAN_POINT('',(1.79009E+04,1.99906E+03,500.));
#1824 = CARTESIAN_POINT('',(1.68342E+04,1.83437E+03,500.));
#1825 = CARTESIAN_POINT('',(1.57437E+04,1.67073E+03,500.));
#1826 = CARTESIAN_POINT('',(1.46938E+04,1.50985E+03,500.));
#1827 = CARTESIAN_POINT('',(1.41606E+04,1.42702E+03,500.));
#1828 = CARTESIAN_POINT('',(1.33831E+04,1.30601E+03,500.));
#1829 = CARTESIAN_POINT('',(1.25777E+04,1.17973E+03,500.));
#1830 = CARTESIAN_POINT('',(1.15091E+04,1.0002E+03,500.));
#1831 = CARTESIAN_POINT('',(1.06369E+04,819.624,500.));
#1832 = CARTESIAN_POINT('',(9.8823E+03,635.009,500.));
#1833 = CARTESIAN_POINT('',(9.41928E+03,325.067,500.));
#1834 = CARTESIAN_POINT('',(9.30129E+03,124.163,500.));
#1835 = CARTESIAN_POINT('',(9.28693E+03,34.6508,500.));
#1836 = CARTESIAN_POINT('',(9.28683E+03,0.,500.));
#1837 = CARTESIAN_POINT('',(1.7082E+05,0.,500.));
#1838 = CARTESIAN_POINT('',(9.28683E+03,0.,500.));
#1839 = ( GEOMETRIC_REPRESENTATION_CONTEXT(3) 
GLOBAL_UNCERTAINTY_ASSIGNED_CONTEXT((#1843)) 
GLOBAL_UNIT_ASSIGNED_CONTEXT((#1840,#1841,#1842)) REPRESENTATION_CONTEXT
('Context #1','3D Context with UNIT and UNCERTAINTY') );
#1840 = ( LENGTH_UNIT() NAMED_UNIT(*) SI_UNIT(.MILLI.,.METRE.) );
#1841 = ( NAMED_UNIT(*) PLANE_ANGLE_UNIT() SI_UNIT($,.RADIAN.) );
#1842 = ( NAMED_UNIT(*) SI_UNIT($,.STERADIAN.) SOLID_ANGLE_UNIT() );
#1843 = UNCERTAINTY_MEASURE_WITH_UNIT(LENGTH_MEASURE(1.E-07),#1840,
  'distance_accuracy_value','confusion accuracy');
#1844 = CONTEXT_DEPENDENT_SHAPE_REPRESENTATION(#1845,#1847);
#1845 = ( REPRESENTATION_RELATIONSHIP('','',#1726,#10) 
REPRESENTATION_RELATIONSHIP_WITH_TRANSFORMATION(#1846) 
SHAPE_REPRESENTATION_RELATIONSHIP() );
#1846 = ITEM_DEFINED_TRANSFORMATION('','',#11,#75);
#1847 = PRODUCT_DEFINITION_SHAPE('Placement','Placement of an item',
  #1848);
#1848 = NEXT_ASSEMBLY_USAGE_OCCURRENCE('16','','',#5,#1721,$);
#1849 = PRODUCT_RELATED_PRODUCT_CATEGORY('part',$,(#1723));
#1850 = SHAPE_DEFINITION_REPRESENTATION(#1851,#1857);
#1851 = PRODUCT_DEFINITION_SHAPE('','',#1852);
#1852 = PRODUCT_DEFINITION('design','',#1853,#1856);
#1853 = PRODUCT_DEFINITION_FORMATION('','',#1854);
#1854 = PRODUCT('Open CASCADE STEP translator 7.7 1.17',
  'Open CASCADE STEP translator 7.7 1.17','',(#1855));
#1855 = PRODUCT_CONTEXT('',#2,'mechanical');
#1856 = PRODUCT_DEFINITION_CONTEXT('part definition',#2,'design');
#1857 = GEOMETRICALLY_BOUNDED_WIREFRAME_SHAPE_REPRESENTATION('',(#11,
    #1858),#1972);
#1858 = GEOMETRIC_CURVE_SET('',(#1859));
#1859 = TRIMMED_CURVE('',#1860,(#1970,PARAMETER_VALUE(0.)),(#1971,
    PARAMETER_VALUE(1.68224E+05)),.T.,.PARAMETER.);
#1860 = B_SPLINE_CURVE_WITH_KNOTS('',3,(#1861,#1862,#1863,#1864,#1865,
    #1866,#1867,#1868,#1869,#1870,#1871,#1872,#1873,#1874,#1875,#1876,
    #1877,#1878,#1879,#1880,#1881,#1882,#1883,#1884,#1885,#1886,#1887,
    #1888,#1889,#1890,#1891,#1892,#1893,#1894,#1895,#1896,#1897,#1898,
    #1899,#1900,#1901,#1902,#1903,#1904,#1905,#1906,#1907,#1908,#1909,
    #1910,#1911,#1912,#1913,#1914,#1915,#1916,#1917,#1918,#1919,#1920,
    #1921,#1922,#1923,#1924,#1925,#1926,#1927,#1928,#1929,#1930,#1931,
    #1932,#1933,#1934,#1935,#1936,#1937,#1938,#1939,#1940,#1941,#1942,
    #1943,#1944,#1945,#1946,#1947,#1948,#1949,#1950,#1951,#1952,#1953,
    #1954,#1955,#1956,#1957,#1958,#1959,#1960,#1961,#1962,#1963,#1964,
    #1965,#1966,#1967,#1968,#1969),.UNSPECIFIED.,.F.,.F.,(4,1,1,1,1,1,1,
    1,1,1,1,1,1,1,1,1,1,1,1,1,1,1,1,1,1,1,1,1,1,1,1,1,1,1,1,1,1,1,1,1,1,
    1,1,1,1,1,1,1,1,3,3,1,1,1,1,1,1,1,1,1,1,1,1,1,1,1,1,1,1,1,1,1,1,1,1,
    1,1,1,1,1,1,1,1,1,1,1,1,1,1,1,1,1,1,1,1,1,1,1,1,1,1,1,4),(0.,102.938
    ,332.044,858.075,886.442,1.70424E+03,2.46433E+03,2.54621E+03,
    3.40193E+03,3.88203E+03,4.25541E+03,4.61187E+03,5.10642E+03,
    5.34163E+03,5.66093E+03,5.96008E+03,6.72066E+03,7.48518E+03,
    8.08835E+03,8.25167E+03,9.01881E+03,1.07137E+04,1.26326E+04,
    1.33364E+04,1.59237E+04,1.62531E+04,1.84504E+04,1.98839E+04,
    2.10782E+04,2.34771E+04,2.38221E+04,2.67442E+04,2.70319E+04,
    2.99232E+04,3.05451E+04,3.33571E+04,3.34728E+04,3.70719E+04,
    3.75766E+04,4.07551E+04,4.25871E+04,4.44111E+04,4.80456E+04,
    4.81936E+04,4.98835E+04,5.16635E+04,5.43703E+04,5.79743E+04,
    6.15752E+04,6.51752E+04,8.94767E+04,9.30764E+04,9.57763E+04,
    9.9378E+04,1.02984E+05,1.06017E+05,1.06598E+05,1.10229E+05,
    1.13013E+05,1.13882E+05,1.16643E+05,1.17768E+05,1.20357E+05,
    1.21618E+05,1.2412E+05,1.24916E+05,1.27913E+05,1.27934E+05,
    1.30725E+05,1.31787E+05,1.33504E+05,1.35634E+05,1.36406E+05,
    1.38498E+05,1.39436E+05,1.41963E+05,1.42926E+05,1.44593E+05,
    1.46229E+05,1.47653E+05,1.47857E+05,1.49481E+05,1.51102E+05,
    1.52722E+05,1.53794E+05,1.54342E+05,1.55962E+05,1.56266E+05,
    1.57583E+05,1.59203E+05,1.60096E+05,1.60823E+05,1.62393E+05,
    1.62443E+05,1.63283E+05,1.64064E+05,1.6569E+05,1.66084E+05,
    1.67356E+05,1.67613E+05,1.67961E+05,1.68124E+05,1.68224E+05),
  .UNSPECIFIED.);
#1861 = CARTESIAN_POINT('',(1.71896E+05,0.,750.));
#1862 = CARTESIAN_POINT('',(1.71895E+05,37.6454,750.));
#1863 = CARTESIAN_POINT('',(1.71869E+05,144.944,750.));
#1864 = CARTESIAN_POINT('',(1.71606E+05,310.015,750.));
#1865 = CARTESIAN_POINT('',(1.71384E+05,428.118,750.));
#1866 = CARTESIAN_POINT('',(1.70959E+05,597.423,750.));
#1867 = CARTESIAN_POINT('',(1.70449E+05,760.438,750.));
#1868 = CARTESIAN_POINT('',(1.6992E+05,924.008,750.));
#1869 = CARTESIAN_POINT('',(1.69387E+05,1.11396E+03,750.));
#1870 = CARTESIAN_POINT('',(1.68948E+05,1.28836E+03,750.));
#1871 = CARTESIAN_POINT('',(1.68414E+05,1.48812E+03,750.));
#1872 = CARTESIAN_POINT('',(1.68035E+05,1.62687E+03,750.));
#1873 = CARTESIAN_POINT('',(1.67652E+05,1.76565E+03,750.));
#1874 = CARTESIAN_POINT('',(1.67311E+05,1.88877E+03,750.));
#1875 = CARTESIAN_POINT('',(1.66983E+05,2.00957E+03,750.));
#1876 = CARTESIAN_POINT('',(1.66716E+05,2.10881E+03,750.));
#1877 = CARTESIAN_POINT('',(1.66286E+05,2.27065E+03,750.));
#1878 = CARTESIAN_POINT('',(1.65718E+05,2.48789E+03,750.));
#1879 = CARTESIAN_POINT('',(1.6506E+05,2.75224E+03,750.));
#1880 = CARTESIAN_POINT('',(1.64587E+05,2.9446E+03,750.));
#1881 = CARTESIAN_POINT('',(1.64114E+05,3.13774E+03,750.));
#1882 = CARTESIAN_POINT('',(1.63304E+05,3.46875E+03,750.));
#1883 = CARTESIAN_POINT('',(1.61955E+05,4.02932E+03,750.));
#1884 = CARTESIAN_POINT('',(1.60625E+05,4.57824E+03,750.));
#1885 = CARTESIAN_POINT('',(1.59018E+05,5.2383E+03,750.));
#1886 = CARTESIAN_POINT('',(1.57905E+05,5.70482E+03,750.));
#1887 = CARTESIAN_POINT('',(1.56337E+05,6.37321E+03,750.));
#1888 = CARTESIAN_POINT('',(1.55129E+05,6.90495E+03,750.));
#1889 = CARTESIAN_POINT('',(1.53645E+05,7.5256E+03,750.));
#1890 = CARTESIAN_POINT('',(1.5209E+05,8.15001E+03,750.));
#1891 = CARTESIAN_POINT('',(1.5087E+05,8.63542E+03,750.));
#1892 = CARTESIAN_POINT('',(1.49104E+05,9.30441E+03,750.));
#1893 = CARTESIAN_POINT('',(1.47991E+05,9.71187E+03,750.));
#1894 = CARTESIAN_POINT('',(1.4607E+05,1.03795E+04,750.));
#1895 = CARTESIAN_POINT('',(1.44867E+05,1.07771E+04,750.));
#1896 = CARTESIAN_POINT('',(1.42853E+05,1.14002E+04,750.));
#1897 = CARTESIAN_POINT('',(1.41717E+05,1.1732E+04,750.));
#1898 = CARTESIAN_POINT('',(1.39619E+05,1.23068E+04,750.));
#1899 = CARTESIAN_POINT('',(1.38255E+05,1.26522E+04,750.));
#1900 = CARTESIAN_POINT('',(1.3589E+05,1.32024E+04,750.));
#1901 = CARTESIAN_POINT('',(1.34092E+05,1.35869E+04,750.));
#1902 = CARTESIAN_POINT('',(1.31853E+05,1.40055E+04,750.));
#1903 = CARTESIAN_POINT('',(1.29456E+05,1.44047E+04,750.));
#1904 = CARTESIAN_POINT('',(1.27604E+05,1.46644E+04,750.));
#1905 = CARTESIAN_POINT('',(1.25793E+05,1.48773E+04,750.));
#1906 = CARTESIAN_POINT('',(1.24594E+05,1.50097E+04,750.));
#1907 = CARTESIAN_POINT('',(1.22543E+05,1.51878E+04,750.));
#1908 = CARTESIAN_POINT('',(1.19852E+05,1.53789E+04,750.));
#1909 = CARTESIAN_POINT('',(1.16552E+05,1.55342E+04,750.));
#1910 = CARTESIAN_POINT('',(1.1295E+05,1.56122E+04,750.));
#1911 = CARTESIAN_POINT('',(1.1055E+05,1.5616E+04,750.));
#1912 = CARTESIAN_POINT('',(1.0935E+05,1.56085E+04,750.));
#1913 = CARTESIAN_POINT('',(1.0125E+05,1.56085E+04,750.));
#1914 = CARTESIAN_POINT('',(9.315E+04,1.56085E+04,750.));
#1915 = CARTESIAN_POINT('',(8.505E+04,1.56086E+04,750.));
#1916 = CARTESIAN_POINT('',(8.38502E+04,1.56084E+04,750.));
#1917 = CARTESIAN_POINT('',(8.17499E+04,1.56141E+04,750.));
#1918 = CARTESIAN_POINT('',(7.84493E+04,1.55925E+04,750.));
#1919 = CARTESIAN_POINT('',(7.51476E+04,1.54852E+04,750.));
#1920 = CARTESIAN_POINT('',(7.17399E+04,1.52767E+04,750.));
#1921 = CARTESIAN_POINT('',(6.93402E+04,1.50873E+04,750.));
#1922 = CARTESIAN_POINT('',(6.69385E+04,1.48319E+04,750.));
#1923 = CARTESIAN_POINT('',(6.46267E+04,1.45191E+04,750.));
#1924 = CARTESIAN_POINT('',(6.22307E+04,1.41214E+04,750.));
#1925 = CARTESIAN_POINT('',(6.01303E+04,1.37203E+04,750.));
#1926 = CARTESIAN_POINT('',(5.85803E+04,1.33875E+04,750.));
#1927 = CARTESIAN_POINT('',(5.64801E+04,1.28898E+04,750.));
#1928 = CARTESIAN_POINT('',(5.48751E+04,1.24721E+04,750.));
#1929 = CARTESIAN_POINT('',(5.2839E+04,1.18898E+04,750.));
#1930 = CARTESIAN_POINT('',(5.13895E+04,1.14321E+04,750.));
#1931 = CARTESIAN_POINT('',(4.93984E+04,1.07692E+04,750.));
#1932 = CARTESIAN_POINT('',(4.81996E+04,1.03454E+04,750.));
#1933 = CARTESIAN_POINT('',(4.63843E+04,9.67113E+03,750.));
#1934 = CARTESIAN_POINT('',(4.51785E+04,9.20806E+03,750.));
#1935 = CARTESIAN_POINT('',(4.34465E+04,8.53826E+03,750.));
#1936 = CARTESIAN_POINT('',(4.19205E+04,7.94677E+03,750.));
#1937 = CARTESIAN_POINT('',(4.04769E+04,7.4111E+03,750.));
#1938 = CARTESIAN_POINT('',(3.89088E+04,6.85198E+03,750.));
#1939 = CARTESIAN_POINT('',(3.77142E+04,6.42889E+03,750.));
#1940 = CARTESIAN_POINT('',(3.59629E+04,5.82546E+03,750.));
#1941 = CARTESIAN_POINT('',(3.45549E+04,5.37895E+03,750.));
#1942 = CARTESIAN_POINT('',(3.28931E+04,4.93795E+03,750.));
#1943 = CARTESIAN_POINT('',(3.15125E+04,4.596E+03,750.));
#1944 = CARTESIAN_POINT('',(2.99703E+04,4.27237E+03,750.));
#1945 = CARTESIAN_POINT('',(2.89008E+04,4.07319E+03,750.));
#1946 = CARTESIAN_POINT('',(2.78342E+04,3.87797E+03,750.));
#1947 = CARTESIAN_POINT('',(2.6702E+04,3.6765E+03,750.));
#1948 = CARTESIAN_POINT('',(2.51004E+04,3.41998E+03,750.));
#1949 = CARTESIAN_POINT('',(2.36806E+04,3.19406E+03,750.));
#1950 = CARTESIAN_POINT('',(2.26136E+04,3.0275E+03,750.));
#1951 = CARTESIAN_POINT('',(2.15467E+04,2.85839E+03,750.));
#1952 = CARTESIAN_POINT('',(2.07334E+04,2.72538E+03,750.));
#1953 = CARTESIAN_POINT('',(1.96666E+04,2.55436E+03,750.));
#1954 = CARTESIAN_POINT('',(1.86E+04,2.38223E+03,750.));
#1955 = CARTESIAN_POINT('',(1.73398E+04,2.17744E+03,750.));
#1956 = CARTESIAN_POINT('',(1.62728E+04,2.00873E+03,750.));
#1957 = CARTESIAN_POINT('',(1.52228E+04,1.84184E+03,750.));
#1958 = CARTESIAN_POINT('',(1.445E+04,1.71913E+03,750.));
#1959 = CARTESIAN_POINT('',(1.36402E+04,1.59054E+03,750.));
#1960 = CARTESIAN_POINT('',(1.30899E+04,1.50382E+03,750.));
#1961 = CARTESIAN_POINT('',(1.2022E+04,1.32985E+03,750.));
#1962 = CARTESIAN_POINT('',(1.11001E+04,1.17598E+03,750.));
#1963 = CARTESIAN_POINT('',(1.00296E+04,937.443,750.));
#1964 = CARTESIAN_POINT('',(9.40306E+03,776.001,750.));
#1965 = CARTESIAN_POINT('',(8.84098E+03,496.652,750.));
#1966 = CARTESIAN_POINT('',(8.65263E+03,310.543,750.));
#1967 = CARTESIAN_POINT('',(8.56729E+03,121.497,750.));
#1968 = CARTESIAN_POINT('',(8.55587E+03,34.0933,750.));
#1969 = CARTESIAN_POINT('',(8.55576E+03,0.,750.));
#1970 = CARTESIAN_POINT('',(1.71896E+05,0.,750.));
#1971 = CARTESIAN_POINT('',(8.55576E+03,0.,750.));
#1972 = ( GEOMETRIC_REPRESENTATION_CONTEXT(3) 
GLOBAL_UNCERTAINTY_ASSIGNED_CONTEXT((#1976)) 
GLOBAL_UNIT_ASSIGNED_CONTEXT((#1973,#1974,#1975)) REPRESENTATION_CONTEXT
('Context #1','3D Context with UNIT and UNCERTAINTY') );
#1973 = ( LENGTH_UNIT() NAMED_UNIT(*) SI_UNIT(.MILLI.,.METRE.) );
#1974 = ( NAMED_UNIT(*) PLANE_ANGLE_UNIT() SI_UNIT($,.RADIAN.) );
#1975 = ( NAMED_UNIT(*) SI_UNIT($,.STERADIAN.) SOLID_ANGLE_UNIT() );
#1976 = UNCERTAINTY_MEASURE_WITH_UNIT(LENGTH_MEASURE(1.E-07),#1973,
  'distance_accuracy_value','confusion accuracy');
#1977 = CONTEXT_DEPENDENT_SHAPE_REPRESENTATION(#1978,#1980);
#1978 = ( REPRESENTATION_RELATIONSHIP('','',#1857,#10) 
REPRESENTATION_RELATIONSHIP_WITH_TRANSFORMATION(#1979) 
SHAPE_REPRESENTATION_RELATIONSHIP() );
#1979 = ITEM_DEFINED_TRANSFORMATION('','',#11,#79);
#1980 = PRODUCT_DEFINITION_SHAPE('Placement','Placement of an item',
  #1981);
#1981 = NEXT_ASSEMBLY_USAGE_OCCURRENCE('17','','',#5,#1852,$);
#1982 = PRODUCT_RELATED_PRODUCT_CATEGORY('part',$,(#1854));
#1983 = SHAPE_DEFINITION_REPRESENTATION(#1984,#1990);
#1984 = PRODUCT_DEFINITION_SHAPE('','',#1985);
#1985 = PRODUCT_DEFINITION('design','',#1986,#1989);
#1986 = PRODUCT_DEFINITION_FORMATION('','',#1987);
#1987 = PRODUCT('Open CASCADE STEP translator 7.7 1.18',
  'Open CASCADE STEP translator 7.7 1.18','',(#1988));
#1988 = PRODUCT_CONTEXT('',#2,'mechanical');
#1989 = PRODUCT_DEFINITION_CONTEXT('part definition',#2,'design');
#1990 = GEOMETRICALLY_BOUNDED_WIREFRAME_SHAPE_REPRESENTATION('',(#11,
    #1991),#2106);
#1991 = GEOMETRIC_CURVE_SET('',(#1992));
#1992 = TRIMMED_CURVE('',#1993,(#2104,PARAMETER_VALUE(0.)),(#2105,
    PARAMETER_VALUE(1.69865E+05)),.T.,.PARAMETER.);
#1993 = B_SPLINE_CURVE_WITH_KNOTS('',3,(#1994,#1995,#1996,#1997,#1998,
    #1999,#2000,#2001,#2002,#2003,#2004,#2005,#2006,#2007,#2008,#2009,
    #2010,#2011,#2012,#2013,#2014,#2015,#2016,#2017,#2018,#2019,#2020,
    #2021,#2022,#2023,#2024,#2025,#2026,#2027,#2028,#2029,#2030,#2031,
    #2032,#2033,#2034,#2035,#2036,#2037,#2038,#2039,#2040,#2041,#2042,
    #2043,#2044,#2045,#2046,#2047,#2048,#2049,#2050,#2051,#2052,#2053,
    #2054,#2055,#2056,#2057,#2058,#2059,#2060,#2061,#2062,#2063,#2064,
    #2065,#2066,#2067,#2068,#2069,#2070,#2071,#2072,#2073,#2074,#2075,
    #2076,#2077,#2078,#2079,#2080,#2081,#2082,#2083,#2084,#2085,#2086,
    #2087,#2088,#2089,#2090,#2091,#2092,#2093,#2094,#2095,#2096,#2097,
    #2098,#2099,#2100,#2101,#2102,#2103),.UNSPECIFIED.,.F.,.F.,(4,1,1,1,
    1,1,1,1,1,1,1,1,1,1,1,1,1,1,1,1,1,1,1,1,1,1,1,1,1,1,1,1,1,1,1,1,1,1,
    1,1,1,1,1,1,1,1,1,1,1,1,3,3,1,1,1,1,1,1,1,1,1,1,1,1,1,1,1,1,1,1,1,1,
    1,1,1,1,1,1,1,1,1,1,1,1,1,1,1,1,1,1,1,1,1,1,1,1,1,1,1,1,1,1,1,4),(0.
    ,105.928,331.918,863.401,987.374,1.83339E+03,2.40584E+03,2.67433E+03
    ,3.52472E+03,3.87651E+03,4.38625E+03,4.54476E+03,5.22977E+03,
    5.24593E+03,6.10557E+03,6.66542E+03,6.96734E+03,7.73456E+03,
    7.91315E+03,8.50381E+03,9.27471E+03,1.0047E+04,1.04717E+04,
    1.29916E+04,1.36854E+04,1.55198E+04,1.73206E+04,1.80598E+04,
    2.06397E+04,2.09447E+04,2.33108E+04,2.45376E+04,2.61537E+04,
    2.80836E+04,2.92809E+04,3.15812E+04,3.27963E+04,3.43814E+04,
    3.68421E+04,3.80841E+04,4.17268E+04,4.17573E+04,4.54058E+04,
    4.85066E+04,4.90353E+04,4.91832E+04,5.265E+04,5.53556E+04,5.8959E+04
    ,6.25597E+04,6.61597E+04,9.04619E+04,9.40619E+04,9.6762E+04,
    1.00363E+05,1.03968E+05,1.07578E+05,1.09551E+05,1.11203E+05,
    1.14847E+05,1.16077E+05,1.17599E+05,1.20696E+05,1.21297E+05,
    1.24457E+05,1.25039E+05,1.27697E+05,1.28837E+05,1.30631E+05,
    1.32686E+05,1.33391E+05,1.36133E+05,1.36552E+05,1.38977E+05,
    1.39434E+05,1.41973E+05,1.42923E+05,1.45457E+05,1.45578E+05,
    1.47224E+05,1.48859E+05,1.50151E+05,1.50489E+05,1.52114E+05,
    1.53737E+05,1.55359E+05,1.56058E+05,1.5698E+05,1.57284E+05,
    1.58601E+05,1.60223E+05,1.61844E+05,1.62267E+05,1.63414E+05,
    1.63465E+05,1.65086E+05,1.65385E+05,1.66711E+05,1.67904E+05,
    1.68358E+05,1.69271E+05,1.69603E+05,1.69764E+05,1.69865E+05),
  .UNSPECIFIED.);
#1994 = CARTESIAN_POINT('',(1.72817E+05,0.,1.E+03));
#1995 = CARTESIAN_POINT('',(1.72812E+05,37.339,1.E+03));
#1996 = CARTESIAN_POINT('',(1.72775E+05,141.512,1.E+03));
#1997 = CARTESIAN_POINT('',(1.72524E+05,314.663,1.E+03));
#1998 = CARTESIAN_POINT('',(1.7227E+05,447.01,1.E+03));
#1999 = CARTESIAN_POINT('',(1.71808E+05,643.896,1.E+03));
#2000 = CARTESIAN_POINT('',(1.71316E+05,793.965,1.E+03));
#2001 = CARTESIAN_POINT('',(1.70782E+05,969.182,1.E+03));
#2002 = CARTESIAN_POINT('',(1.70245E+05,1.14159E+03,1.E+03));
#2003 = CARTESIAN_POINT('',(1.69784E+05,1.30997E+03,1.E+03));
#2004 = CARTESIAN_POINT('',(1.69253E+05,1.51853E+03,1.E+03));
#2005 = CARTESIAN_POINT('',(1.68939E+05,1.64785E+03,1.E+03));
#2006 = CARTESIAN_POINT('',(1.6852E+05,1.8152E+03,1.E+03));
#2007 = CARTESIAN_POINT('',(1.68253E+05,1.9189E+03,1.E+03));
#2008 = CARTESIAN_POINT('',(1.67768E+05,2.10815E+03,1.E+03));
#2009 = CARTESIAN_POINT('',(1.67323E+05,2.28315E+03,1.E+03));
#2010 = CARTESIAN_POINT('',(1.6679E+05,2.49565E+03,1.E+03));
#2011 = CARTESIAN_POINT('',(1.66286E+05,2.69874E+03,1.E+03));
#2012 = CARTESIAN_POINT('',(1.65901E+05,2.85646E+03,1.E+03));
#2013 = CARTESIAN_POINT('',(1.65428E+05,3.05256E+03,1.E+03));
#2014 = CARTESIAN_POINT('',(1.64954E+05,3.25048E+03,1.E+03));
#2015 = CARTESIAN_POINT('',(1.64299E+05,3.52768E+03,1.E+03));
#2016 = CARTESIAN_POINT('',(1.63696E+05,3.78573E+03,1.E+03));
#2017 = CARTESIAN_POINT('',(1.62559E+05,4.27678E+03,1.E+03));
#2018 = CARTESIAN_POINT('',(1.61446E+05,4.75877E+03,1.E+03));
#2019 = CARTESIAN_POINT('',(1.59901E+05,5.42578E+03,1.E+03));
#2020 = CARTESIAN_POINT('',(1.58575E+05,5.99574E+03,1.E+03));
#2021 = CARTESIAN_POINT('',(1.57235E+05,6.57092E+03,1.E+03));
#2022 = CARTESIAN_POINT('',(1.55666E+05,7.24119E+03,1.E+03));
#2023 = CARTESIAN_POINT('',(1.54553E+05,7.71062E+03,1.E+03));
#2024 = CARTESIAN_POINT('',(1.52935E+05,8.37878E+03,1.E+03));
#2025 = CARTESIAN_POINT('',(1.5173E+05,8.86612E+03,1.E+03));
#2026 = CARTESIAN_POINT('',(1.5011E+05,9.48873E+03,1.E+03));
#2027 = CARTESIAN_POINT('',(1.48618E+05,1.00414E+04,1.E+03));
#2028 = CARTESIAN_POINT('',(1.47123E+05,1.05582E+04,1.E+03));
#2029 = CARTESIAN_POINT('',(1.45402E+05,1.11157E+04,1.E+03));
#2030 = CARTESIAN_POINT('',(1.43899E+05,1.15722E+04,1.E+03));
#2031 = CARTESIAN_POINT('',(1.42263E+05,1.20362E+04,1.E+03));
#2032 = CARTESIAN_POINT('',(1.40569E+05,1.24897E+04,1.E+03));
#2033 = CARTESIAN_POINT('',(1.38858E+05,1.29122E+04,1.E+03));
#2034 = CARTESIAN_POINT('',(1.3647E+05,1.34562E+04,1.E+03));
#2035 = CARTESIAN_POINT('',(1.34864E+05,1.37825E+04,1.E+03));
#2036 = CARTESIAN_POINT('',(1.32464E+05,1.42234E+04,1.E+03));
#2037 = CARTESIAN_POINT('',(1.30233E+05,1.45912E+04,1.E+03));
#2038 = CARTESIAN_POINT('',(1.27827E+05,1.49024E+04,1.E+03));
#2039 = CARTESIAN_POINT('',(1.26576E+05,1.50462E+04,1.E+03));
#2040 = CARTESIAN_POINT('',(1.25203E+05,1.51965E+04,1.E+03));
#2041 = CARTESIAN_POINT('',(1.23104E+05,1.5377E+04,1.E+03));
#2042 = CARTESIAN_POINT('',(1.19852E+05,1.55855E+04,1.E+03));
#2043 = CARTESIAN_POINT('',(1.16551E+05,1.57319E+04,1.E+03));
#2044 = CARTESIAN_POINT('',(1.1295E+05,1.57944E+04,1.E+03));
#2045 = CARTESIAN_POINT('',(1.1055E+05,1.57952E+04,1.E+03));
#2046 = CARTESIAN_POINT('',(1.0935E+05,1.57889E+04,1.E+03));
#2047 = CARTESIAN_POINT('',(1.0125E+05,1.57889E+04,1.E+03));
#2048 = CARTESIAN_POINT('',(9.315E+04,1.57889E+04,1.E+03));
#2049 = CARTESIAN_POINT('',(8.505E+04,1.57889E+04,1.E+03));
#2050 = CARTESIAN_POINT('',(8.38501E+04,1.5789E+04,1.E+03));
#2051 = CARTESIAN_POINT('',(8.17499E+04,1.57937E+04,1.E+03));
#2052 = CARTESIAN_POINT('',(7.84495E+04,1.57746E+04,1.E+03));
#2053 = CARTESIAN_POINT('',(7.51482E+04,1.56863E+04,1.E+03));
#2054 = CARTESIAN_POINT('',(7.15476E+04,1.54982E+04,1.E+03));
#2055 = CARTESIAN_POINT('',(6.84917E+04,1.52858E+04,1.E+03));
#2056 = CARTESIAN_POINT('',(6.60946E+04,1.50172E+04,1.E+03));
#2057 = CARTESIAN_POINT('',(6.3691E+04,1.47111E+04,1.E+03));
#2058 = CARTESIAN_POINT('',(6.15404E+04,1.43779E+04,1.E+03));
#2059 = CARTESIAN_POINT('',(5.94451E+04,1.39847E+04,1.E+03));
#2060 = CARTESIAN_POINT('',(5.75344E+04,1.35966E+04,1.E+03));
#2061 = CARTESIAN_POINT('',(5.58387E+04,1.32049E+04,1.E+03));
#2062 = CARTESIAN_POINT('',(5.36227E+04,1.2644E+04,1.E+03));
#2063 = CARTESIAN_POINT('',(5.22283E+04,1.22527E+04,1.E+03));
#2064 = CARTESIAN_POINT('',(5.01886E+04,1.16268E+04,1.E+03));
#2065 = CARTESIAN_POINT('',(4.88014E+04,1.11704E+04,1.E+03));
#2066 = CARTESIAN_POINT('',(4.70434E+04,1.0551E+04,1.E+03));
#2067 = CARTESIAN_POINT('',(4.54833E+04,9.97445E+03,1.E+03));
#2068 = CARTESIAN_POINT('',(4.40689E+04,9.42329E+03,1.E+03));
#2069 = CARTESIAN_POINT('',(4.23626E+04,8.75108E+03,1.E+03));
#2070 = CARTESIAN_POINT('',(4.11646E+04,8.27653E+03,1.E+03));
#2071 = CARTESIAN_POINT('',(3.94254E+04,7.61114E+03,1.E+03));
#2072 = CARTESIAN_POINT('',(3.83943E+04,7.22674E+03,1.E+03));
#2073 = CARTESIAN_POINT('',(3.66985E+04,6.60213E+03,1.E+03));
#2074 = CARTESIAN_POINT('',(3.54605E+04,6.15722E+03,1.E+03));
#2075 = CARTESIAN_POINT('',(3.35467E+04,5.55008E+03,1.E+03));
#2076 = CARTESIAN_POINT('',(3.23949E+04,5.20572E+03,1.E+03));
#2077 = CARTESIAN_POINT('',(3.10088E+04,4.83893E+03,1.E+03));
#2078 = CARTESIAN_POINT('',(2.99047E+04,4.57851E+03,1.E+03));
#2079 = CARTESIAN_POINT('',(2.84131E+04,4.26484E+03,1.E+03));
#2080 = CARTESIAN_POINT('',(2.73447E+04,4.05804E+03,1.E+03));
#2081 = CARTESIAN_POINT('',(2.62781E+04,3.85944E+03,1.E+03));
#2082 = CARTESIAN_POINT('',(2.51011E+04,3.65007E+03,1.E+03));
#2083 = CARTESIAN_POINT('',(2.35006E+04,3.37788E+03,1.E+03));
#2084 = CARTESIAN_POINT('',(2.22038E+04,3.16243E+03,1.E+03));
#2085 = CARTESIAN_POINT('',(2.11369E+04,2.98787E+03,1.E+03));
#2086 = CARTESIAN_POINT('',(2.05036E+04,2.88463E+03,1.E+03));
#2087 = CARTESIAN_POINT('',(1.96667E+04,2.7485E+03,1.E+03));
#2088 = CARTESIAN_POINT('',(1.86E+04,2.57503E+03,1.E+03));
#2089 = CARTESIAN_POINT('',(1.70997E+04,2.33185E+03,1.E+03));
#2090 = CARTESIAN_POINT('',(1.58942E+04,2.13206E+03,1.E+03));
#2091 = CARTESIAN_POINT('',(1.48442E+04,1.96119E+03,1.E+03));
#2092 = CARTESIAN_POINT('',(1.43108E+04,1.87528E+03,1.E+03));
#2093 = CARTESIAN_POINT('',(1.33832E+04,1.72647E+03,1.E+03));
#2094 = CARTESIAN_POINT('',(1.27346E+04,1.62255E+03,1.E+03));
#2095 = CARTESIAN_POINT('',(1.16673E+04,1.44351E+03,1.E+03));
#2096 = CARTESIAN_POINT('',(1.07433E+04,1.27936E+03,1.E+03));
#2097 = CARTESIAN_POINT('',(9.7704E+03,1.07217E+03,1.E+03));
#2098 = CARTESIAN_POINT('',(8.95593E+03,832.395,1.E+03));
#2099 = CARTESIAN_POINT('',(8.39549E+03,657.936,1.E+03));
#2100 = CARTESIAN_POINT('',(8.06486E+03,307.057,1.E+03));
#2101 = CARTESIAN_POINT('',(7.98909E+03,120.695,1.E+03));
#2102 = CARTESIAN_POINT('',(7.97852E+03,33.9463,1.E+03));
#2103 = CARTESIAN_POINT('',(7.97836E+03,0.,1.E+03));
#2104 = CARTESIAN_POINT('',(1.72817E+05,0.,1.E+03));
#2105 = CARTESIAN_POINT('',(7.97836E+03,0.,1.E+03));
#2106 = ( GEOMETRIC_REPRESENTATION_CONTEXT(3) 
GLOBAL_UNCERTAINTY_ASSIGNED_CONTEXT((#2110)) 
GLOBAL_UNIT_ASSIGNED_CONTEXT((#2107,#2108,#2109)) REPRESENTATION_CONTEXT
('Context #1','3D Context with UNIT and UNCERTAINTY') );
#2107 = ( LENGTH_UNIT() NAMED_UNIT(*) SI_UNIT(.MILLI.,.METRE.) );
#2108 = ( NAMED_UNIT(*) PLANE_ANGLE_UNIT() SI_UNIT($,.RADIAN.) );
#2109 = ( NAMED_UNIT(*) SI_UNIT($,.STERADIAN.) SOLID_ANGLE_UNIT() );
#2110 = UNCERTAINTY_MEASURE_WITH_UNIT(LENGTH_MEASURE(1.E-07),#2107,
  'distance_accuracy_value','confusion accuracy');
#2111 = CONTEXT_DEPENDENT_SHAPE_REPRESENTATION(#2112,#2114);
#2112 = ( REPRESENTATION_RELATIONSHIP('','',#1990,#10) 
REPRESENTATION_RELATIONSHIP_WITH_TRANSFORMATION(#2113) 
SHAPE_REPRESENTATION_RELATIONSHIP() );
#2113 = ITEM_DEFINED_TRANSFORMATION('','',#11,#83);
#2114 = PRODUCT_DEFINITION_SHAPE('Placement','Placement of an item',
  #2115);
#2115 = NEXT_ASSEMBLY_USAGE_OCCURRENCE('18','','',#5,#1985,$);
#2116 = PRODUCT_RELATED_PRODUCT_CATEGORY('part',$,(#1987));
#2117 = SHAPE_DEFINITION_REPRESENTATION(#2118,#2124);
#2118 = PRODUCT_DEFINITION_SHAPE('','',#2119);
#2119 = PRODUCT_DEFINITION('design','',#2120,#2123);
#2120 = PRODUCT_DEFINITION_FORMATION('','',#2121);
#2121 = PRODUCT('Open CASCADE STEP translator 7.7 1.19',
  'Open CASCADE STEP translator 7.7 1.19','',(#2122));
#2122 = PRODUCT_CONTEXT('',#2,'mechanical');
#2123 = PRODUCT_DEFINITION_CONTEXT('part definition',#2,'design');
#2124 = GEOMETRICALLY_BOUNDED_WIREFRAME_SHAPE_REPRESENTATION('',(#11,
    #2125),#2248);
#2125 = GEOMETRIC_CURVE_SET('',(#2126));
#2126 = TRIMMED_CURVE('',#2127,(#2246,PARAMETER_VALUE(0.)),(#2247,
    PARAMETER_VALUE(1.74579E+05)),.T.,.PARAMETER.);
#2127 = B_SPLINE_CURVE_WITH_KNOTS('',3,(#2128,#2129,#2130,#2131,#2132,
    #2133,#2134,#2135,#2136,#2137,#2138,#2139,#2140,#2141,#2142,#2143,
    #2144,#2145,#2146,#2147,#2148,#2149,#2150,#2151,#2152,#2153,#2154,
    #2155,#2156,#2157,#2158,#2159,#2160,#2161,#2162,#2163,#2164,#2165,
    #2166,#2167,#2168,#2169,#2170,#2171,#2172,#2173,#2174,#2175,#2176,
    #2177,#2178,#2179,#2180,#2181,#2182,#2183,#2184,#2185,#2186,#2187,
    #2188,#2189,#2190,#2191,#2192,#2193,#2194,#2195,#2196,#2197,#2198,
    #2199,#2200,#2201,#2202,#2203,#2204,#2205,#2206,#2207,#2208,#2209,
    #2210,#2211,#2212,#2213,#2214,#2215,#2216,#2217,#2218,#2219,#2220,
    #2221,#2222,#2223,#2224,#2225,#2226,#2227,#2228,#2229,#2230,#2231,
    #2232,#2233,#2234,#2235,#2236,#2237,#2238,#2239,#2240,#2241,#2242,
    #2243,#2244,#2245),.UNSPECIFIED.,.F.,.F.,(4,1,1,1,1,1,1,1,1,1,1,1,1,
    1,1,1,1,1,1,1,1,1,1,1,1,1,1,1,1,1,1,1,1,1,1,1,1,1,1,1,1,1,1,1,1,1,1,
    1,1,1,1,1,1,1,1,3,3,1,1,1,1,1,1,1,1,1,1,1,1,1,1,1,1,1,1,1,1,1,1,1,1,
    1,1,1,1,1,1,1,1,1,1,1,1,1,1,1,1,1,1,1,1,1,1,1,1,1,1,1,1,1,1,4),(0.,
    104.283,293.751,330.416,890.76,1.18217E+03,2.04249E+03,2.23719E+03,
    2.89554E+03,3.66093E+03,3.75175E+03,4.35474E+03,4.60993E+03,
    5.02781E+03,5.47534E+03,6.3454E+03,7.21914E+03,7.55058E+03,
    8.09352E+03,8.97089E+03,9.5443E+03,9.85391E+03,9.96217E+03,
    1.06398E+04,1.14258E+04,1.22118E+04,1.22937E+04,1.29962E+04,
    1.46475E+04,1.66869E+04,1.69969E+04,1.93973E+04,2.03564E+04,
    2.19066E+04,2.39758E+04,2.45734E+04,2.74708E+04,2.75387E+04,
    3.07429E+04,3.10437E+04,3.45012E+04,3.45923E+04,3.72713E+04,
    3.9271E+04,4.09408E+04,4.45873E+04,4.53899E+04,4.82162E+04,
    5.1832E+04,5.19794E+04,5.5438E+04,5.81402E+04,5.81968E+04,
    6.17411E+04,6.53412E+04,6.89412E+04,9.32429E+04,9.68431E+04,
    9.95433E+04,1.03144E+05,1.06744E+05,1.07243E+05,1.10347E+05,
    1.13956E+05,1.17577E+05,1.19411E+05,1.20303E+05,1.23956E+05,
    1.25213E+05,1.2764E+05,1.29576E+05,1.31363E+05,1.33143E+05,
    1.35151E+05,1.36145E+05,1.38833E+05,1.39021E+05,1.41364E+05,
    1.41963E+05,1.43869E+05,1.45209E+05,1.45555E+05,1.46455E+05,
    1.483E+05,1.49235E+05,1.50004E+05,1.5169E+05,1.52421E+05,1.53355E+05
    ,1.55003E+05,1.56623E+05,1.56643E+05,1.5828E+05,1.59914E+05,
    1.60221E+05,1.61546E+05,1.63174E+05,1.648E+05,1.66373E+05,
    1.66424E+05,1.67238E+05,1.68046E+05,1.69668E+05,1.7024E+05,
    1.71294E+05,1.72664E+05,1.72941E+05,1.73973E+05,1.73976E+05,
    1.74313E+05,1.74477E+05,1.74579E+05),.UNSPECIFIED.);
#2128 = CARTESIAN_POINT('',(1.75397E+05,0.,2.E+03));
#2129 = CARTESIAN_POINT('',(1.75396E+05,37.6549,2.E+03));
#2130 = CARTESIAN_POINT('',(1.75365E+05,130.563,2.E+03));
#2131 = CARTESIAN_POINT('',(1.75273E+05,202.756,2.E+03));
#2132 = CARTESIAN_POINT('',(1.75053E+05,344.444,2.E+03));
#2133 = CARTESIAN_POINT('',(1.7478E+05,464.789,2.E+03));
#2134 = CARTESIAN_POINT('',(1.74257E+05,691.043,2.E+03));
#2135 = CARTESIAN_POINT('',(1.73838E+05,853.457,2.E+03));
#2136 = CARTESIAN_POINT('',(1.73303E+05,1.05463E+03,2.E+03));
#2137 = CARTESIAN_POINT('',(1.72796E+05,1.23773E+03,2.E+03));
#2138 = CARTESIAN_POINT('',(1.72324E+05,1.41896E+03,2.E+03));
#2139 = CARTESIAN_POINT('',(1.71871E+05,1.59425E+03,2.E+03));
#2140 = CARTESIAN_POINT('',(1.71575E+05,1.70747E+03,2.E+03));
#2141 = CARTESIAN_POINT('',(1.71179E+05,1.86282E+03,2.E+03));
#2142 = CARTESIAN_POINT('',(1.70833E+05,2.00267E+03,2.E+03));
#2143 = CARTESIAN_POINT('',(1.703E+05,2.22814E+03,2.E+03));
#2144 = CARTESIAN_POINT('',(1.69628E+05,2.51377E+03,2.E+03));
#2145 = CARTESIAN_POINT('',(1.68996E+05,2.79424E+03,2.E+03));
#2146 = CARTESIAN_POINT('',(1.68462E+05,3.02817E+03,2.E+03));
#2147 = CARTESIAN_POINT('',(1.67928E+05,3.26439E+03,2.E+03));
#2148 = CARTESIAN_POINT('',(1.67321E+05,3.53606E+03,2.E+03));
#2149 = CARTESIAN_POINT('',(1.66789E+05,3.78377E+03,2.E+03));
#2150 = CARTESIAN_POINT('',(1.66491E+05,3.92485E+03,2.E+03));
#2151 = CARTESIAN_POINT('',(1.66161E+05,4.08132E+03,2.E+03));
#2152 = CARTESIAN_POINT('',(1.65687E+05,4.30616E+03,2.E+03));
#2153 = CARTESIAN_POINT('',(1.6501E+05,4.62776E+03,2.E+03));
#2154 = CARTESIAN_POINT('',(1.64512E+05,4.86411E+03,2.E+03));
#2155 = CARTESIAN_POINT('',(1.64039E+05,5.0888E+03,2.E+03));
#2156 = CARTESIAN_POINT('',(1.63303E+05,5.43193E+03,2.E+03));
#2157 = CARTESIAN_POINT('',(1.61978E+05,6.0544E+03,2.E+03));
#2158 = CARTESIAN_POINT('',(1.60772E+05,6.6245E+03,2.E+03));
#2159 = CARTESIAN_POINT('',(1.59338E+05,7.29529E+03,2.E+03));
#2160 = CARTESIAN_POINT('',(1.58227E+05,7.80676E+03,2.E+03));
#2161 = CARTESIAN_POINT('',(1.5673E+05,8.46915E+03,2.E+03));
#2162 = CARTESIAN_POINT('',(1.55328E+05,9.07195E+03,2.E+03));
#2163 = CARTESIAN_POINT('',(1.54027E+05,9.60422E+03,2.E+03));
#2164 = CARTESIAN_POINT('',(1.523E+05,1.02798E+04,2.E+03));
#2165 = CARTESIAN_POINT('',(1.51185E+05,1.06917E+04,2.E+03));
#2166 = CARTESIAN_POINT('',(1.49242E+05,1.13639E+04,2.E+03));
#2167 = CARTESIAN_POINT('',(1.48107E+05,1.17274E+04,2.E+03));
#2168 = CARTESIAN_POINT('',(1.45881E+05,1.23816E+04,2.E+03));
#2169 = CARTESIAN_POINT('',(1.4464E+05,1.27116E+04,2.E+03));
#2170 = CARTESIAN_POINT('',(1.42624E+05,1.3205E+04,2.E+03));
#2171 = CARTESIAN_POINT('',(1.41073E+05,1.35582E+04,2.E+03));
#2172 = CARTESIAN_POINT('',(1.39E+05,1.3984E+04,2.E+03));
#2173 = CARTESIAN_POINT('',(1.36603E+05,1.44334E+04,2.E+03));
#2174 = CARTESIAN_POINT('',(1.34589E+05,1.4758E+04,2.E+03));
#2175 = CARTESIAN_POINT('',(1.32187E+05,1.50947E+04,2.E+03));
#2176 = CARTESIAN_POINT('',(1.2979E+05,1.53871E+04,2.E+03));
#2177 = CARTESIAN_POINT('',(1.27603E+05,1.55966E+04,2.E+03));
#2178 = CARTESIAN_POINT('',(1.25202E+05,1.57745E+04,2.E+03));
#2179 = CARTESIAN_POINT('',(1.23102E+05,1.58879E+04,2.E+03));
#2180 = CARTESIAN_POINT('',(1.21031E+05,1.59641E+04,2.E+03));
#2181 = CARTESIAN_POINT('',(1.18932E+05,1.60445E+04,2.E+03));
#2182 = CARTESIAN_POINT('',(1.16531E+05,1.60908E+04,2.E+03));
#2183 = CARTESIAN_POINT('',(1.1295E+05,1.61001E+04,2.E+03));
#2184 = CARTESIAN_POINT('',(1.1055E+05,1.60946E+04,2.E+03));
#2185 = CARTESIAN_POINT('',(1.0935E+05,1.60976E+04,2.E+03));
#2186 = CARTESIAN_POINT('',(1.0125E+05,1.60976E+04,2.E+03));
#2187 = CARTESIAN_POINT('',(9.315E+04,1.60976E+04,2.E+03));
#2188 = CARTESIAN_POINT('',(8.505E+04,1.60976E+04,2.E+03));
#2189 = CARTESIAN_POINT('',(8.385E+04,1.60967E+04,2.E+03));
#2190 = CARTESIAN_POINT('',(8.175E+04,1.60983E+04,2.E+03));
#2191 = CARTESIAN_POINT('',(7.845E+04,1.60964E+04,2.E+03));
#2192 = CARTESIAN_POINT('',(7.51498E+04,1.60866E+04,2.E+03));
#2193 = CARTESIAN_POINT('',(7.25834E+04,1.60448E+04,2.E+03));
#2194 = CARTESIAN_POINT('',(7.01834E+04,1.59748E+04,2.E+03));
#2195 = CARTESIAN_POINT('',(6.77808E+04,1.58903E+04,2.E+03));
#2196 = CARTESIAN_POINT('',(6.43442E+04,1.5647E+04,2.E+03));
#2197 = CARTESIAN_POINT('',(6.13397E+04,1.53251E+04,2.E+03));
#2198 = CARTESIAN_POINT('',(5.92426E+04,1.50471E+04,2.E+03));
#2199 = CARTESIAN_POINT('',(5.7139E+04,1.47375E+04,2.E+03));
#2200 = CARTESIAN_POINT('',(5.52327E+04,1.44086E+04,2.E+03));
#2201 = CARTESIAN_POINT('',(5.28353E+04,1.39259E+04,2.E+03));
#2202 = CARTESIAN_POINT('',(5.10067E+04,1.35181E+04,2.E+03));
#2203 = CARTESIAN_POINT('',(4.9018E+04,1.30201E+04,2.E+03));
#2204 = CARTESIAN_POINT('',(4.72501E+04,1.2531E+04,2.E+03));
#2205 = CARTESIAN_POINT('',(4.54732E+04,1.19867E+04,2.E+03));
#2206 = CARTESIAN_POINT('',(4.39656E+04,1.14679E+04,2.E+03));
#2207 = CARTESIAN_POINT('',(4.21886E+04,1.08049E+04,2.E+03));
#2208 = CARTESIAN_POINT('',(4.09917E+04,1.03227E+04,2.E+03));
#2209 = CARTESIAN_POINT('',(3.9388E+04,9.64892E+03,2.E+03));
#2210 = CARTESIAN_POINT('',(3.84312E+04,9.23288E+03,2.E+03));
#2211 = CARTESIAN_POINT('',(3.69509E+04,8.58581E+03,2.E+03));
#2212 = CARTESIAN_POINT('',(3.57767E+04,8.07265E+03,2.E+03));
#2213 = CARTESIAN_POINT('',(3.46756E+04,7.60227E+03,2.E+03));
#2214 = CARTESIAN_POINT('',(3.38798E+04,7.27031E+03,2.E+03));
#2215 = CARTESIAN_POINT('',(3.29264E+04,6.87917E+03,2.E+03));
#2216 = CARTESIAN_POINT('',(3.17851E+04,6.42995E+03,2.E+03));
#2217 = CARTESIAN_POINT('',(3.06767E+04,6.0171E+03,2.E+03));
#2218 = CARTESIAN_POINT('',(2.96129E+04,5.63678E+03,2.E+03));
#2219 = CARTESIAN_POINT('',(2.86052E+04,5.30048E+03,2.E+03));
#2220 = CARTESIAN_POINT('',(2.75359E+04,4.97814E+03,2.E+03));
#2221 = CARTESIAN_POINT('',(2.64713E+04,4.68426E+03,2.E+03));
#2222 = CARTESIAN_POINT('',(2.511E+04,4.3534E+03,2.E+03));
#2223 = CARTESIAN_POINT('',(2.40404E+04,4.11412E+03,2.E+03));
#2224 = CARTESIAN_POINT('',(2.29734E+04,3.88053E+03,2.E+03));
#2225 = CARTESIAN_POINT('',(2.19013E+04,3.64854E+03,2.E+03));
#2226 = CARTESIAN_POINT('',(2.0734E+04,3.40491E+03,2.E+03));
#2227 = CARTESIAN_POINT('',(1.96671E+04,3.18882E+03,2.E+03));
#2228 = CARTESIAN_POINT('',(1.86013E+04,2.97846E+03,2.E+03));
#2229 = CARTESIAN_POINT('',(1.71009E+04,2.69822E+03,2.E+03));
#2230 = CARTESIAN_POINT('',(1.55176E+04,2.41192E+03,2.E+03));
#2231 = CARTESIAN_POINT('',(1.44505E+04,2.22579E+03,2.E+03));
#2232 = CARTESIAN_POINT('',(1.36488E+04,2.09136E+03,2.E+03));
#2233 = CARTESIAN_POINT('',(1.30988E+04,2.00035E+03,2.E+03));
#2234 = CARTESIAN_POINT('',(1.20317E+04,1.82428E+03,2.E+03));
#2235 = CARTESIAN_POINT('',(1.1045E+04,1.65817E+03,2.E+03));
#2236 = CARTESIAN_POINT('',(9.97808E+03,1.4729E+03,2.E+03));
#2237 = CARTESIAN_POINT('',(8.99578E+03,1.29634E+03,2.E+03));
#2238 = CARTESIAN_POINT('',(8.11375E+03,1.10391E+03,2.E+03));
#2239 = CARTESIAN_POINT('',(7.25946E+03,851.891,2.E+03));
#2240 = CARTESIAN_POINT('',(6.83227E+03,706.768,2.E+03));
#2241 = CARTESIAN_POINT('',(6.46554E+03,433.608,2.E+03));
#2242 = CARTESIAN_POINT('',(6.34636E+03,306.516,2.E+03));
#2243 = CARTESIAN_POINT('',(6.2673E+03,120.214,2.E+03));
#2244 = CARTESIAN_POINT('',(6.24587E+03,33.8017,2.E+03));
#2245 = CARTESIAN_POINT('',(6.23983E+03,0.,2.E+03));
#2246 = CARTESIAN_POINT('',(1.75397E+05,0.,2.E+03));
#2247 = CARTESIAN_POINT('',(6.23983E+03,0.,2.E+03));
#2248 = ( GEOMETRIC_REPRESENTATION_CONTEXT(3) 
GLOBAL_UNCERTAINTY_ASSIGNED_CONTEXT((#2252)) 
GLOBAL_UNIT_ASSIGNED_CONTEXT((#2249,#2250,#2251)) REPRESENTATION_CONTEXT
('Context #1','3D Context with UNIT and UNCERTAINTY') );
#2249 = ( LENGTH_UNIT() NAMED_UNIT(*) SI_UNIT(.MILLI.,.METRE.) );
#2250 = ( NAMED_UNIT(*) PLANE_ANGLE_UNIT() SI_UNIT($,.RADIAN.) );
#2251 = ( NAMED_UNIT(*) SI_UNIT($,.STERADIAN.) SOLID_ANGLE_UNIT() );
#2252 = UNCERTAINTY_MEASURE_WITH_UNIT(LENGTH_MEASURE(1.E-07),#2249,
  'distance_accuracy_value','confusion accuracy');
#2253 = CONTEXT_DEPENDENT_SHAPE_REPRESENTATION(#2254,#2256);
#2254 = ( REPRESENTATION_RELATIONSHIP('','',#2124,#10) 
REPRESENTATION_RELATIONSHIP_WITH_TRANSFORMATION(#2255) 
SHAPE_REPRESENTATION_RELATIONSHIP() );
#2255 = ITEM_DEFINED_TRANSFORMATION('','',#11,#87);
#2256 = PRODUCT_DEFINITION_SHAPE('Placement','Placement of an item',
  #2257);
#2257 = NEXT_ASSEMBLY_USAGE_OCCURRENCE('19','','',#5,#2119,$);
#2258 = PRODUCT_RELATED_PRODUCT_CATEGORY('part',$,(#2121));
#2259 = SHAPE_DEFINITION_REPRESENTATION(#2260,#2266);
#2260 = PRODUCT_DEFINITION_SHAPE('','',#2261);
#2261 = PRODUCT_DEFINITION('design','',#2262,#2265);
#2262 = PRODUCT_DEFINITION_FORMATION('','',#2263);
#2263 = PRODUCT('Open CASCADE STEP translator 7.7 1.20',
  'Open CASCADE STEP translator 7.7 1.20','',(#2264));
#2264 = PRODUCT_CONTEXT('',#2,'mechanical');
#2265 = PRODUCT_DEFINITION_CONTEXT('part definition',#2,'design');
#2266 = GEOMETRICALLY_BOUNDED_WIREFRAME_SHAPE_REPRESENTATION('',(#11,
    #2267),#2421);
#2267 = GEOMETRIC_CURVE_SET('',(#2268));
#2268 = TRIMMED_CURVE('',#2269,(#2419,PARAMETER_VALUE(0.)),(#2420,
    PARAMETER_VALUE(2.1438E+05)),.T.,.PARAMETER.);
#2269 = B_SPLINE_CURVE_WITH_KNOTS('',3,(#2270,#2271,#2272,#2273,#2274,
    #2275,#2276,#2277,#2278,#2279,#2280,#2281,#2282,#2283,#2284,#2285,
    #2286,#2287,#2288,#2289,#2290,#2291,#2292,#2293,#2294,#2295,#2296,
    #2297,#2298,#2299,#2300,#2301,#2302,#2303,#2304,#2305,#2306,#2307,
    #2308,#2309,#2310,#2311,#2312,#2313,#2314,#2315,#2316,#2317,#2318,
    #2319,#2320,#2321,#2322,#2323,#2324,#2325,#2326,#2327,#2328,#2329,
    #2330,#2331,#2332,#2333,#2334,#2335,#2336,#2337,#2338,#2339,#2340,
    #2341,#2342,#2343,#2344,#2345,#2346,#2347,#2348,#2349,#2350,#2351,
    #2352,#2353,#2354,#2355,#2356,#2357,#2358,#2359,#2360,#2361,#2362,
    #2363,#2364,#2365,#2366,#2367,#2368,#2369,#2370,#2371,#2372,#2373,
    #2374,#2375,#2376,#2377,#2378,#2379,#2380,#2381,#2382,#2383,#2384,
    #2385,#2386,#2387,#2388,#2389,#2390,#2391,#2392,#2393,#2394,#2395,
    #2396,#2397,#2398,#2399,#2400,#2401,#2402,#2403,#2404,#2405,#2406,
    #2407,#2408,#2409,#2410,#2411,#2412,#2413,#2414,#2415,#2416,#2417,
    #2418),.UNSPECIFIED.,.F.,.F.,(4,1,1,1,1,1,1,1,1,1,1,1,1,3,1,1,1,1,1,
    1,1,1,1,1,1,1,1,1,1,1,1,1,1,1,1,1,1,1,1,1,1,1,1,1,1,1,1,1,1,1,1,1,1,
    1,1,2,1,1,1,1,1,1,1,1,1,1,1,1,1,1,1,1,1,1,1,1,1,1,1,1,1,1,1,2,1,1,1,
    1,1,1,1,1,1,1,1,1,1,1,1,1,1,1,1,1,1,1,1,1,1,1,1,1,1,1,1,1,1,1,1,1,1,
    1,1,1,1,1,1,1,1,1,1,1,1,1,1,1,1,1,1,1,1,1,4),(0.,1.E+03,2.E+03,
    3.E+03,4.E+03,5.E+03,6.E+03,7.E+03,8.E+03,9.E+03,1.E+04,1.1E+04,
    1.2E+04,1.2197E+04,1.29128E+04,1.36599E+04,1.44449E+04,1.59749E+04,
    1.61808E+04,1.75039E+04,1.9033E+04,2.0563E+04,2.12833E+04,
    2.20952E+04,2.363E+04,2.52725E+04,2.57249E+04,2.58429E+04,
    2.69242E+04,2.85942E+04,2.93169E+04,3.03211E+04,3.1626E+04,
    3.21423E+04,3.24444E+04,3.33739E+04,3.42588E+04,3.46883E+04,
    3.57206E+04,3.57973E+04,3.71331E+04,3.85837E+04,3.89006E+04,
    3.98461E+04,4.05518E+04,4.11018E+04,4.21729E+04,4.28953E+04,
    4.37835E+04,4.53892E+04,4.56758E+04,4.69925E+04,4.85943E+04,
    5.01951E+04,5.27454E+04,5.31975E+04,5.60454E+04,5.87454E+04,
    6.23454E+04,6.59455E+04,6.95455E+04,7.31455E+04,7.67455E+04,
    7.94455E+04,8.30455E+04,8.66455E+04,9.02455E+04,9.38455E+04,
    9.74455E+04,1.00146E+05,1.31646E+05,1.35246E+05,1.38846E+05,
    1.41546E+05,1.45146E+05,1.48746E+05,1.52346E+05,1.55946E+05,
    1.59546E+05,1.62246E+05,1.65586E+05,1.68926E+05,1.72266E+05,
    1.73342E+05,1.75606E+05,1.7895E+05,1.7969E+05,1.81774E+05,
    1.82314E+05,1.83036E+05,1.83191E+05,1.83762E+05,1.84323E+05,
    1.84493E+05,1.85229E+05,1.85521E+05,1.86069E+05,1.86923E+05,
    1.87462E+05,1.87795E+05,1.88698E+05,1.89536E+05,1.89643E+05,
    1.90373E+05,1.90662E+05,1.91108E+05,1.91837E+05,1.92391E+05,
    1.93414E+05,1.93517E+05,1.94558E+05,1.95061E+05,1.95562E+05,
    1.96606E+05,1.9675E+05,1.97861E+05,1.98024E+05,1.98531E+05,
    1.99131E+05,2.00138E+05,2.00643E+05,2.01157E+05,2.02214E+05,
    2.02867E+05,2.03301E+05,2.04413E+05,2.04714E+05,2.05542E+05,
    2.06119E+05,2.06358E+05,2.0671E+05,2.07745E+05,2.07958E+05,
    2.09236E+05,2.09315E+05,2.10136E+05,2.1064E+05,2.11419E+05,
    2.11893E+05,2.12832E+05,2.13093E+05,2.13986E+05,2.1438E+05),
  .UNSPECIFIED.);
#2270 = CARTESIAN_POINT('',(-3.7E+03,3.E+03,2.3E+04));
#2271 = CARTESIAN_POINT('',(-3.7E+03,3.E+03,2.26667E+04));
#2272 = CARTESIAN_POINT('',(-3.7E+03,3.E+03,2.2E+04));
#2273 = CARTESIAN_POINT('',(-3.7E+03,3.E+03,2.1E+04));
#2274 = CARTESIAN_POINT('',(-3.7E+03,3.E+03,2.E+04));
#2275 = CARTESIAN_POINT('',(-3.7E+03,3.E+03,1.9E+04));
#2276 = CARTESIAN_POINT('',(-3.7E+03,3.E+03,1.8E+04));
#2277 = CARTESIAN_POINT('',(-3.7E+03,3.E+03,1.7E+04));
#2278 = CARTESIAN_POINT('',(-3.7E+03,3.E+03,1.6E+04));
#2279 = CARTESIAN_POINT('',(-3.7E+03,3.E+03,1.5E+04));
#2280 = CARTESIAN_POINT('',(-3.7E+03,3.E+03,1.4E+04));
#2281 = CARTESIAN_POINT('',(-3.7E+03,3.E+03,1.3E+04));
#2282 = CARTESIAN_POINT('',(-3.7E+03,3.E+03,1.2E+04));
#2283 = CARTESIAN_POINT('',(-3.7E+03,3.E+03,1.12677E+04));
#2284 = CARTESIAN_POINT('',(-3.7E+03,3.E+03,1.08686E+04));
#2285 = CARTESIAN_POINT('',(-3.7E+03,3.E+03,1.0803E+04));
#2286 = CARTESIAN_POINT('',(-3.46677E+03,3.E+03,1.07526E+04));
#2287 = CARTESIAN_POINT('',(-2.9899E+03,3.E+03,1.06507E+04));
#2288 = CARTESIAN_POINT('',(-2.25653E+03,3.E+03,1.0497E+04));
#2289 = CARTESIAN_POINT('',(-1.25689E+03,3.E+03,1.02908E+04));
#2290 = CARTESIAN_POINT('',(-433.025,3.E+03,1.01254E+04));
#2291 = CARTESIAN_POINT('',(567.34,3.E+03,9.92788E+03));
#2292 = CARTESIAN_POINT('',(1.56733E+03,3.E+03,9.73012E+03));
#2293 = CARTESIAN_POINT('',(3.0004E+03,3.E+03,9.44726E+03));
#2294 = CARTESIAN_POINT('',(4.23578E+03,3.E+03,9.2004E+03));
#2295 = CARTESIAN_POINT('',(5.23544E+03,3.E+03,8.99419E+03));
#2296 = CARTESIAN_POINT('',(6.23604E+03,3.E+03,8.78445E+03));
#2297 = CARTESIAN_POINT('',(7.53531E+03,3.E+03,8.50179E+03));
#2298 = CARTESIAN_POINT('',(8.71629E+03,3.E+03,8.23767E+03));
#2299 = CARTESIAN_POINT('',(9.43029E+03,3.E+03,8.05224E+03));
#2300 = CARTESIAN_POINT('',(9.96649E+03,3.E+03,7.9272E+03));
#2301 = CARTESIAN_POINT('',(1.08898E+04,3.E+03,7.67735E+03));
#2302 = CARTESIAN_POINT('',(1.20049E+04,3.E+03,7.36207E+03));
#2303 = CARTESIAN_POINT('',(1.30691E+04,3.E+03,6.97356E+03));
#2304 = CARTESIAN_POINT('',(1.39958E+04,3.E+03,6.56906E+03));
#2305 = CARTESIAN_POINT('',(1.48343E+04,3.E+03,6.1378E+03));
#2306 = CARTESIAN_POINT('',(1.54419E+04,3.E+03,5.7741E+03));
#2307 = CARTESIAN_POINT('',(1.59249E+04,3.E+03,5.4481E+03));
#2308 = CARTESIAN_POINT('',(1.64928E+04,3.E+03,5.02804E+03));
#2309 = CARTESIAN_POINT('',(1.70234E+04,3.E+03,4.49236E+03));
#2310 = CARTESIAN_POINT('',(1.7456E+04,3.E+03,3.83662E+03));
#2311 = CARTESIAN_POINT('',(1.76216E+04,3.E+03,3.345E+03));
#2312 = CARTESIAN_POINT('',(1.80185E+04,3.E+03,2.63339E+03));
#2313 = CARTESIAN_POINT('',(1.8672E+04,3.E+03,1.88825E+03));
#2314 = CARTESIAN_POINT('',(1.96428E+04,3.E+03,1.4774E+03));
#2315 = CARTESIAN_POINT('',(2.04974E+04,3.E+03,1.18489E+03));
#2316 = CARTESIAN_POINT('',(2.11315E+04,3.E+03,1.01211E+03));
#2317 = CARTESIAN_POINT('',(2.18483E+04,3.E+03,855.24));
#2318 = CARTESIAN_POINT('',(2.26117E+04,3.E+03,717.27));
#2319 = CARTESIAN_POINT('',(2.33843E+04,3.E+03,601.333));
#2320 = CARTESIAN_POINT('',(2.42715E+04,3.E+03,491.317));
#2321 = CARTESIAN_POINT('',(2.53376E+04,3.E+03,378.025));
#2322 = CARTESIAN_POINT('',(2.62614E+04,3.E+03,301.549));
#2323 = CARTESIAN_POINT('',(2.73284E+04,3.E+03,225.4));
#2324 = CARTESIAN_POINT('',(2.83947E+04,3.E+03,159.161));
#2325 = CARTESIAN_POINT('',(2.98995E+04,3.E+03,88.3141));
#2326 = CARTESIAN_POINT('',(3.18162E+04,3.E+03,26.3484));
#2327 = CARTESIAN_POINT('',(3.33506E+04,3.E+03,4.57844));
#2328 = CARTESIAN_POINT('',(3.43514E+04,3.E+03,0.1));
#2329 = CARTESIAN_POINT('',(3.54514E+04,3.E+03,0.1));
#2330 = CARTESIAN_POINT('',(3.73007E+04,3.E+03,-4.34036E-02));
#2331 = CARTESIAN_POINT('',(4.035E+04,3.E+03,1.56611E-02));
#2332 = CARTESIAN_POINT('',(4.365E+04,3.E+03,-4.69219E-03));
#2333 = CARTESIAN_POINT('',(4.725E+04,3.E+03,1.25733E-03));
#2334 = CARTESIAN_POINT('',(5.085E+04,3.E+03,-3.37113E-04));
#2335 = CARTESIAN_POINT('',(5.445E+04,3.E+03,9.11281E-05));
#2336 = CARTESIAN_POINT('',(5.775E+04,3.E+03,-1.75218E-05));
#2337 = CARTESIAN_POINT('',(6.105E+04,3.E+03,5.68617E-06));
#2338 = CARTESIAN_POINT('',(6.435E+04,3.E+03,-1.70362E-06));
#2339 = CARTESIAN_POINT('',(6.795E+04,3.E+03,4.56505E-07));
#2340 = CARTESIAN_POINT('',(7.155E+04,3.E+03,-1.22401E-07));
#2341 = CARTESIAN_POINT('',(7.515E+04,3.E+03,3.30981E-08));
#2342 = CARTESIAN_POINT('',(7.845E+04,3.E+03,-6.40106E-09));
#2343 = CARTESIAN_POINT('',(9.105E+04,3.E+03,2.63848E-08));
#2344 = CARTESIAN_POINT('',(1.0365E+05,3.E+03,-2.29675E-08));
#2345 = CARTESIAN_POINT('',(1.1655E+05,3.E+03,0.));
#2346 = CARTESIAN_POINT('',(1.1985E+05,3.E+03,0.));
#2347 = CARTESIAN_POINT('',(1.2315E+05,3.E+03,0.));
#2348 = CARTESIAN_POINT('',(1.2645E+05,3.E+03,0.));
#2349 = CARTESIAN_POINT('',(1.3005E+05,3.E+03,0.));
#2350 = CARTESIAN_POINT('',(1.3365E+05,3.E+03,0.));
#2351 = CARTESIAN_POINT('',(1.3725E+05,3.E+03,0.));
#2352 = CARTESIAN_POINT('',(1.4055E+05,3.E+03,0.));
#2353 = CARTESIAN_POINT('',(1.43763E+05,3.E+03,0.));
#2354 = CARTESIAN_POINT('',(1.4689E+05,3.E+03,0.));
#2355 = CARTESIAN_POINT('',(1.5023E+05,3.E+03,0.));
#2356 = CARTESIAN_POINT('',(1.52816E+05,3.E+03,0.));
#2357 = CARTESIAN_POINT('',(1.54288E+05,3.E+03,-0.));
#2358 = CARTESIAN_POINT('',(1.55401E+05,3.E+03,0.));
#2359 = CARTESIAN_POINT('',(1.5727E+05,3.E+03,32.5861));
#2360 = CARTESIAN_POINT('',(1.59385E+05,3.E+03,118.192));
#2361 = CARTESIAN_POINT('',(1.61435E+05,3.E+03,283.732));
#2362 = CARTESIAN_POINT('',(1.62549E+05,3.E+03,414.866));
#2363 = CARTESIAN_POINT('',(1.6365E+05,3.E+03,595.676));
#2364 = CARTESIAN_POINT('',(1.64114E+05,3.E+03,681.882));
#2365 = CARTESIAN_POINT('',(1.64588E+05,3.E+03,777.385));
#2366 = CARTESIAN_POINT('',(1.65007E+05,3.E+03,867.673));
#2367 = CARTESIAN_POINT('',(1.65429E+05,3.E+03,967.959));
#2368 = CARTESIAN_POINT('',(1.65903E+05,3.E+03,1.08774E+03));
#2369 = CARTESIAN_POINT('',(1.66289E+05,3.E+03,1.19284E+03));
#2370 = CARTESIAN_POINT('',(1.66792E+05,3.E+03,1.34469E+03));
#2371 = CARTESIAN_POINT('',(1.67328E+05,3.E+03,1.52019E+03));
#2372 = CARTESIAN_POINT('',(1.67934E+05,3.E+03,1.74914E+03));
#2373 = CARTESIAN_POINT('',(1.68465E+05,3.E+03,1.97049E+03));
#2374 = CARTESIAN_POINT('',(1.69004E+05,3.E+03,2.21529E+03));
#2375 = CARTESIAN_POINT('',(1.69617E+05,3.E+03,2.5369E+03));
#2376 = CARTESIAN_POINT('',(1.7014E+05,3.E+03,2.86302E+03));
#2377 = CARTESIAN_POINT('',(1.70602E+05,3.E+03,3.1763E+03));
#2378 = CARTESIAN_POINT('',(1.70903E+05,3.E+03,3.40168E+03));
#2379 = CARTESIAN_POINT('',(1.71271E+05,3.E+03,3.7229E+03));
#2380 = CARTESIAN_POINT('',(1.71622E+05,3.E+03,4.06196E+03));
#2381 = CARTESIAN_POINT('',(1.72002E+05,3.E+03,4.49668E+03));
#2382 = CARTESIAN_POINT('',(1.7245E+05,3.E+03,5.1222E+03));
#2383 = CARTESIAN_POINT('',(1.72715E+05,3.E+03,5.62012E+03));
#2384 = CARTESIAN_POINT('',(1.72987E+05,3.E+03,6.28932E+03));
#2385 = CARTESIAN_POINT('',(1.73147E+05,3.E+03,6.81981E+03));
#2386 = CARTESIAN_POINT('',(1.73226E+05,3.E+03,7.49842E+03));
#2387 = CARTESIAN_POINT('',(1.73207E+05,3.E+03,8.18338E+03));
#2388 = CARTESIAN_POINT('',(1.73034E+05,3.E+03,8.73352E+03));
#2389 = CARTESIAN_POINT('',(1.72685E+05,3.E+03,9.41589E+03));
#2390 = CARTESIAN_POINT('',(1.7236E+05,3.E+03,9.77166E+03));
#2391 = CARTESIAN_POINT('',(1.7195E+05,3.E+03,1.02013E+04));
#2392 = CARTESIAN_POINT('',(1.71672E+05,3.E+03,1.05176E+04));
#2393 = CARTESIAN_POINT('',(1.71238E+05,3.E+03,1.10926E+04));
#2394 = CARTESIAN_POINT('',(1.71212E+05,3.E+03,1.18399E+04));
#2395 = CARTESIAN_POINT('',(1.71309E+05,3.E+03,1.25041E+04));
#2396 = CARTESIAN_POINT('',(1.71479E+05,3.E+03,1.31773E+04));
#2397 = CARTESIAN_POINT('',(1.71726E+05,3.E+03,1.38771E+04));
#2398 = CARTESIAN_POINT('',(1.71999E+05,3.E+03,1.45378E+04));
#2399 = CARTESIAN_POINT('',(1.72298E+05,3.E+03,1.52067E+04));
#2400 = CARTESIAN_POINT('',(1.7257E+05,3.E+03,1.57596E+04));
#2401 = CARTESIAN_POINT('',(1.72909E+05,3.E+03,1.6425E+04));
#2402 = CARTESIAN_POINT('',(1.73174E+05,3.E+03,1.69287E+04));
#2403 = CARTESIAN_POINT('',(1.73445E+05,3.E+03,1.74045E+04));
#2404 = CARTESIAN_POINT('',(1.73649E+05,3.E+03,1.77361E+04));
#2405 = CARTESIAN_POINT('',(1.73941E+05,3.E+03,1.81928E+04));
#2406 = CARTESIAN_POINT('',(1.74254E+05,3.E+03,1.86266E+04));
#2407 = CARTESIAN_POINT('',(1.74793E+05,3.E+03,1.92734E+04));
#2408 = CARTESIAN_POINT('',(1.75159E+05,3.E+03,1.96482E+04));
#2409 = CARTESIAN_POINT('',(1.75651E+05,3.E+03,2.01818E+04));
#2410 = CARTESIAN_POINT('',(1.75965E+05,3.E+03,2.05294E+04));
#2411 = CARTESIAN_POINT('',(1.76413E+05,3.E+03,2.10687E+04));
#2412 = CARTESIAN_POINT('',(1.76773E+05,3.E+03,2.15314E+04));
#2413 = CARTESIAN_POINT('',(1.77199E+05,3.E+03,2.21248E+04));
#2414 = CARTESIAN_POINT('',(1.77509E+05,3.E+03,2.25895E+04));
#2415 = CARTESIAN_POINT('',(1.77884E+05,3.E+03,2.31774E+04));
#2416 = CARTESIAN_POINT('',(1.78157E+05,3.E+03,2.36156E+04));
#2417 = CARTESIAN_POINT('',(1.78372E+05,3.E+03,2.3986E+04));
#2418 = CARTESIAN_POINT('',(1.78437E+05,3.E+03,2.41E+04));
#2419 = CARTESIAN_POINT('',(-3.7E+03,3.E+03,2.3E+04));
#2420 = CARTESIAN_POINT('',(1.78437E+05,3.E+03,2.41E+04));
#2421 = ( GEOMETRIC_REPRESENTATION_CONTEXT(3) 
GLOBAL_UNCERTAINTY_ASSIGNED_CONTEXT((#2425)) 
GLOBAL_UNIT_ASSIGNED_CONTEXT((#2422,#2423,#2424)) REPRESENTATION_CONTEXT
('Context #1','3D Context with UNIT and UNCERTAINTY') );
#2422 = ( LENGTH_UNIT() NAMED_UNIT(*) SI_UNIT(.MILLI.,.METRE.) );
#2423 = ( NAMED_UNIT(*) PLANE_ANGLE_UNIT() SI_UNIT($,.RADIAN.) );
#2424 = ( NAMED_UNIT(*) SI_UNIT($,.STERADIAN.) SOLID_ANGLE_UNIT() );
#2425 = UNCERTAINTY_MEASURE_WITH_UNIT(LENGTH_MEASURE(1.E-07),#2422,
  'distance_accuracy_value','confusion accuracy');
#2426 = CONTEXT_DEPENDENT_SHAPE_REPRESENTATION(#2427,#2429);
#2427 = ( REPRESENTATION_RELATIONSHIP('','',#2266,#10) 
REPRESENTATION_RELATIONSHIP_WITH_TRANSFORMATION(#2428) 
SHAPE_REPRESENTATION_RELATIONSHIP() );
#2428 = ITEM_DEFINED_TRANSFORMATION('','',#11,#91);
#2429 = PRODUCT_DEFINITION_SHAPE('Placement','Placement of an item',
  #2430);
#2430 = NEXT_ASSEMBLY_USAGE_OCCURRENCE('20','','',#5,#2261,$);
#2431 = PRODUCT_RELATED_PRODUCT_CATEGORY('part',$,(#2263));
#2432 = SHAPE_DEFINITION_REPRESENTATION(#2433,#2439);
#2433 = PRODUCT_DEFINITION_SHAPE('','',#2434);
#2434 = PRODUCT_DEFINITION('design','',#2435,#2438);
#2435 = PRODUCT_DEFINITION_FORMATION('','',#2436);
#2436 = PRODUCT('Open CASCADE STEP translator 7.7 1.21',
  'Open CASCADE STEP translator 7.7 1.21','',(#2437));
#2437 = PRODUCT_CONTEXT('',#2,'mechanical');
#2438 = PRODUCT_DEFINITION_CONTEXT('part definition',#2,'design');
#2439 = GEOMETRICALLY_BOUNDED_WIREFRAME_SHAPE_REPRESENTATION('',(#11,
    #2440),#2593);
#2440 = GEOMETRIC_CURVE_SET('',(#2441));
#2441 = TRIMMED_CURVE('',#2442,(#2591,PARAMETER_VALUE(0.)),(#2592,
    PARAMETER_VALUE(2.11506E+05)),.T.,.PARAMETER.);
#2442 = B_SPLINE_CURVE_WITH_KNOTS('',3,(#2443,#2444,#2445,#2446,#2447,
    #2448,#2449,#2450,#2451,#2452,#2453,#2454,#2455,#2456,#2457,#2458,
    #2459,#2460,#2461,#2462,#2463,#2464,#2465,#2466,#2467,#2468,#2469,
    #2470,#2471,#2472,#2473,#2474,#2475,#2476,#2477,#2478,#2479,#2480,
    #2481,#2482,#2483,#2484,#2485,#2486,#2487,#2488,#2489,#2490,#2491,
    #2492,#2493,#2494,#2495,#2496,#2497,#2498,#2499,#2500,#2501,#2502,
    #2503,#2504,#2505,#2506,#2507,#2508,#2509,#2510,#2511,#2512,#2513,
    #2514,#2515,#2516,#2517,#2518,#2519,#2520,#2521,#2522,#2523,#2524,
    #2525,#2526,#2527,#2528,#2529,#2530,#2531,#2532,#2533,#2534,#2535,
    #2536,#2537,#2538,#2539,#2540,#2541,#2542,#2543,#2544,#2545,#2546,
    #2547,#2548,#2549,#2550,#2551,#2552,#2553,#2554,#2555,#2556,#2557,
    #2558,#2559,#2560,#2561,#2562,#2563,#2564,#2565,#2566,#2567,#2568,
    #2569,#2570,#2571,#2572,#2573,#2574,#2575,#2576,#2577,#2578,#2579,
    #2580,#2581,#2582,#2583,#2584,#2585,#2586,#2587,#2588,#2589,#2590),
  .UNSPECIFIED.,.F.,.F.,(4,1,1,1,1,1,1,1,1,1,1,1,1,3,1,1,1,1,1,1,1,1,1,1
    ,1,1,1,1,1,1,1,1,1,1,1,1,1,1,1,1,1,1,1,1,1,1,1,1,1,1,1,1,1,1,1,1,1,2
    ,1,1,1,1,1,1,1,1,1,1,1,1,1,1,1,1,1,1,1,1,1,1,1,1,1,2,1,1,1,1,1,1,1,1
    ,1,1,1,1,1,1,1,1,1,1,1,1,1,1,1,1,1,1,1,1,1,1,1,1,1,1,1,1,1,1,1,1,1,1
    ,1,1,1,1,1,1,1,1,1,1,1,1,1,1,1,4),(0.,1.E+03,2.E+03,3.E+03,4.E+03,
    5.E+03,6.E+03,7.E+03,8.E+03,9.E+03,1.E+04,1.1E+04,1.2E+04,
    1.20412E+04,1.27601E+04,1.40863E+04,1.42983E+04,1.58328E+04,
    1.64725E+04,1.73646E+04,1.88947E+04,2.04247E+04,2.15252E+04,
    2.19549E+04,2.34868E+04,2.51237E+04,2.62832E+04,2.67654E+04,
    2.72982E+04,2.84142E+04,3.00757E+04,3.02247E+04,3.17649E+04,
    3.30867E+04,3.35017E+04,3.47661E+04,3.52964E+04,3.53268E+04,
    3.67978E+04,3.71548E+04,3.728E+04,3.89881E+04,3.91234E+04,
    3.93318E+04,4.0967E+04,4.09879E+04,4.26621E+04,4.43073E+04,
    4.46458E+04,4.59326E+04,4.61357E+04,4.75473E+04,4.80851E+04,
    4.91572E+04,5.08201E+04,5.17145E+04,5.50186E+04,5.66669E+04,
    5.77188E+04,6.13188E+04,6.49188E+04,6.85187E+04,7.21187E+04,
    7.57187E+04,7.84187E+04,8.20187E+04,8.56186E+04,8.92186E+04,
    9.28186E+04,9.64186E+04,9.91186E+04,1.30618E+05,1.34218E+05,
    1.37818E+05,1.40518E+05,1.44118E+05,1.47718E+05,1.51318E+05,
    1.54918E+05,1.58518E+05,1.61218E+05,1.64558E+05,1.67898E+05,
    1.69764E+05,1.71238E+05,1.74581E+05,1.75835E+05,1.77936E+05,
    1.78176E+05,1.79732E+05,1.80935E+05,1.81336E+05,1.82071E+05,
    1.82814E+05,1.83566E+05,1.84226E+05,1.84333E+05,1.84641E+05,
    1.85222E+05,1.86143E+05,1.86354E+05,1.87121E+05,1.87205E+05,
    1.87963E+05,1.88194E+05,1.89283E+05,1.89469E+05,1.90426E+05,
    1.91466E+05,1.91968E+05,1.92469E+05,1.93517E+05,1.94384E+05,
    1.94671E+05,1.95242E+05,1.95777E+05,1.96777E+05,1.9729E+05,
    1.97817E+05,1.98706E+05,1.98904E+05,2.00018E+05,2.00501E+05,
    2.01154E+05,2.02123E+05,2.02312E+05,2.029E+05,2.03498E+05,
    2.03613E+05,2.0475E+05,2.04921E+05,2.0609E+05,2.06116E+05,
    2.07499E+05,2.07534E+05,2.08384E+05,2.08879E+05,2.09634E+05,
    2.10155E+05,2.10982E+05,2.11091E+05,2.11506E+05),.UNSPECIFIED.);
#2443 = CARTESIAN_POINT('',(-3.7E+03,4.E+03,2.3E+04));
#2444 = CARTESIAN_POINT('',(-3.7E+03,4.E+03,2.26667E+04));
#2445 = CARTESIAN_POINT('',(-3.7E+03,4.E+03,2.2E+04));
#2446 = CARTESIAN_POINT('',(-3.7E+03,4.E+03,2.1E+04));
#2447 = CARTESIAN_POINT('',(-3.7E+03,4.E+03,2.E+04));
#2448 = CARTESIAN_POINT('',(-3.7E+03,4.E+03,1.9E+04));
#2449 = CARTESIAN_POINT('',(-3.7E+03,4.E+03,1.8E+04));
#2450 = CARTESIAN_POINT('',(-3.7E+03,4.E+03,1.7E+04));
#2451 = CARTESIAN_POINT('',(-3.7E+03,4.E+03,1.6E+04));
#2452 = CARTESIAN_POINT('',(-3.7E+03,4.E+03,1.5E+04));
#2453 = CARTESIAN_POINT('',(-3.7E+03,4.E+03,1.4E+04));
#2454 = CARTESIAN_POINT('',(-3.7E+03,4.E+03,1.3E+04));
#2455 = CARTESIAN_POINT('',(-3.7E+03,4.E+03,1.2E+04));
#2456 = CARTESIAN_POINT('',(-3.7E+03,4.E+03,1.13196E+04));
#2457 = CARTESIAN_POINT('',(-3.7E+03,4.E+03,1.09726E+04));
#2458 = CARTESIAN_POINT('',(-3.7E+03,4.E+03,1.09588E+04));
#2459 = CARTESIAN_POINT('',(-3.46677E+03,4.E+03,1.09037E+04));
#2460 = CARTESIAN_POINT('',(-2.80305E+03,4.E+03,1.07481E+04));
#2461 = CARTESIAN_POINT('',(-2.06953E+03,4.E+03,1.05805E+04));
#2462 = CARTESIAN_POINT('',(-1.06969E+03,4.E+03,1.03583E+04));
#2463 = CARTESIAN_POINT('',(-292.146,4.E+03,1.01906E+04));
#2464 = CARTESIAN_POINT('',(708.584,4.E+03,9.98277E+03));
#2465 = CARTESIAN_POINT('',(1.70818E+03,4.E+03,9.77672E+03));
#2466 = CARTESIAN_POINT('',(3.00006E+03,4.E+03,9.51872E+03));
#2467 = CARTESIAN_POINT('',(4.3595E+03,4.E+03,9.24423E+03));
#2468 = CARTESIAN_POINT('',(5.35998E+03,4.E+03,9.04516E+03));
#2469 = CARTESIAN_POINT('',(6.35988E+03,4.E+03,8.84004E+03));
#2470 = CARTESIAN_POINT('',(7.53478E+03,4.E+03,8.59821E+03));
#2471 = CARTESIAN_POINT('',(8.94518E+03,4.E+03,8.29406E+03));
#2472 = CARTESIAN_POINT('',(1.0011E+04,4.E+03,8.05208E+03));
#2473 = CARTESIAN_POINT('',(1.07165E+04,4.E+03,7.88606E+03));
#2474 = CARTESIAN_POINT('',(1.14072E+04,4.E+03,7.72027E+03));
#2475 = CARTESIAN_POINT('',(1.24771E+04,4.E+03,7.45029E+03));
#2476 = CARTESIAN_POINT('',(1.34179E+04,4.E+03,7.1912E+03));
#2477 = CARTESIAN_POINT('',(1.4486E+04,4.E+03,6.86447E+03));
#2478 = CARTESIAN_POINT('',(1.54369E+04,4.E+03,6.54118E+03));
#2479 = CARTESIAN_POINT('',(1.64486E+04,4.E+03,6.12748E+03));
#2480 = CARTESIAN_POINT('',(1.73577E+04,4.E+03,5.70987E+03));
#2481 = CARTESIAN_POINT('',(1.80183E+04,4.E+03,5.38342E+03));
#2482 = CARTESIAN_POINT('',(1.85539E+04,4.E+03,5.09482E+03));
#2483 = CARTESIAN_POINT('',(1.91476E+04,4.E+03,4.76897E+03));
#2484 = CARTESIAN_POINT('',(1.96885E+04,4.E+03,4.46574E+03));
#2485 = CARTESIAN_POINT('',(2.0236E+04,4.E+03,4.1132E+03));
#2486 = CARTESIAN_POINT('',(2.08418E+04,4.E+03,3.70569E+03));
#2487 = CARTESIAN_POINT('',(2.13572E+04,4.E+03,3.29786E+03));
#2488 = CARTESIAN_POINT('',(2.19199E+04,4.E+03,2.90904E+03));
#2489 = CARTESIAN_POINT('',(2.24678E+04,4.E+03,2.54198E+03));
#2490 = CARTESIAN_POINT('',(2.3007E+04,4.E+03,2.22412E+03));
#2491 = CARTESIAN_POINT('',(2.4024E+04,4.E+03,1.77901E+03));
#2492 = CARTESIAN_POINT('',(2.50848E+04,4.E+03,1.42702E+03));
#2493 = CARTESIAN_POINT('',(2.62726E+04,4.E+03,1.14962E+03));
#2494 = CARTESIAN_POINT('',(2.7342E+04,4.E+03,938.086));
#2495 = CARTESIAN_POINT('',(2.79429E+04,4.E+03,834.815));
#2496 = CARTESIAN_POINT('',(2.8899E+04,4.E+03,689.129));
#2497 = CARTESIAN_POINT('',(2.96107E+04,4.E+03,597.059));
#2498 = CARTESIAN_POINT('',(3.06109E+04,4.E+03,478.576));
#2499 = CARTESIAN_POINT('',(3.16953E+04,4.E+03,358.794));
#2500 = CARTESIAN_POINT('',(3.29016E+04,4.E+03,264.164));
#2501 = CARTESIAN_POINT('',(3.48516E+04,4.E+03,143.169));
#2502 = CARTESIAN_POINT('',(3.67978E+04,4.E+03,32.533));
#2503 = CARTESIAN_POINT('',(3.84487E+04,4.E+03,0.1));
#2504 = CARTESIAN_POINT('',(3.93487E+04,4.E+03,0.1));
#2505 = CARTESIAN_POINT('',(4.08994E+04,4.E+03,-0.165774));
#2506 = CARTESIAN_POINT('',(4.365E+04,4.E+03,6.33795E-02));
#2507 = CARTESIAN_POINT('',(4.725E+04,4.E+03,-1.69833E-02));
#2508 = CARTESIAN_POINT('',(5.085E+04,4.E+03,4.55354E-03));
#2509 = CARTESIAN_POINT('',(5.445E+04,4.E+03,-1.23091E-03));
#2510 = CARTESIAN_POINT('',(5.775E+04,4.E+03,2.36674E-04));
#2511 = CARTESIAN_POINT('',(6.105E+04,4.E+03,-7.68056E-05));
#2512 = CARTESIAN_POINT('',(6.435E+04,4.E+03,2.30115E-05));
#2513 = CARTESIAN_POINT('',(6.795E+04,4.E+03,-6.16621E-06));
#2514 = CARTESIAN_POINT('',(7.155E+04,4.E+03,1.65332E-06));
#2515 = CARTESIAN_POINT('',(7.515E+04,4.E+03,-4.47071E-07));
#2516 = CARTESIAN_POINT('',(7.845E+04,4.E+03,8.64619E-08));
#2517 = CARTESIAN_POINT('',(9.105E+04,4.E+03,-3.56392E-07));
#2518 = CARTESIAN_POINT('',(1.0365E+05,4.E+03,3.10232E-07));
#2519 = CARTESIAN_POINT('',(1.1655E+05,4.E+03,0.));
#2520 = CARTESIAN_POINT('',(1.1985E+05,4.E+03,0.));
#2521 = CARTESIAN_POINT('',(1.2315E+05,4.E+03,0.));
#2522 = CARTESIAN_POINT('',(1.2645E+05,4.E+03,0.));
#2523 = CARTESIAN_POINT('',(1.3005E+05,4.E+03,0.));
#2524 = CARTESIAN_POINT('',(1.3365E+05,4.E+03,0.));
#2525 = CARTESIAN_POINT('',(1.3725E+05,4.E+03,0.));
#2526 = CARTESIAN_POINT('',(1.4055E+05,4.E+03,0.));
#2527 = CARTESIAN_POINT('',(1.43763E+05,4.E+03,0.));
#2528 = CARTESIAN_POINT('',(1.4689E+05,4.E+03,0.));
#2529 = CARTESIAN_POINT('',(1.49739E+05,4.E+03,0.));
#2530 = CARTESIAN_POINT('',(1.51474E+05,4.E+03,-0.));
#2531 = CARTESIAN_POINT('',(1.52587E+05,4.E+03,0.));
#2532 = CARTESIAN_POINT('',(1.54193E+05,4.E+03,16.4047));
#2533 = CARTESIAN_POINT('',(1.56216E+05,4.E+03,105.734));
#2534 = CARTESIAN_POINT('',(1.58442E+05,4.E+03,265.788));
#2535 = CARTESIAN_POINT('',(1.59635E+05,4.E+03,385.905));
#2536 = CARTESIAN_POINT('',(1.60923E+05,4.E+03,557.701));
#2537 = CARTESIAN_POINT('',(1.6191E+05,4.E+03,717.263));
#2538 = CARTESIAN_POINT('',(1.62941E+05,4.E+03,935.577));
#2539 = CARTESIAN_POINT('',(1.63698E+05,4.E+03,1.12075E+03));
#2540 = CARTESIAN_POINT('',(1.64304E+05,4.E+03,1.28271E+03));
#2541 = CARTESIAN_POINT('',(1.65015E+05,4.E+03,1.49984E+03));
#2542 = CARTESIAN_POINT('',(1.65693E+05,4.E+03,1.73671E+03));
#2543 = CARTESIAN_POINT('',(1.66163E+05,4.E+03,1.92596E+03));
#2544 = CARTESIAN_POINT('',(1.66491E+05,4.E+03,2.06948E+03));
#2545 = CARTESIAN_POINT('',(1.66793E+05,4.E+03,2.20711E+03));
#2546 = CARTESIAN_POINT('',(1.67334E+05,4.E+03,2.47577E+03));
#2547 = CARTESIAN_POINT('',(1.67831E+05,4.E+03,2.75734E+03));
#2548 = CARTESIAN_POINT('',(1.68364E+05,4.E+03,3.09963E+03));
#2549 = CARTESIAN_POINT('',(1.68652E+05,4.E+03,3.30627E+03));
#2550 = CARTESIAN_POINT('',(1.69072E+05,4.E+03,3.63937E+03));
#2551 = CARTESIAN_POINT('',(1.69342E+05,4.E+03,3.87533E+03));
#2552 = CARTESIAN_POINT('',(1.69833E+05,4.E+03,4.36378E+03));
#2553 = CARTESIAN_POINT('',(1.70158E+05,4.E+03,4.75049E+03));
#2554 = CARTESIAN_POINT('',(1.70575E+05,4.E+03,5.36648E+03));
#2555 = CARTESIAN_POINT('',(1.7092E+05,4.E+03,6.01188E+03));
#2556 = CARTESIAN_POINT('',(1.71158E+05,4.E+03,6.81917E+03));
#2557 = CARTESIAN_POINT('',(1.71219E+05,4.E+03,7.49956E+03));
#2558 = CARTESIAN_POINT('',(1.71172E+05,4.E+03,8.18477E+03));
#2559 = CARTESIAN_POINT('',(1.70913E+05,4.E+03,8.96269E+03));
#2560 = CARTESIAN_POINT('',(1.70531E+05,4.E+03,9.59017E+03));
#2561 = CARTESIAN_POINT('',(1.70231E+05,4.E+03,1.00803E+04));
#2562 = CARTESIAN_POINT('',(1.70001E+05,4.E+03,1.04833E+04));
#2563 = CARTESIAN_POINT('',(1.69725E+05,4.E+03,1.1138E+04));
#2564 = CARTESIAN_POINT('',(1.69763E+05,4.E+03,1.18456E+04));
#2565 = CARTESIAN_POINT('',(1.69912E+05,4.E+03,1.25072E+04));
#2566 = CARTESIAN_POINT('',(1.70127E+05,4.E+03,1.31151E+04));
#2567 = CARTESIAN_POINT('',(1.70332E+05,4.E+03,1.36126E+04));
#2568 = CARTESIAN_POINT('',(1.70643E+05,4.E+03,1.42769E+04));
#2569 = CARTESIAN_POINT('',(1.70907E+05,4.E+03,1.48139E+04));
#2570 = CARTESIAN_POINT('',(1.71255E+05,4.E+03,1.54782E+04));
#2571 = CARTESIAN_POINT('',(1.71593E+05,4.E+03,1.60934E+04));
#2572 = CARTESIAN_POINT('',(1.71896E+05,4.E+03,1.66156E+04));
#2573 = CARTESIAN_POINT('',(1.72196E+05,4.E+03,1.71142E+04));
#2574 = CARTESIAN_POINT('',(1.72437E+05,4.E+03,1.75039E+04));
#2575 = CARTESIAN_POINT('',(1.72673E+05,4.E+03,1.78676E+04));
#2576 = CARTESIAN_POINT('',(1.73023E+05,4.E+03,1.83757E+04));
#2577 = CARTESIAN_POINT('',(1.7331E+05,4.E+03,1.8755E+04));
#2578 = CARTESIAN_POINT('',(1.73845E+05,4.E+03,1.93835E+04));
#2579 = CARTESIAN_POINT('',(1.74161E+05,4.E+03,1.97117E+04));
#2580 = CARTESIAN_POINT('',(1.74768E+05,4.E+03,2.03208E+04));
#2581 = CARTESIAN_POINT('',(1.75115E+05,4.E+03,2.06544E+04));
#2582 = CARTESIAN_POINT('',(1.75645E+05,4.E+03,2.1194E+04));
#2583 = CARTESIAN_POINT('',(1.75954E+05,4.E+03,2.15346E+04));
#2584 = CARTESIAN_POINT('',(1.76411E+05,4.E+03,2.20648E+04));
#2585 = CARTESIAN_POINT('',(1.76784E+05,4.E+03,2.25225E+04));
#2586 = CARTESIAN_POINT('',(1.7721E+05,4.E+03,2.308E+04));
#2587 = CARTESIAN_POINT('',(1.77492E+05,4.E+03,2.3475E+04));
#2588 = CARTESIAN_POINT('',(1.77752E+05,4.E+03,2.38431E+04));
#2589 = CARTESIAN_POINT('',(1.77851E+05,4.E+03,2.39864E+04));
#2590 = CARTESIAN_POINT('',(1.7793E+05,4.E+03,2.41E+04));
#2591 = CARTESIAN_POINT('',(-3.7E+03,4.E+03,2.3E+04));
#2592 = CARTESIAN_POINT('',(1.7793E+05,4.E+03,2.41E+04));
#2593 = ( GEOMETRIC_REPRESENTATION_CONTEXT(3) 
GLOBAL_UNCERTAINTY_ASSIGNED_CONTEXT((#2597)) 
GLOBAL_UNIT_ASSIGNED_CONTEXT((#2594,#2595,#2596)) REPRESENTATION_CONTEXT
('Context #1','3D Context with UNIT and UNCERTAINTY') );
#2594 = ( LENGTH_UNIT() NAMED_UNIT(*) SI_UNIT(.MILLI.,.METRE.) );
#2595 = ( NAMED_UNIT(*) PLANE_ANGLE_UNIT() SI_UNIT($,.RADIAN.) );
#2596 = ( NAMED_UNIT(*) SI_UNIT($,.STERADIAN.) SOLID_ANGLE_UNIT() );
#2597 = UNCERTAINTY_MEASURE_WITH_UNIT(LENGTH_MEASURE(1.E-07),#2594,
  'distance_accuracy_value','confusion accuracy');
#2598 = CONTEXT_DEPENDENT_SHAPE_REPRESENTATION(#2599,#2601);
#2599 = ( REPRESENTATION_RELATIONSHIP('','',#2439,#10) 
REPRESENTATION_RELATIONSHIP_WITH_TRANSFORMATION(#2600) 
SHAPE_REPRESENTATION_RELATIONSHIP() );
#2600 = ITEM_DEFINED_TRANSFORMATION('','',#11,#95);
#2601 = PRODUCT_DEFINITION_SHAPE('Placement','Placement of an item',
  #2602);
#2602 = NEXT_ASSEMBLY_USAGE_OCCURRENCE('21','','',#5,#2434,$);
#2603 = PRODUCT_RELATED_PRODUCT_CATEGORY('part',$,(#2436));
#2604 = SHAPE_DEFINITION_REPRESENTATION(#2605,#2611);
#2605 = PRODUCT_DEFINITION_SHAPE('','',#2606);
#2606 = PRODUCT_DEFINITION('design','',#2607,#2610);
#2607 = PRODUCT_DEFINITION_FORMATION('','',#2608);
#2608 = PRODUCT('Open CASCADE STEP translator 7.7 1.22',
  'Open CASCADE STEP translator 7.7 1.22','',(#2609));
#2609 = PRODUCT_CONTEXT('',#2,'mechanical');
#2610 = PRODUCT_DEFINITION_CONTEXT('part definition',#2,'design');
#2611 = GEOMETRICALLY_BOUNDED_WIREFRAME_SHAPE_REPRESENTATION('',(#11,
    #2612),#2764);
#2612 = GEOMETRIC_CURVE_SET('',(#2613));
#2613 = TRIMMED_CURVE('',#2614,(#2762,PARAMETER_VALUE(0.)),(#2763,
    PARAMETER_VALUE(2.09255E+05)),.T.,.PARAMETER.);
#2614 = B_SPLINE_CURVE_WITH_KNOTS('',3,(#2615,#2616,#2617,#2618,#2619,
    #2620,#2621,#2622,#2623,#2624,#2625,#2626,#2627,#2628,#2629,#2630,
    #2631,#2632,#2633,#2634,#2635,#2636,#2637,#2638,#2639,#2640,#2641,
    #2642,#2643,#2644,#2645,#2646,#2647,#2648,#2649,#2650,#2651,#2652,
    #2653,#2654,#2655,#2656,#2657,#2658,#2659,#2660,#2661,#2662,#2663,
    #2664,#2665,#2666,#2667,#2668,#2669,#2670,#2671,#2672,#2673,#2674,
    #2675,#2676,#2677,#2678,#2679,#2680,#2681,#2682,#2683,#2684,#2685,
    #2686,#2687,#2688,#2689,#2690,#2691,#2692,#2693,#2694,#2695,#2696,
    #2697,#2698,#2699,#2700,#2701,#2702,#2703,#2704,#2705,#2706,#2707,
    #2708,#2709,#2710,#2711,#2712,#2713,#2714,#2715,#2716,#2717,#2718,
    #2719,#2720,#2721,#2722,#2723,#2724,#2725,#2726,#2727,#2728,#2729,
    #2730,#2731,#2732,#2733,#2734,#2735,#2736,#2737,#2738,#2739,#2740,
    #2741,#2742,#2743,#2744,#2745,#2746,#2747,#2748,#2749,#2750,#2751,
    #2752,#2753,#2754,#2755,#2756,#2757,#2758,#2759,#2760,#2761),
  .UNSPECIFIED.,.F.,.F.,(4,1,1,1,1,1,1,1,1,1,1,1,3,1,1,1,1,1,1,1,1,1,1,1
    ,1,1,1,1,1,1,1,1,1,1,1,1,1,1,1,1,1,1,1,1,1,1,1,1,1,1,1,1,1,1,1,1,1,1
    ,2,1,1,1,1,1,1,1,1,1,1,1,1,1,1,1,1,1,1,1,1,1,1,1,2,1,1,1,1,1,1,1,1,1
    ,1,1,1,1,1,1,1,1,1,1,1,1,1,1,1,1,1,1,1,1,1,1,1,1,1,1,1,1,1,1,1,1,1,1
    ,1,1,1,1,1,1,1,1,1,1,1,1,1,1,4),(0.,1.E+03,2.E+03,3.E+03,4.E+03,
    5.E+03,6.E+03,7.E+03,8.E+03,9.E+03,1.E+04,1.1E+04,1.17943E+04,
    1.25202E+04,1.25727E+04,1.40693E+04,1.46039E+04,1.56112E+04,
    1.68538E+04,1.71475E+04,1.86807E+04,2.02117E+04,2.1742E+04,
    2.18002E+04,2.32726E+04,2.49064E+04,2.65428E+04,2.66971E+04,
    2.81834E+04,2.90916E+04,2.98295E+04,3.09609E+04,3.14844E+04,
    3.31553E+04,3.43227E+04,3.48522E+04,3.62528E+04,3.65786E+04,
    3.69998E+04,3.70879E+04,3.83295E+04,3.94167E+04,4.00934E+04,
    4.1797E+04,4.18551E+04,4.29098E+04,4.3587E+04,4.454E+04,4.52739E+04,
    4.69296E+04,4.85639E+04,4.86831E+04,5.02058E+04,5.11458E+04,
    5.2092E+04,5.44661E+04,5.45065E+04,5.71723E+04,6.00224E+04,
    6.07732E+04,6.43733E+04,6.79733E+04,7.15733E+04,7.51734E+04,
    7.78734E+04,8.14735E+04,8.50735E+04,8.86735E+04,9.22736E+04,
    9.58736E+04,9.85737E+04,1.30074E+05,1.33674E+05,1.37274E+05,
    1.39974E+05,1.43574E+05,1.47174E+05,1.50774E+05,1.54374E+05,
    1.57974E+05,1.60674E+05,1.64014E+05,1.66776E+05,1.67355E+05,
    1.70696E+05,1.72787E+05,1.74048E+05,1.75071E+05,1.76763E+05,
    1.77425E+05,1.78075E+05,1.80883E+05,1.81563E+05,1.81643E+05,
    1.82423E+05,1.83228E+05,1.83744E+05,1.84065E+05,1.84409E+05,
    1.84615E+05,1.85074E+05,1.85388E+05,1.86202E+05,1.86733E+05,
    1.87623E+05,1.87893E+05,1.88935E+05,1.89437E+05,1.89938E+05,
    1.90974E+05,1.91402E+05,1.92045E+05,1.92573E+05,1.93082E+05,
    1.94085E+05,1.94605E+05,1.95139E+05,1.95374E+05,1.96243E+05,
    1.9714E+05,1.97381E+05,1.98538E+05,1.9873E+05,1.99718E+05,
    2.00215E+05,2.00317E+05,2.00924E+05,2.01603E+05,2.02175E+05,
    2.02862E+05,2.03527E+05,2.03999E+05,2.05001E+05,2.05077E+05,
    2.06439E+05,2.06473E+05,2.0731E+05,2.07834E+05,2.08536E+05,
    2.08824E+05,2.09255E+05),.UNSPECIFIED.);
#2615 = CARTESIAN_POINT('',(-3.7E+03,5.E+03,2.3E+04));
#2616 = CARTESIAN_POINT('',(-3.7E+03,5.E+03,2.26667E+04));
#2617 = CARTESIAN_POINT('',(-3.7E+03,5.E+03,2.2E+04));
#2618 = CARTESIAN_POINT('',(-3.7E+03,5.E+03,2.1E+04));
#2619 = CARTESIAN_POINT('',(-3.7E+03,5.E+03,2.E+04));
#2620 = CARTESIAN_POINT('',(-3.7E+03,5.E+03,1.9E+04));
#2621 = CARTESIAN_POINT('',(-3.7E+03,5.E+03,1.8E+04));
#2622 = CARTESIAN_POINT('',(-3.7E+03,5.E+03,1.7E+04));
#2623 = CARTESIAN_POINT('',(-3.7E+03,5.E+03,1.6E+04));
#2624 = CARTESIAN_POINT('',(-3.7E+03,5.E+03,1.5E+04));
#2625 = CARTESIAN_POINT('',(-3.7E+03,5.E+03,1.4E+04));
#2626 = CARTESIAN_POINT('',(-3.7E+03,5.E+03,1.3E+04));
#2627 = CARTESIAN_POINT('',(-3.7E+03,5.E+03,1.20686E+04));
#2628 = CARTESIAN_POINT('',(-3.7E+03,5.E+03,1.14704E+04));
#2629 = CARTESIAN_POINT('',(-3.7E+03,5.E+03,1.12057E+04));
#2630 = CARTESIAN_POINT('',(-3.46698E+03,5.E+03,1.11405E+04));
#2631 = CARTESIAN_POINT('',(-3.21678E+03,5.E+03,1.10719E+04));
#2632 = CARTESIAN_POINT('',(-2.48444E+03,5.E+03,1.08751E+04));
#2633 = CARTESIAN_POINT('',(-1.81166E+03,5.E+03,1.07023E+04));
#2634 = CARTESIAN_POINT('',(-827.713,5.E+03,1.04621E+04));
#2635 = CARTESIAN_POINT('',(75.9424,5.E+03,1.02502E+04));
#2636 = CARTESIAN_POINT('',(903.758,5.E+03,1.00668E+04));
#2637 = CARTESIAN_POINT('',(1.90375E+03,5.E+03,9.8504E+03));
#2638 = CARTESIAN_POINT('',(2.99895E+03,5.E+03,9.61931E+03));
#2639 = CARTESIAN_POINT('',(4.49965E+03,5.E+03,9.3139E+03));
#2640 = CARTESIAN_POINT('',(5.51902E+03,5.E+03,9.10863E+03));
#2641 = CARTESIAN_POINT('',(6.51913E+03,5.E+03,8.90671E+03));
#2642 = CARTESIAN_POINT('',(7.55281E+03,5.E+03,8.69678E+03));
#2643 = CARTESIAN_POINT('',(9.10136E+03,5.E+03,8.37884E+03));
#2644 = CARTESIAN_POINT('',(1.02175E+04,5.E+03,8.13975E+03));
#2645 = CARTESIAN_POINT('',(1.12842E+04,5.E+03,7.90433E+03));
#2646 = CARTESIAN_POINT('',(1.21129E+04,5.E+03,7.71694E+03));
#2647 = CARTESIAN_POINT('',(1.31284E+04,5.E+03,7.47415E+03));
#2648 = CARTESIAN_POINT('',(1.40277E+04,5.E+03,7.25409E+03));
#2649 = CARTESIAN_POINT('',(1.48E+04,5.E+03,7.05441E+03));
#2650 = CARTESIAN_POINT('',(1.5869E+04,5.E+03,6.76104E+03));
#2651 = CARTESIAN_POINT('',(1.69434E+04,5.E+03,6.44105E+03));
#2652 = CARTESIAN_POINT('',(1.80051E+04,5.E+03,6.0756E+03));
#2653 = CARTESIAN_POINT('',(1.89725E+04,5.E+03,5.71486E+03));
#2654 = CARTESIAN_POINT('',(1.96702E+04,5.E+03,5.43388E+03));
#2655 = CARTESIAN_POINT('',(2.03294E+04,5.E+03,5.15489E+03));
#2656 = CARTESIAN_POINT('',(2.0585E+04,5.E+03,5.04453E+03));
#2657 = CARTESIAN_POINT('',(2.11196E+04,5.E+03,4.81056E+03));
#2658 = CARTESIAN_POINT('',(2.1854E+04,5.E+03,4.47918E+03));
#2659 = CARTESIAN_POINT('',(2.27632E+04,5.E+03,4.05834E+03));
#2660 = CARTESIAN_POINT('',(2.381E+04,5.E+03,3.56845E+03));
#2661 = CARTESIAN_POINT('',(2.45463E+04,5.E+03,3.22401E+03));
#2662 = CARTESIAN_POINT('',(2.54032E+04,5.E+03,2.84057E+03));
#2663 = CARTESIAN_POINT('',(2.59505E+04,5.E+03,2.60263E+03));
#2664 = CARTESIAN_POINT('',(2.67844E+04,5.E+03,2.27724E+03));
#2665 = CARTESIAN_POINT('',(2.75291E+04,5.E+03,2.01883E+03));
#2666 = CARTESIAN_POINT('',(2.85922E+04,5.E+03,1.6852E+03));
#2667 = CARTESIAN_POINT('',(2.98894E+04,5.E+03,1.34026E+03));
#2668 = CARTESIAN_POINT('',(3.10035E+04,5.E+03,1.11411E+03));
#2669 = CARTESIAN_POINT('',(3.20772E+04,5.E+03,914.389));
#2670 = CARTESIAN_POINT('',(3.29265E+04,5.E+03,774.296));
#2671 = CARTESIAN_POINT('',(3.40517E+04,5.E+03,615.84));
#2672 = CARTESIAN_POINT('',(3.54607E+04,5.E+03,438.383));
#2673 = CARTESIAN_POINT('',(3.65754E+04,5.E+03,325.056));
#2674 = CARTESIAN_POINT('',(3.82616E+04,5.E+03,169.717));
#2675 = CARTESIAN_POINT('',(4.01107E+04,5.E+03,54.1324));
#2676 = CARTESIAN_POINT('',(4.19492E+04,5.E+03,0.1));
#2677 = CARTESIAN_POINT('',(4.31495E+04,5.E+03,0.1));
#2678 = CARTESIAN_POINT('',(4.45997E+04,5.E+03,-0.234069));
#2679 = CARTESIAN_POINT('',(4.725E+04,5.E+03,9.4248E-02));
#2680 = CARTESIAN_POINT('',(5.085E+04,5.E+03,-2.52697E-02));
#2681 = CARTESIAN_POINT('',(5.445E+04,5.E+03,6.83088E-03));
#2682 = CARTESIAN_POINT('',(5.775E+04,5.E+03,-1.31342E-03));
#2683 = CARTESIAN_POINT('',(6.105E+04,5.E+03,4.2623E-04));
#2684 = CARTESIAN_POINT('',(6.435E+04,5.E+03,-1.27702E-04));
#2685 = CARTESIAN_POINT('',(6.795E+04,5.E+03,3.42192E-05));
#2686 = CARTESIAN_POINT('',(7.155E+04,5.E+03,-9.17505E-06));
#2687 = CARTESIAN_POINT('',(7.515E+04,5.E+03,2.48101E-06));
#2688 = CARTESIAN_POINT('',(7.845E+04,5.E+03,-4.79818E-07));
#2689 = CARTESIAN_POINT('',(9.105E+04,5.E+03,1.97779E-06));
#2690 = CARTESIAN_POINT('',(1.0365E+05,5.E+03,-1.72162E-06));
#2691 = CARTESIAN_POINT('',(1.1655E+05,5.E+03,0.));
#2692 = CARTESIAN_POINT('',(1.1985E+05,5.E+03,0.));
#2693 = CARTESIAN_POINT('',(1.2315E+05,5.E+03,0.));
#2694 = CARTESIAN_POINT('',(1.2645E+05,5.E+03,0.));
#2695 = CARTESIAN_POINT('',(1.3005E+05,5.E+03,0.));
#2696 = CARTESIAN_POINT('',(1.3365E+05,5.E+03,0.));
#2697 = CARTESIAN_POINT('',(1.3725E+05,5.E+03,0.));
#2698 = CARTESIAN_POINT('',(1.4055E+05,5.E+03,0.));
#2699 = CARTESIAN_POINT('',(1.43763E+05,5.E+03,0.));
#2700 = CARTESIAN_POINT('',(1.46697E+05,5.E+03,0.));
#2701 = CARTESIAN_POINT('',(1.48731E+05,5.E+03,-0.));
#2702 = CARTESIAN_POINT('',(1.49844E+05,5.E+03,0.));
#2703 = CARTESIAN_POINT('',(1.51151E+05,5.E+03,4.79542));
#2704 = CARTESIAN_POINT('',(1.53155E+05,5.E+03,59.7921));
#2705 = CARTESIAN_POINT('',(1.55381E+05,5.E+03,216.958));
#2706 = CARTESIAN_POINT('',(1.56832E+05,5.E+03,365.224));
#2707 = CARTESIAN_POINT('',(1.58148E+05,5.E+03,523.286));
#2708 = CARTESIAN_POINT('',(1.59262E+05,5.E+03,686.378));
#2709 = CARTESIAN_POINT('',(1.60247E+05,5.E+03,865.676));
#2710 = CARTESIAN_POINT('',(1.61592E+05,5.E+03,1.14226E+03));
#2711 = CARTESIAN_POINT('',(1.62927E+05,5.E+03,1.50718E+03));
#2712 = CARTESIAN_POINT('',(1.64041E+05,5.E+03,1.92363E+03));
#2713 = CARTESIAN_POINT('',(1.64516E+05,5.E+03,2.11946E+03));
#2714 = CARTESIAN_POINT('',(1.65021E+05,5.E+03,2.34922E+03));
#2715 = CARTESIAN_POINT('',(1.65639E+05,5.E+03,2.67986E+03));
#2716 = CARTESIAN_POINT('',(1.66108E+05,5.E+03,2.96327E+03));
#2717 = CARTESIAN_POINT('',(1.66437E+05,5.E+03,3.17899E+03));
#2718 = CARTESIAN_POINT('',(1.66674E+05,5.E+03,3.34726E+03));
#2719 = CARTESIAN_POINT('',(1.66942E+05,5.E+03,3.55018E+03));
#2720 = CARTESIAN_POINT('',(1.67195E+05,5.E+03,3.7566E+03));
#2721 = CARTESIAN_POINT('',(1.6759E+05,5.E+03,4.10972E+03));
#2722 = CARTESIAN_POINT('',(1.67976E+05,5.E+03,4.50764E+03));
#2723 = CARTESIAN_POINT('',(1.68443E+05,5.E+03,5.08827E+03));
#2724 = CARTESIAN_POINT('',(1.68743E+05,5.E+03,5.56868E+03));
#2725 = CARTESIAN_POINT('',(1.69059E+05,5.E+03,6.23095E+03));
#2726 = CARTESIAN_POINT('',(1.69235E+05,5.E+03,6.81871E+03));
#2727 = CARTESIAN_POINT('',(1.69296E+05,5.E+03,7.49924E+03));
#2728 = CARTESIAN_POINT('',(1.69256E+05,5.E+03,8.18139E+03));
#2729 = CARTESIAN_POINT('',(1.69054E+05,5.E+03,8.81153E+03));
#2730 = CARTESIAN_POINT('',(1.68805E+05,5.E+03,9.46738E+03));
#2731 = CARTESIAN_POINT('',(1.68608E+05,5.E+03,9.96249E+03));
#2732 = CARTESIAN_POINT('',(1.6842E+05,5.E+03,1.04906E+04));
#2733 = CARTESIAN_POINT('',(1.6828E+05,5.E+03,1.116E+04));
#2734 = CARTESIAN_POINT('',(1.68352E+05,5.E+03,1.18492E+04));
#2735 = CARTESIAN_POINT('',(1.68546E+05,5.E+03,1.25063E+04));
#2736 = CARTESIAN_POINT('',(1.68698E+05,5.E+03,1.29087E+04));
#2737 = CARTESIAN_POINT('',(1.68912E+05,5.E+03,1.34108E+04));
#2738 = CARTESIAN_POINT('',(1.69203E+05,5.E+03,1.40116E+04));
#2739 = CARTESIAN_POINT('',(1.69523E+05,5.E+03,1.45995E+04));
#2740 = CARTESIAN_POINT('',(1.69897E+05,5.E+03,1.52666E+04));
#2741 = CARTESIAN_POINT('',(1.70164E+05,5.E+03,1.57247E+04));
#2742 = CARTESIAN_POINT('',(1.70568E+05,5.E+03,1.6391E+04));
#2743 = CARTESIAN_POINT('',(1.70866E+05,5.E+03,1.68637E+04));
#2744 = CARTESIAN_POINT('',(1.71157E+05,5.E+03,1.73055E+04));
#2745 = CARTESIAN_POINT('',(1.7138E+05,5.E+03,1.76399E+04));
#2746 = CARTESIAN_POINT('',(1.71643E+05,5.E+03,1.80209E+04));
#2747 = CARTESIAN_POINT('',(1.72006E+05,5.E+03,1.85229E+04));
#2748 = CARTESIAN_POINT('',(1.72403E+05,5.E+03,1.90325E+04));
#2749 = CARTESIAN_POINT('',(1.72819E+05,5.E+03,1.9521E+04));
#2750 = CARTESIAN_POINT('',(1.73244E+05,5.E+03,1.99563E+04));
#2751 = CARTESIAN_POINT('',(1.73755E+05,5.E+03,2.04539E+04));
#2752 = CARTESIAN_POINT('',(1.74144E+05,5.E+03,2.07933E+04));
#2753 = CARTESIAN_POINT('',(1.74748E+05,5.E+03,2.13382E+04));
#2754 = CARTESIAN_POINT('',(1.75115E+05,5.E+03,2.16654E+04));
#2755 = CARTESIAN_POINT('',(1.75645E+05,5.E+03,2.21879E+04));
#2756 = CARTESIAN_POINT('',(1.75963E+05,5.E+03,2.25274E+04));
#2757 = CARTESIAN_POINT('',(1.76417E+05,5.E+03,2.30433E+04));
#2758 = CARTESIAN_POINT('',(1.76743E+05,5.E+03,2.3429E+04));
#2759 = CARTESIAN_POINT('',(1.77042E+05,5.E+03,2.37963E+04));
#2760 = CARTESIAN_POINT('',(1.7719E+05,5.E+03,2.39853E+04));
#2761 = CARTESIAN_POINT('',(1.77276E+05,5.E+03,2.41E+04));
#2762 = CARTESIAN_POINT('',(-3.7E+03,5.E+03,2.3E+04));
#2763 = CARTESIAN_POINT('',(1.77276E+05,5.E+03,2.41E+04));
#2764 = ( GEOMETRIC_REPRESENTATION_CONTEXT(3) 
GLOBAL_UNCERTAINTY_ASSIGNED_CONTEXT((#2768)) 
GLOBAL_UNIT_ASSIGNED_CONTEXT((#2765,#2766,#2767)) REPRESENTATION_CONTEXT
('Context #1','3D Context with UNIT and UNCERTAINTY') );
#2765 = ( LENGTH_UNIT() NAMED_UNIT(*) SI_UNIT(.MILLI.,.METRE.) );
#2766 = ( NAMED_UNIT(*) PLANE_ANGLE_UNIT() SI_UNIT($,.RADIAN.) );
#2767 = ( NAMED_UNIT(*) SI_UNIT($,.STERADIAN.) SOLID_ANGLE_UNIT() );
#2768 = UNCERTAINTY_MEASURE_WITH_UNIT(LENGTH_MEASURE(1.E-07),#2765,
  'distance_accuracy_value','confusion accuracy');
#2769 = CONTEXT_DEPENDENT_SHAPE_REPRESENTATION(#2770,#2772);
#2770 = ( REPRESENTATION_RELATIONSHIP('','',#2611,#10) 
REPRESENTATION_RELATIONSHIP_WITH_TRANSFORMATION(#2771) 
SHAPE_REPRESENTATION_RELATIONSHIP() );
#2771 = ITEM_DEFINED_TRANSFORMATION('','',#11,#99);
#2772 = PRODUCT_DEFINITION_SHAPE('Placement','Placement of an item',
  #2773);
#2773 = NEXT_ASSEMBLY_USAGE_OCCURRENCE('22','','',#5,#2606,$);
#2774 = PRODUCT_RELATED_PRODUCT_CATEGORY('part',$,(#2608));
#2775 = SHAPE_DEFINITION_REPRESENTATION(#2776,#2782);
#2776 = PRODUCT_DEFINITION_SHAPE('','',#2777);
#2777 = PRODUCT_DEFINITION('design','',#2778,#2781);
#2778 = PRODUCT_DEFINITION_FORMATION('','',#2779);
#2779 = PRODUCT('Open CASCADE STEP translator 7.7 1.23',
  'Open CASCADE STEP translator 7.7 1.23','',(#2780));
#2780 = PRODUCT_CONTEXT('',#2,'mechanical');
#2781 = PRODUCT_DEFINITION_CONTEXT('part definition',#2,'design');
#2782 = GEOMETRICALLY_BOUNDED_WIREFRAME_SHAPE_REPRESENTATION('',(#11,
    #2783),#2962);
#2783 = GEOMETRIC_CURVE_SET('',(#2784));
#2784 = TRIMMED_CURVE('',#2785,(#2960,PARAMETER_VALUE(0.)),(#2961,
    PARAMETER_VALUE(2.31919E+05)),.T.,.PARAMETER.);
#2785 = B_SPLINE_CURVE_WITH_KNOTS('',3,(#2786,#2787,#2788,#2789,#2790,
    #2791,#2792,#2793,#2794,#2795,#2796,#2797,#2798,#2799,#2800,#2801,
    #2802,#2803,#2804,#2805,#2806,#2807,#2808,#2809,#2810,#2811,#2812,
    #2813,#2814,#2815,#2816,#2817,#2818,#2819,#2820,#2821,#2822,#2823,
    #2824,#2825,#2826,#2827,#2828,#2829,#2830,#2831,#2832,#2833,#2834,
    #2835,#2836,#2837,#2838,#2839,#2840,#2841,#2842,#2843,#2844,#2845,
    #2846,#2847,#2848,#2849,#2850,#2851,#2852,#2853,#2854,#2855,#2856,
    #2857,#2858,#2859,#2860,#2861,#2862,#2863,#2864,#2865,#2866,#2867,
    #2868,#2869,#2870,#2871,#2872,#2873,#2874,#2875,#2876,#2877,#2878,
    #2879,#2880,#2881,#2882,#2883,#2884,#2885,#2886,#2887,#2888,#2889,
    #2890,#2891,#2892,#2893,#2894,#2895,#2896,#2897,#2898,#2899,#2900,
    #2901,#2902,#2903,#2904,#2905,#2906,#2907,#2908,#2909,#2910,#2911,
    #2912,#2913,#2914,#2915,#2916,#2917,#2918,#2919,#2920,#2921,#2922,
    #2923,#2924,#2925,#2926,#2927,#2928,#2929,#2930,#2931,#2932,#2933,
    #2934,#2935,#2936,#2937,#2938,#2939,#2940,#2941,#2942,#2943,#2944,
    #2945,#2946,#2947,#2948,#2949,#2950,#2951,#2952,#2953,#2954,#2955,
    #2956,#2957,#2958,#2959),.UNSPECIFIED.,.F.,.F.,(4,1,1,1,1,1,1,1,1,1,
    1,1,1,3,1,1,1,1,1,1,1,1,1,1,1,1,1,1,1,1,1,1,1,1,1,1,1,3,1,3,1,1,1,1,
    1,1,1,1,1,1,1,1,1,1,1,1,1,1,1,1,2,1,1,1,1,1,1,1,1,1,1,1,1,1,1,1,1,1,
    1,1,1,1,1,1,1,1,1,1,1,1,1,1,1,1,1,1,1,1,1,1,2,1,1,1,1,1,1,1,1,1,1,1,
    1,1,1,1,1,1,1,1,1,1,1,1,1,1,1,1,1,1,1,1,1,1,1,1,1,1,1,1,1,1,1,1,1,1,
    1,1,1,1,1,1,1,1,1,1,1,1,1,1,1,1,1,4),(0.,1.E+03,2.E+03,3.E+03,4.E+03
    ,5.E+03,6.E+03,7.E+03,8.E+03,9.E+03,1.E+04,1.1E+04,1.2E+04,
    1.23569E+04,1.30686E+04,1.31483E+04,1.45942E+04,1.58786E+04,
    1.61202E+04,1.76477E+04,1.91785E+04,2.07159E+04,2.08187E+04,
    2.2273E+04,2.26395E+04,2.38705E+04,2.38967E+04,2.54563E+04,
    2.62278E+04,2.63943E+04,2.65494E+04,2.69057E+04,2.77158E+04,
    2.89378E+04,2.99066E+04,3.04694E+04,3.12227E+04,3.18336E+04,
    3.19147E+04,3.24964E+04,3.32109E+04,3.32503E+04,3.41948E+04,
    3.48812E+04,3.48842E+04,3.60006E+04,3.68675E+04,3.75243E+04,
    3.77633E+04,3.8392E+04,3.94086E+04,3.97509E+04,4.10191E+04,
    4.26221E+04,4.26721E+04,4.42236E+04,4.58248E+04,4.7426E+04,
    4.8727E+04,4.90272E+04,4.93034E+04,5.11807E+04,5.27819E+04,
    5.43831E+04,5.59843E+04,5.75854E+04,5.91866E+04,6.07878E+04,
    6.33397E+04,6.66421E+04,6.93441E+04,7.29468E+04,7.65495E+04,
    8.01521E+04,8.37548E+04,8.73575E+04,9.00595E+04,9.36621E+04,
    9.72648E+04,1.00867E+05,1.0447E+05,1.08073E+05,1.10775E+05,
    1.42298E+05,1.45901E+05,1.49503E+05,1.52205E+05,1.55808E+05,
    1.59411E+05,1.63013E+05,1.66616E+05,1.70219E+05,1.72921E+05,
    1.76263E+05,1.79606E+05,1.82948E+05,1.86291E+05,1.89633E+05,
    1.92976E+05,1.93686E+05,1.9396E+05,1.94397E+05,1.95107E+05,
    1.95818E+05,1.96099E+05,1.96621E+05,1.97426E+05,1.97972E+05,
    1.98234E+05,1.99045E+05,1.99459E+05,1.99862E+05,2.00654E+05,
    2.00681E+05,2.01509E+05,2.01628E+05,2.0235E+05,2.03204E+05,
    2.04077E+05,2.04376E+05,2.04982E+05,2.05934E+05,2.06266E+05,
    2.06966E+05,2.07032E+05,2.07696E+05,2.08292E+05,2.08844E+05,
    2.09911E+05,2.10686E+05,2.1094E+05,2.11446E+05,2.11949E+05,
    2.1295E+05,2.13692E+05,2.14032E+05,2.14761E+05,2.1554E+05,
    2.15569E+05,2.16105E+05,2.1637E+05,2.17054E+05,2.17177E+05,
    2.17783E+05,2.18807E+05,2.1931E+05,2.19811E+05,2.20815E+05,
    2.21837E+05,2.22887E+05,2.23643E+05,2.23964E+05,2.24512E+05,
    2.25068E+05,2.2509E+05,2.26197E+05,2.26782E+05,2.27347E+05,
    2.28428E+05,2.28489E+05,2.2961E+05,2.30718E+05,2.3155E+05,
    2.31919E+05),.UNSPECIFIED.);
#2786 = CARTESIAN_POINT('',(-3.7E+03,500.,2.3E+04));
#2787 = CARTESIAN_POINT('',(-3.7E+03,500.,2.26667E+04));
#2788 = CARTESIAN_POINT('',(-3.7E+03,500.,2.2E+04));
#2789 = CARTESIAN_POINT('',(-3.7E+03,500.,2.1E+04));
#2790 = CARTESIAN_POINT('',(-3.7E+03,500.,2.E+04));
#2791 = CARTESIAN_POINT('',(-3.7E+03,500.,1.9E+04));
#2792 = CARTESIAN_POINT('',(-3.7E+03,500.,1.8E+04));
#2793 = CARTESIAN_POINT('',(-3.7E+03,500.,1.7E+04));
#2794 = CARTESIAN_POINT('',(-3.7E+03,500.,1.6E+04));
#2795 = CARTESIAN_POINT('',(-3.7E+03,500.,1.5E+04));
#2796 = CARTESIAN_POINT('',(-3.7E+03,500.,1.4E+04));
#2797 = CARTESIAN_POINT('',(-3.7E+03,500.,1.3E+04));
#2798 = CARTESIAN_POINT('',(-3.7E+03,500.,1.2E+04));
#2799 = CARTESIAN_POINT('',(-3.7E+03,500.,1.12144E+04));
#2800 = CARTESIAN_POINT('',(-3.7E+03,500.,1.07621E+04));
#2801 = CARTESIAN_POINT('',(-3.7E+03,500.,1.06431E+04));
#2802 = CARTESIAN_POINT('',(-3.46665E+03,500.,1.06003E+04));
#2803 = CARTESIAN_POINT('',(-3.2072E+03,500.,1.05526E+04));
#2804 = CARTESIAN_POINT('',(-2.47379E+03,500.,1.04175E+04));
#2805 = CARTESIAN_POINT('',(-1.55282E+03,500.,1.02467E+04));
#2806 = CARTESIAN_POINT('',(-579.132,500.,1.00641E+04));
#2807 = CARTESIAN_POINT('',(421.278,500.,9.87642E+03));
#2808 = CARTESIAN_POINT('',(1.5016E+03,500.,9.66922E+03));
#2809 = CARTESIAN_POINT('',(3.00302E+03,500.,9.36518E+03));
#2810 = CARTESIAN_POINT('',(4.03537E+03,500.,9.1374E+03));
#2811 = CARTESIAN_POINT('',(5.03759E+03,500.,8.89357E+03));
#2812 = CARTESIAN_POINT('',(5.6569E+03,500.,8.72419E+03));
#2813 = CARTESIAN_POINT('',(6.62077E+03,500.,8.39905E+03));
#2814 = CARTESIAN_POINT('',(7.11996E+03,500.,8.18426E+03));
#2815 = CARTESIAN_POINT('',(7.95414E+03,500.,7.75354E+03));
#2816 = CARTESIAN_POINT('',(8.59879E+03,500.,7.2556E+03));
#2817 = CARTESIAN_POINT('',(9.02431E+03,500.,6.51464E+03));
#2818 = CARTESIAN_POINT('',(9.1009E+03,500.,6.15743E+03));
#2819 = CARTESIAN_POINT('',(9.13507E+03,500.,5.9346E+03));
#2820 = CARTESIAN_POINT('',(9.12108E+03,500.,5.47991E+03));
#2821 = CARTESIAN_POINT('',(8.5278E+03,500.,4.84133E+03));
#2822 = CARTESIAN_POINT('',(7.58717E+03,500.,4.48991E+03));
#2823 = CARTESIAN_POINT('',(6.69252E+03,500.,4.27548E+03));
#2824 = CARTESIAN_POINT('',(5.93743E+03,500.,4.17257E+03));
#2825 = CARTESIAN_POINT('',(5.29769E+03,500.,4.11329E+03));
#2826 = CARTESIAN_POINT('',(4.8434E+03,500.,4.08936E+03));
#2827 = CARTESIAN_POINT('',(4.64E+03,500.,4.08102E+03));
#2828 = CARTESIAN_POINT('',(4.64E+03,500.,4.05401E+03));
#2829 = CARTESIAN_POINT('',(4.64E+03,500.,3.83317E+03));
#2830 = CARTESIAN_POINT('',(4.64E+03,500.,3.61234E+03));
#2831 = CARTESIAN_POINT('',(4.64E+03,500.,3.4185E+03));
#2832 = CARTESIAN_POINT('',(4.83597E+03,500.,3.28324E+03));
#2833 = CARTESIAN_POINT('',(5.03874E+03,500.,3.13509E+03));
#2834 = CARTESIAN_POINT('',(5.49107E+03,500.,2.79531E+03));
#2835 = CARTESIAN_POINT('',(5.92915E+03,500.,2.45241E+03));
#2836 = CARTESIAN_POINT('',(6.36711E+03,500.,2.12892E+03));
#2837 = CARTESIAN_POINT('',(6.86281E+03,500.,1.78823E+03));
#2838 = CARTESIAN_POINT('',(7.42173E+03,500.,1.43292E+03));
#2839 = CARTESIAN_POINT('',(8.19852E+03,500.,1.01826E+03));
#2840 = CARTESIAN_POINT('',(8.74213E+03,500.,794.073));
#2841 = CARTESIAN_POINT('',(9.22236E+03,500.,628.866));
#2842 = CARTESIAN_POINT('',(9.82711E+03,500.,458.756));
#2843 = CARTESIAN_POINT('',(1.04776E+04,500.,330.845));
#2844 = CARTESIAN_POINT('',(1.13435E+04,500.,203.789));
#2845 = CARTESIAN_POINT('',(1.24108E+04,500.,111.766));
#2846 = CARTESIAN_POINT('',(1.3383E+04,500.,68.9438));
#2847 = CARTESIAN_POINT('',(1.44498E+04,500.,39.0267));
#2848 = CARTESIAN_POINT('',(1.55311E+04,500.,19.5254));
#2849 = CARTESIAN_POINT('',(1.7047E+04,500.,6.6528));
#2850 = CARTESIAN_POINT('',(1.87811E+04,500.,1.27764));
#2851 = CARTESIAN_POINT('',(1.93011E+04,500.,0.285408));
#2852 = CARTESIAN_POINT('',(2.05586E+04,500.,-5.35492E-02));
#2853 = CARTESIAN_POINT('',(1.99321E+04,500.,0.1));
#2854 = CARTESIAN_POINT('',(2.06494E+04,500.,0.1));
#2855 = CARTESIAN_POINT('',(2.1808E+04,500.,-3.93213E-02));
#2856 = CARTESIAN_POINT('',(2.35E+04,500.,9.82027E-03));
#2857 = CARTESIAN_POINT('',(2.51E+04,500.,-2.63132E-03));
#2858 = CARTESIAN_POINT('',(2.67E+04,500.,7.05002E-04));
#2859 = CARTESIAN_POINT('',(2.83E+04,500.,-1.8869E-04));
#2860 = CARTESIAN_POINT('',(2.99E+04,500.,4.97593E-05));
#2861 = CARTESIAN_POINT('',(3.18167E+04,500.,-2.22427E-05));
#2862 = CARTESIAN_POINT('',(3.43E+04,500.,9.42665E-06));
#2863 = CARTESIAN_POINT('',(3.715E+04,500.,-2.2145E-06));
#2864 = CARTESIAN_POINT('',(4.035E+04,500.,7.487E-07));
#2865 = CARTESIAN_POINT('',(4.365E+04,500.,-2.24316E-07));
#2866 = CARTESIAN_POINT('',(4.725E+04,500.,6.0108E-08));
#2867 = CARTESIAN_POINT('',(5.085E+04,500.,-1.61161E-08));
#2868 = CARTESIAN_POINT('',(5.445E+04,500.,4.35649E-09));
#2869 = CARTESIAN_POINT('',(5.775E+04,500.,-8.3765E-10));
#2870 = CARTESIAN_POINT('',(6.105E+04,500.,2.71835E-10));
#2871 = CARTESIAN_POINT('',(6.435E+04,500.,-8.14436E-11));
#2872 = CARTESIAN_POINT('',(6.795E+04,500.,2.18238E-11));
#2873 = CARTESIAN_POINT('',(7.155E+04,500.,-5.85152E-12));
#2874 = CARTESIAN_POINT('',(7.515E+04,500.,1.5823E-12));
#2875 = CARTESIAN_POINT('',(7.845E+04,500.,-3.06011E-13));
#2876 = CARTESIAN_POINT('',(9.105E+04,500.,1.26136E-12));
#2877 = CARTESIAN_POINT('',(1.0365E+05,500.,-1.09799E-12));
#2878 = CARTESIAN_POINT('',(1.1655E+05,500.,0.));
#2879 = CARTESIAN_POINT('',(1.1985E+05,500.,0.));
#2880 = CARTESIAN_POINT('',(1.2315E+05,500.,0.));
#2881 = CARTESIAN_POINT('',(1.2645E+05,500.,0.));
#2882 = CARTESIAN_POINT('',(1.3005E+05,500.,0.));
#2883 = CARTESIAN_POINT('',(1.3365E+05,500.,0.));
#2884 = CARTESIAN_POINT('',(1.3725E+05,500.,0.));
#2885 = CARTESIAN_POINT('',(1.4055E+05,500.,0.));
#2886 = CARTESIAN_POINT('',(1.43763E+05,500.,0.));
#2887 = CARTESIAN_POINT('',(1.4689E+05,500.,0.));
#2888 = CARTESIAN_POINT('',(1.5023E+05,500.,0.));
#2889 = CARTESIAN_POINT('',(1.5357E+05,500.,0.));
#2890 = CARTESIAN_POINT('',(1.5691E+05,500.,0.));
#2891 = CARTESIAN_POINT('',(1.6025E+05,500.,0.));
#2892 = CARTESIAN_POINT('',(1.62713E+05,500.,0.));
#2893 = CARTESIAN_POINT('',(1.64154E+05,500.,0.));
#2894 = CARTESIAN_POINT('',(1.64482E+05,500.,-0.));
#2895 = CARTESIAN_POINT('',(1.64719E+05,500.,0.));
#2896 = CARTESIAN_POINT('',(1.65101E+05,500.,1.468));
#2897 = CARTESIAN_POINT('',(1.6572E+05,500.,7.3608));
#2898 = CARTESIAN_POINT('',(1.66287E+05,500.,28.0271));
#2899 = CARTESIAN_POINT('',(1.6679E+05,500.,59.7202));
#2900 = CARTESIAN_POINT('',(1.67324E+05,500.,103.656));
#2901 = CARTESIAN_POINT('',(1.67945E+05,500.,170.465));
#2902 = CARTESIAN_POINT('',(1.68478E+05,500.,235.94));
#2903 = CARTESIAN_POINT('',(1.69012E+05,500.,312.549));
#2904 = CARTESIAN_POINT('',(1.695E+05,500.,391.382));
#2905 = CARTESIAN_POINT('',(1.70032E+05,500.,499.76));
#2906 = CARTESIAN_POINT('',(1.70558E+05,500.,603.385));
#2907 = CARTESIAN_POINT('',(1.70956E+05,500.,690.95));
#2908 = CARTESIAN_POINT('',(1.71489E+05,500.,817.994));
#2909 = CARTESIAN_POINT('',(1.71804E+05,500.,898.737));
#2910 = CARTESIAN_POINT('',(1.72337E+05,500.,1.05705E+03));
#2911 = CARTESIAN_POINT('',(1.72873E+05,500.,1.23472E+03));
#2912 = CARTESIAN_POINT('',(1.73639E+05,500.,1.51608E+03));
#2913 = CARTESIAN_POINT('',(1.74259E+05,500.,1.78363E+03));
#2914 = CARTESIAN_POINT('',(1.7479E+05,500.,2.04382E+03));
#2915 = CARTESIAN_POINT('',(1.75334E+05,500.,2.33903E+03));
#2916 = CARTESIAN_POINT('',(1.75864E+05,500.,2.68161E+03));
#2917 = CARTESIAN_POINT('',(1.76398E+05,500.,3.0701E+03));
#2918 = CARTESIAN_POINT('',(1.76678E+05,500.,3.30681E+03));
#2919 = CARTESIAN_POINT('',(1.7702E+05,500.,3.63889E+03));
#2920 = CARTESIAN_POINT('',(1.77316E+05,500.,3.9704E+03));
#2921 = CARTESIAN_POINT('',(1.77632E+05,500.,4.48709E+03));
#2922 = CARTESIAN_POINT('',(1.77952E+05,500.,5.15185E+03));
#2923 = CARTESIAN_POINT('',(1.7823E+05,500.,5.902E+03));
#2924 = CARTESIAN_POINT('',(1.78399E+05,500.,6.5802E+03));
#2925 = CARTESIAN_POINT('',(1.78495E+05,500.,7.08226E+03));
#2926 = CARTESIAN_POINT('',(1.78557E+05,500.,7.49861E+03));
#2927 = CARTESIAN_POINT('',(1.78625E+05,500.,8.1645E+03));
#2928 = CARTESIAN_POINT('',(1.78668E+05,500.,8.91355E+03));
#2929 = CARTESIAN_POINT('',(1.78515E+05,500.,9.60878E+03));
#2930 = CARTESIAN_POINT('',(1.78183E+05,500.,1.01201E+04));
#2931 = CARTESIAN_POINT('',(1.77629E+05,500.,1.04647E+04));
#2932 = CARTESIAN_POINT('',(1.77108E+05,500.,1.04885E+04));
#2933 = CARTESIAN_POINT('',(1.76661E+05,500.,1.05092E+04));
#2934 = CARTESIAN_POINT('',(1.76384E+05,500.,1.05074E+04));
#2935 = CARTESIAN_POINT('',(1.75892E+05,500.,1.04759E+04));
#2936 = CARTESIAN_POINT('',(1.75527E+05,500.,1.04421E+04));
#2937 = CARTESIAN_POINT('',(1.75072E+05,500.,1.05816E+04));
#2938 = CARTESIAN_POINT('',(1.74714E+05,500.,1.11256E+04));
#2939 = CARTESIAN_POINT('',(1.74643E+05,500.,1.1827E+04));
#2940 = CARTESIAN_POINT('',(1.74559E+05,500.,1.24986E+04));
#2941 = CARTESIAN_POINT('',(1.74544E+05,500.,1.31678E+04));
#2942 = CARTESIAN_POINT('',(1.7461E+05,500.,1.40095E+04));
#2943 = CARTESIAN_POINT('',(1.74825E+05,500.,1.50139E+04));
#2944 = CARTESIAN_POINT('',(1.75119E+05,500.,1.59102E+04));
#2945 = CARTESIAN_POINT('',(1.75373E+05,500.,1.65715E+04));
#2946 = CARTESIAN_POINT('',(1.75583E+05,500.,1.70703E+04));
#2947 = CARTESIAN_POINT('',(1.75778E+05,500.,1.75032E+04));
#2948 = CARTESIAN_POINT('',(1.75941E+05,500.,1.78409E+04));
#2949 = CARTESIAN_POINT('',(1.76191E+05,500.,1.83436E+04));
#2950 = CARTESIAN_POINT('',(1.76457E+05,500.,1.88492E+04));
#2951 = CARTESIAN_POINT('',(1.76826E+05,500.,1.95042E+04));
#2952 = CARTESIAN_POINT('',(1.77195E+05,500.,2.01491E+04));
#2953 = CARTESIAN_POINT('',(1.77471E+05,500.,2.0646E+04));
#2954 = CARTESIAN_POINT('',(1.77823E+05,500.,2.13126E+04));
#2955 = CARTESIAN_POINT('',(1.78167E+05,500.,2.19936E+04));
#2956 = CARTESIAN_POINT('',(1.78604E+05,500.,2.29151E+04));
#2957 = CARTESIAN_POINT('',(1.78916E+05,500.,2.36179E+04));
#2958 = CARTESIAN_POINT('',(1.79073E+05,500.,2.39864E+04));
#2959 = CARTESIAN_POINT('',(1.7912E+05,500.,2.41E+04));
#2960 = CARTESIAN_POINT('',(-3.7E+03,500.,2.3E+04));
#2961 = CARTESIAN_POINT('',(1.7912E+05,500.,2.41E+04));
#2962 = ( GEOMETRIC_REPRESENTATION_CONTEXT(3) 
GLOBAL_UNCERTAINTY_ASSIGNED_CONTEXT((#2966)) 
GLOBAL_UNIT_ASSIGNED_CONTEXT((#2963,#2964,#2965)) REPRESENTATION_CONTEXT
('Context #1','3D Context with UNIT and UNCERTAINTY') );
#2963 = ( LENGTH_UNIT() NAMED_UNIT(*) SI_UNIT(.MILLI.,.METRE.) );
#2964 = ( NAMED_UNIT(*) PLANE_ANGLE_UNIT() SI_UNIT($,.RADIAN.) );
#2965 = ( NAMED_UNIT(*) SI_UNIT($,.STERADIAN.) SOLID_ANGLE_UNIT() );
#2966 = UNCERTAINTY_MEASURE_WITH_UNIT(LENGTH_MEASURE(1.E-07),#2963,
  'distance_accuracy_value','confusion accuracy');
#2967 = CONTEXT_DEPENDENT_SHAPE_REPRESENTATION(#2968,#2970);
#2968 = ( REPRESENTATION_RELATIONSHIP('','',#2782,#10) 
REPRESENTATION_RELATIONSHIP_WITH_TRANSFORMATION(#2969) 
SHAPE_REPRESENTATION_RELATIONSHIP() );
#2969 = ITEM_DEFINED_TRANSFORMATION('','',#11,#103);
#2970 = PRODUCT_DEFINITION_SHAPE('Placement','Placement of an item',
  #2971);
#2971 = NEXT_ASSEMBLY_USAGE_OCCURRENCE('23','','',#5,#2777,$);
#2972 = PRODUCT_RELATED_PRODUCT_CATEGORY('part',$,(#2779));
#2973 = SHAPE_DEFINITION_REPRESENTATION(#2974,#2980);
#2974 = PRODUCT_DEFINITION_SHAPE('','',#2975);
#2975 = PRODUCT_DEFINITION('design','',#2976,#2979);
#2976 = PRODUCT_DEFINITION_FORMATION('','',#2977);
#2977 = PRODUCT('Open CASCADE STEP translator 7.7 1.24',
  'Open CASCADE STEP translator 7.7 1.24','',(#2978));
#2978 = PRODUCT_CONTEXT('',#2,'mechanical');
#2979 = PRODUCT_DEFINITION_CONTEXT('part definition',#2,'design');
#2980 = GEOMETRICALLY_BOUNDED_WIREFRAME_SHAPE_REPRESENTATION('',(#11,
    #2981),#3132);
#2981 = GEOMETRIC_CURVE_SET('',(#2982));
#2982 = TRIMMED_CURVE('',#2983,(#3130,PARAMETER_VALUE(0.)),(#3131,
    PARAMETER_VALUE(2.06737E+05)),.T.,.PARAMETER.);
#2983 = B_SPLINE_CURVE_WITH_KNOTS('',3,(#2984,#2985,#2986,#2987,#2988,
    #2989,#2990,#2991,#2992,#2993,#2994,#2995,#2996,#2997,#2998,#2999,
    #3000,#3001,#3002,#3003,#3004,#3005,#3006,#3007,#3008,#3009,#3010,
    #3011,#3012,#3013,#3014,#3015,#3016,#3017,#3018,#3019,#3020,#3021,
    #3022,#3023,#3024,#3025,#3026,#3027,#3028,#3029,#3030,#3031,#3032,
    #3033,#3034,#3035,#3036,#3037,#3038,#3039,#3040,#3041,#3042,#3043,
    #3044,#3045,#3046,#3047,#3048,#3049,#3050,#3051,#3052,#3053,#3054,
    #3055,#3056,#3057,#3058,#3059,#3060,#3061,#3062,#3063,#3064,#3065,
    #3066,#3067,#3068,#3069,#3070,#3071,#3072,#3073,#3074,#3075,#3076,
    #3077,#3078,#3079,#3080,#3081,#3082,#3083,#3084,#3085,#3086,#3087,
    #3088,#3089,#3090,#3091,#3092,#3093,#3094,#3095,#3096,#3097,#3098,
    #3099,#3100,#3101,#3102,#3103,#3104,#3105,#3106,#3107,#3108,#3109,
    #3110,#3111,#3112,#3113,#3114,#3115,#3116,#3117,#3118,#3119,#3120,
    #3121,#3122,#3123,#3124,#3125,#3126,#3127,#3128,#3129),
  .UNSPECIFIED.,.F.,.F.,(4,1,1,1,1,1,1,1,1,1,1,1,3,1,1,1,1,1,1,1,1,1,1,1
    ,1,1,1,1,1,1,1,1,1,1,1,1,1,1,1,1,1,1,1,1,1,1,1,1,1,1,1,1,1,1,1,1,1,1
    ,1,2,1,1,1,1,1,1,1,1,1,1,1,1,1,1,1,1,1,1,1,1,1,1,1,2,1,1,1,1,1,1,1,1
    ,1,1,1,1,1,1,1,1,1,1,1,1,1,1,1,1,1,1,1,1,1,1,1,1,1,1,1,1,1,1,1,1,1,1
    ,1,1,1,1,1,1,1,1,1,1,1,1,1,4),(0.,1.E+03,2.E+03,3.E+03,4.E+03,5.E+03
    ,6.E+03,7.E+03,8.E+03,9.E+03,1.E+04,1.1E+04,1.13838E+04,1.21295E+04,
    1.33118E+04,1.37022E+04,1.5178E+04,1.52576E+04,1.68028E+04,
    1.72912E+04,1.83424E+04,1.98774E+04,2.14102E+04,2.20638E+04,
    2.29417E+04,2.4575E+04,2.62092E+04,2.70377E+04,2.78453E+04,
    2.94854E+04,3.1054E+04,3.11303E+04,3.15334E+04,3.27788E+04,
    3.44395E+04,3.53214E+04,3.58011E+04,3.61168E+04,3.78117E+04,
    3.83764E+04,3.93266E+04,3.95254E+04,4.11596E+04,4.12406E+04,
    4.2956E+04,4.39641E+04,4.46627E+04,4.60129E+04,4.63524E+04,
    4.71099E+04,4.80188E+04,5.06367E+04,5.1557E+04,5.3087E+04,
    5.39839E+04,5.48809E+04,5.67034E+04,5.73005E+04,6.03135E+04,
    6.29299E+04,6.39154E+04,6.75167E+04,7.1118E+04,7.47193E+04,
    7.74203E+04,8.10216E+04,8.4623E+04,8.82243E+04,9.18256E+04,
    9.54269E+04,9.81279E+04,1.01729E+05,1.29639E+05,1.33241E+05,
    1.36842E+05,1.39543E+05,1.43144E+05,1.46746E+05,1.50347E+05,
    1.53948E+05,1.5755E+05,1.60251E+05,1.63592E+05,1.63949E+05,
    1.66934E+05,1.7006E+05,1.70282E+05,1.72307E+05,1.73651E+05,
    1.73958E+05,1.75334E+05,1.77066E+05,1.79007E+05,1.80648E+05,
    1.81303E+05,1.81469E+05,1.82197E+05,1.82336E+05,1.82986E+05,
    1.83274E+05,1.84341E+05,1.84351E+05,1.84831E+05,1.85521E+05,
    1.86063E+05,1.8657E+05,1.87074E+05,1.87574E+05,1.88573E+05,
    1.88589E+05,1.89614E+05,1.90122E+05,1.90623E+05,1.91633E+05,
    1.92157E+05,1.92316E+05,1.92695E+05,1.9381E+05,1.94149E+05,
    1.94963E+05,1.95712E+05,1.9614E+05,1.97182E+05,1.97338E+05,
    1.97945E+05,1.98559E+05,1.98581E+05,1.9982E+05,1.99892E+05,
    2.01096E+05,2.01159E+05,2.0221E+05,2.02621E+05,2.03265E+05,
    2.0418E+05,2.04304E+05,2.05652E+05,2.05677E+05,2.06506E+05,
    2.06737E+05),.UNSPECIFIED.);
#2984 = CARTESIAN_POINT('',(-3.7E+03,6.E+03,2.3E+04));
#2985 = CARTESIAN_POINT('',(-3.7E+03,6.E+03,2.26667E+04));
#2986 = CARTESIAN_POINT('',(-3.7E+03,6.E+03,2.2E+04));
#2987 = CARTESIAN_POINT('',(-3.7E+03,6.E+03,2.1E+04));
#2988 = CARTESIAN_POINT('',(-3.7E+03,6.E+03,2.E+04));
#2989 = CARTESIAN_POINT('',(-3.7E+03,6.E+03,1.9E+04));
#2990 = CARTESIAN_POINT('',(-3.7E+03,6.E+03,1.8E+04));
#2991 = CARTESIAN_POINT('',(-3.7E+03,6.E+03,1.7E+04));
#2992 = CARTESIAN_POINT('',(-3.7E+03,6.E+03,1.6E+04));
#2993 = CARTESIAN_POINT('',(-3.7E+03,6.E+03,1.5E+04));
#2994 = CARTESIAN_POINT('',(-3.7E+03,6.E+03,1.4E+04));
#2995 = CARTESIAN_POINT('',(-3.7E+03,6.E+03,1.3E+04));
#2996 = CARTESIAN_POINT('',(-3.7E+03,6.E+03,1.22054E+04));
#2997 = CARTESIAN_POINT('',(-3.7E+03,6.E+03,1.17441E+04));
#2998 = CARTESIAN_POINT('',(-3.7E+03,6.E+03,1.16162E+04));
#2999 = CARTESIAN_POINT('',(-3.4684E+03,6.E+03,1.15259E+04));
#3000 = CARTESIAN_POINT('',(-2.86472E+03,6.E+03,1.1306E+04));
#3001 = CARTESIAN_POINT('',(-2.12748E+03,6.E+03,1.10742E+04));
#3002 = CARTESIAN_POINT('',(-1.15331E+03,6.E+03,1.07865E+04));
#3003 = CARTESIAN_POINT('',(-527.659,6.E+03,1.06158E+04));
#3004 = CARTESIAN_POINT('',(472.973,6.E+03,1.03586E+04));
#3005 = CARTESIAN_POINT('',(1.15721E+03,6.E+03,1.01922E+04));
#3006 = CARTESIAN_POINT('',(2.15773E+03,6.E+03,9.95662E+03));
#3007 = CARTESIAN_POINT('',(3.15688E+03,6.E+03,9.72989E+03));
#3008 = CARTESIAN_POINT('',(4.49891E+03,6.E+03,9.4423E+03));
#3009 = CARTESIAN_POINT('',(5.71303E+03,6.E+03,9.19031E+03));
#3010 = CARTESIAN_POINT('',(6.71317E+03,6.E+03,8.98472E+03));
#3011 = CARTESIAN_POINT('',(7.74665E+03,6.E+03,8.7749E+03));
#3012 = CARTESIAN_POINT('',(9.10042E+03,6.E+03,8.50037E+03));
#3013 = CARTESIAN_POINT('',(1.04373E+04,6.E+03,8.22578E+03));
#3014 = CARTESIAN_POINT('',(1.15038E+04,6.E+03,8.00181E+03));
#3015 = CARTESIAN_POINT('',(1.25715E+04,6.E+03,7.77443E+03));
#3016 = CARTESIAN_POINT('',(1.38773E+04,6.E+03,7.4814E+03));
#3017 = CARTESIAN_POINT('',(1.49433E+04,6.E+03,7.23254E+03));
#3018 = CARTESIAN_POINT('',(1.56057E+04,6.E+03,7.06851E+03));
#3019 = CARTESIAN_POINT('',(1.61647E+04,6.E+03,6.93499E+03));
#3020 = CARTESIAN_POINT('',(1.72357E+04,6.E+03,6.67236E+03));
#3021 = CARTESIAN_POINT('',(1.84527E+04,6.E+03,6.33627E+03));
#3022 = CARTESIAN_POINT('',(1.94156E+04,6.E+03,6.04129E+03));
#3023 = CARTESIAN_POINT('',(1.99481E+04,6.E+03,5.87162E+03));
#3024 = CARTESIAN_POINT('',(2.07371E+04,6.E+03,5.61458E+03));
#3025 = CARTESIAN_POINT('',(2.15483E+04,6.E+03,5.3339E+03));
#3026 = CARTESIAN_POINT('',(2.25485E+04,6.E+03,4.95503E+03));
#3027 = CARTESIAN_POINT('',(2.30809E+04,6.E+03,4.74846E+03));
#3028 = CARTESIAN_POINT('',(2.39464E+04,6.E+03,4.41539E+03));
#3029 = CARTESIAN_POINT('',(2.45415E+04,6.E+03,4.18617E+03));
#3030 = CARTESIAN_POINT('',(2.56081E+04,6.E+03,3.77493E+03));
#3031 = CARTESIAN_POINT('',(2.6479E+04,6.E+03,3.43592E+03));
#3032 = CARTESIAN_POINT('',(2.75461E+04,6.E+03,3.03409E+03));
#3033 = CARTESIAN_POINT('',(2.85037E+04,6.E+03,2.68676E+03));
#3034 = CARTESIAN_POINT('',(2.92563E+04,6.E+03,2.42792E+03));
#3035 = CARTESIAN_POINT('',(3.00324E+04,6.E+03,2.17771E+03));
#3036 = CARTESIAN_POINT('',(3.06716E+04,6.E+03,1.98202E+03));
#3037 = CARTESIAN_POINT('',(3.20484E+04,6.E+03,1.60409E+03));
#3038 = CARTESIAN_POINT('',(3.34933E+04,6.E+03,1.27005E+03));
#3039 = CARTESIAN_POINT('',(3.51535E+04,6.E+03,960.361));
#3040 = CARTESIAN_POINT('',(3.6254E+04,6.E+03,778.934));
#3041 = CARTESIAN_POINT('',(3.73498E+04,6.E+03,617.3));
#3042 = CARTESIAN_POINT('',(3.8544E+04,6.E+03,455.824));
#3043 = CARTESIAN_POINT('',(3.96432E+04,6.E+03,339.681));
#3044 = CARTESIAN_POINT('',(4.14461E+04,6.E+03,176.739));
#3045 = CARTESIAN_POINT('',(4.35171E+04,6.E+03,40.2261));
#3046 = CARTESIAN_POINT('',(4.53931E+04,6.E+03,0.1));
#3047 = CARTESIAN_POINT('',(4.65933E+04,6.E+03,0.1));
#3048 = CARTESIAN_POINT('',(4.81216E+04,6.E+03,-0.177312));
#3049 = CARTESIAN_POINT('',(5.085E+04,6.E+03,6.86051E-02));
#3050 = CARTESIAN_POINT('',(5.445E+04,6.E+03,-1.85452E-02));
#3051 = CARTESIAN_POINT('',(5.775E+04,6.E+03,3.56581E-03));
#3052 = CARTESIAN_POINT('',(6.105E+04,6.E+03,-1.15718E-03));
#3053 = CARTESIAN_POINT('',(6.435E+04,6.E+03,3.46699E-04));
#3054 = CARTESIAN_POINT('',(6.795E+04,6.E+03,-9.29021E-05));
#3055 = CARTESIAN_POINT('',(7.155E+04,6.E+03,2.49094E-05));
#3056 = CARTESIAN_POINT('',(7.515E+04,6.E+03,-6.73572E-06));
#3057 = CARTESIAN_POINT('',(7.845E+04,6.E+03,1.30266E-06));
#3058 = CARTESIAN_POINT('',(8.175E+04,6.E+03,-4.44812E-07));
#3059 = CARTESIAN_POINT('',(9.315E+04,6.E+03,1.01111E-06));
#3060 = CARTESIAN_POINT('',(1.0485E+05,6.E+03,-1.65279E-07));
#3061 = CARTESIAN_POINT('',(1.1655E+05,6.E+03,0.));
#3062 = CARTESIAN_POINT('',(1.1985E+05,6.E+03,0.));
#3063 = CARTESIAN_POINT('',(1.2315E+05,6.E+03,0.));
#3064 = CARTESIAN_POINT('',(1.2645E+05,6.E+03,0.));
#3065 = CARTESIAN_POINT('',(1.3005E+05,6.E+03,0.));
#3066 = CARTESIAN_POINT('',(1.3365E+05,6.E+03,0.));
#3067 = CARTESIAN_POINT('',(1.3725E+05,6.E+03,0.));
#3068 = CARTESIAN_POINT('',(1.4055E+05,6.E+03,0.));
#3069 = CARTESIAN_POINT('',(1.43763E+05,6.E+03,0.));
#3070 = CARTESIAN_POINT('',(1.45896E+05,6.E+03,0.));
#3071 = CARTESIAN_POINT('',(1.47128E+05,6.E+03,-0.));
#3072 = CARTESIAN_POINT('',(1.48241E+05,6.E+03,0.));
#3073 = CARTESIAN_POINT('',(1.50278E+05,6.E+03,41.4116));
#3074 = CARTESIAN_POINT('',(1.52385E+05,6.E+03,164.599));
#3075 = CARTESIAN_POINT('',(1.54169E+05,6.E+03,322.351));
#3076 = CARTESIAN_POINT('',(1.55358E+05,6.E+03,459.574));
#3077 = CARTESIAN_POINT('',(1.56569E+05,6.E+03,643.417));
#3078 = CARTESIAN_POINT('',(1.57564E+05,6.E+03,807.703));
#3079 = CARTESIAN_POINT('',(1.58684E+05,6.E+03,1.01082E+03));
#3080 = CARTESIAN_POINT('',(1.60323E+05,6.E+03,1.39756E+03));
#3081 = CARTESIAN_POINT('',(1.62014E+05,6.E+03,1.93278E+03));
#3082 = CARTESIAN_POINT('',(1.63307E+05,6.E+03,2.50889E+03));
#3083 = CARTESIAN_POINT('',(1.64021E+05,6.E+03,2.91342E+03));
#3084 = CARTESIAN_POINT('',(1.64459E+05,6.E+03,3.18613E+03));
#3085 = CARTESIAN_POINT('',(1.64743E+05,6.E+03,3.38121E+03));
#3086 = CARTESIAN_POINT('',(1.65146E+05,6.E+03,3.68695E+03));
#3087 = CARTESIAN_POINT('',(1.65422E+05,6.E+03,3.91682E+03));
#3088 = CARTESIAN_POINT('',(1.65911E+05,6.E+03,4.37195E+03));
#3089 = CARTESIAN_POINT('',(1.66217E+05,6.E+03,4.71206E+03));
#3090 = CARTESIAN_POINT('',(1.66531E+05,6.E+03,5.12508E+03));
#3091 = CARTESIAN_POINT('',(1.66756E+05,6.E+03,5.4476E+03));
#3092 = CARTESIAN_POINT('',(1.67032E+05,6.E+03,5.94931E+03));
#3093 = CARTESIAN_POINT('',(1.67237E+05,6.E+03,6.49304E+03));
#3094 = CARTESIAN_POINT('',(1.67359E+05,6.E+03,6.99718E+03));
#3095 = CARTESIAN_POINT('',(1.67417E+05,6.E+03,7.49821E+03));
#3096 = CARTESIAN_POINT('',(1.67411E+05,6.E+03,8.16794E+03));
#3097 = CARTESIAN_POINT('',(1.67301E+05,6.E+03,8.66427E+03));
#3098 = CARTESIAN_POINT('',(1.67154E+05,6.E+03,9.32804E+03));
#3099 = CARTESIAN_POINT('',(1.67029E+05,6.E+03,9.82926E+03));
#3100 = CARTESIAN_POINT('',(1.66912E+05,6.E+03,1.04969E+04));
#3101 = CARTESIAN_POINT('',(1.66852E+05,6.E+03,1.11692E+04));
#3102 = CARTESIAN_POINT('',(1.66963E+05,6.E+03,1.18483E+04));
#3103 = CARTESIAN_POINT('',(1.67132E+05,6.E+03,1.23863E+04));
#3104 = CARTESIAN_POINT('',(1.67255E+05,6.E+03,1.27182E+04));
#3105 = CARTESIAN_POINT('',(1.67466E+05,6.E+03,1.32275E+04));
#3106 = CARTESIAN_POINT('',(1.6774E+05,6.E+03,1.37742E+04));
#3107 = CARTESIAN_POINT('',(1.68106E+05,6.E+03,1.44358E+04));
#3108 = CARTESIAN_POINT('',(1.68426E+05,6.E+03,1.49825E+04));
#3109 = CARTESIAN_POINT('',(1.68772E+05,6.E+03,1.55482E+04));
#3110 = CARTESIAN_POINT('',(1.69167E+05,6.E+03,1.61731E+04));
#3111 = CARTESIAN_POINT('',(1.69465E+05,6.E+03,1.66261E+04));
#3112 = CARTESIAN_POINT('',(1.69801E+05,6.E+03,1.71246E+04));
#3113 = CARTESIAN_POINT('',(1.70061E+05,6.E+03,1.75029E+04));
#3114 = CARTESIAN_POINT('',(1.70301E+05,6.E+03,1.78404E+04));
#3115 = CARTESIAN_POINT('',(1.70669E+05,6.E+03,1.83455E+04));
#3116 = CARTESIAN_POINT('',(1.70937E+05,6.E+03,1.86997E+04));
#3117 = CARTESIAN_POINT('',(1.71469E+05,6.E+03,1.93472E+04));
#3118 = CARTESIAN_POINT('',(1.71766E+05,6.E+03,1.96813E+04));
#3119 = CARTESIAN_POINT('',(1.72302E+05,6.E+03,2.02368E+04));
#3120 = CARTESIAN_POINT('',(1.72667E+05,6.E+03,2.05916E+04));
#3121 = CARTESIAN_POINT('',(1.73198E+05,6.E+03,2.10508E+04));
#3122 = CARTESIAN_POINT('',(1.73698E+05,6.E+03,2.1477E+04));
#3123 = CARTESIAN_POINT('',(1.74133E+05,6.E+03,2.18305E+04));
#3124 = CARTESIAN_POINT('',(1.74743E+05,6.E+03,2.23412E+04));
#3125 = CARTESIAN_POINT('',(1.75118E+05,6.E+03,2.26714E+04));
#3126 = CARTESIAN_POINT('',(1.75638E+05,6.E+03,2.31887E+04));
#3127 = CARTESIAN_POINT('',(1.75896E+05,6.E+03,2.34424E+04));
#3128 = CARTESIAN_POINT('',(1.76135E+05,6.E+03,2.37025E+04));
#3129 = CARTESIAN_POINT('',(1.76186E+05,6.E+03,2.376E+04));
#3130 = CARTESIAN_POINT('',(-3.7E+03,6.E+03,2.3E+04));
#3131 = CARTESIAN_POINT('',(1.76186E+05,6.E+03,2.376E+04));
#3132 = ( GEOMETRIC_REPRESENTATION_CONTEXT(3) 
GLOBAL_UNCERTAINTY_ASSIGNED_CONTEXT((#3136)) 
GLOBAL_UNIT_ASSIGNED_CONTEXT((#3133,#3134,#3135)) REPRESENTATION_CONTEXT
('Context #1','3D Context with UNIT and UNCERTAINTY') );
#3133 = ( LENGTH_UNIT() NAMED_UNIT(*) SI_UNIT(.MILLI.,.METRE.) );
#3134 = ( NAMED_UNIT(*) PLANE_ANGLE_UNIT() SI_UNIT($,.RADIAN.) );
#3135 = ( NAMED_UNIT(*) SI_UNIT($,.STERADIAN.) SOLID_ANGLE_UNIT() );
#3136 = UNCERTAINTY_MEASURE_WITH_UNIT(LENGTH_MEASURE(1.E-07),#3133,
  'distance_accuracy_value','confusion accuracy');
#3137 = CONTEXT_DEPENDENT_SHAPE_REPRESENTATION(#3138,#3140);
#3138 = ( REPRESENTATION_RELATIONSHIP('','',#2980,#10) 
REPRESENTATION_RELATIONSHIP_WITH_TRANSFORMATION(#3139) 
SHAPE_REPRESENTATION_RELATIONSHIP() );
#3139 = ITEM_DEFINED_TRANSFORMATION('','',#11,#107);
#3140 = PRODUCT_DEFINITION_SHAPE('Placement','Placement of an item',
  #3141);
#3141 = NEXT_ASSEMBLY_USAGE_OCCURRENCE('24','','',#5,#2975,$);
#3142 = PRODUCT_RELATED_PRODUCT_CATEGORY('part',$,(#2977));
#3143 = SHAPE_DEFINITION_REPRESENTATION(#3144,#3150);
#3144 = PRODUCT_DEFINITION_SHAPE('','',#3145);
#3145 = PRODUCT_DEFINITION('design','',#3146,#3149);
#3146 = PRODUCT_DEFINITION_FORMATION('','',#3147);
#3147 = PRODUCT('Open CASCADE STEP translator 7.7 1.25',
  'Open CASCADE STEP translator 7.7 1.25','',(#3148));
#3148 = PRODUCT_CONTEXT('',#2,'mechanical');
#3149 = PRODUCT_DEFINITION_CONTEXT('part definition',#2,'design');
#3150 = GEOMETRICALLY_BOUNDED_WIREFRAME_SHAPE_REPRESENTATION('',(#11,
    #3151),#3298);
#3151 = GEOMETRIC_CURVE_SET('',(#3152));
#3152 = TRIMMED_CURVE('',#3153,(#3296,PARAMETER_VALUE(0.)),(#3297,
    PARAMETER_VALUE(2.05602E+05)),.T.,.PARAMETER.);
#3153 = B_SPLINE_CURVE_WITH_KNOTS('',3,(#3154,#3155,#3156,#3157,#3158,
    #3159,#3160,#3161,#3162,#3163,#3164,#3165,#3166,#3167,#3168,#3169,
    #3170,#3171,#3172,#3173,#3174,#3175,#3176,#3177,#3178,#3179,#3180,
    #3181,#3182,#3183,#3184,#3185,#3186,#3187,#3188,#3189,#3190,#3191,
    #3192,#3193,#3194,#3195,#3196,#3197,#3198,#3199,#3200,#3201,#3202,
    #3203,#3204,#3205,#3206,#3207,#3208,#3209,#3210,#3211,#3212,#3213,
    #3214,#3215,#3216,#3217,#3218,#3219,#3220,#3221,#3222,#3223,#3224,
    #3225,#3226,#3227,#3228,#3229,#3230,#3231,#3232,#3233,#3234,#3235,
    #3236,#3237,#3238,#3239,#3240,#3241,#3242,#3243,#3244,#3245,#3246,
    #3247,#3248,#3249,#3250,#3251,#3252,#3253,#3254,#3255,#3256,#3257,
    #3258,#3259,#3260,#3261,#3262,#3263,#3264,#3265,#3266,#3267,#3268,
    #3269,#3270,#3271,#3272,#3273,#3274,#3275,#3276,#3277,#3278,#3279,
    #3280,#3281,#3282,#3283,#3284,#3285,#3286,#3287,#3288,#3289,#3290,
    #3291,#3292,#3293,#3294,#3295),.UNSPECIFIED.,.F.,.F.,(4,1,1,1,1,1,1,
    1,1,1,1,3,1,1,1,1,1,1,1,1,1,1,1,1,1,1,1,1,1,1,1,1,1,1,1,1,1,1,1,1,1,
    1,1,1,1,1,1,1,1,1,1,1,1,1,1,1,1,1,1,1,2,1,1,1,1,1,1,1,1,1,1,1,1,1,1,
    1,1,1,1,1,1,1,2,1,1,1,1,1,1,1,1,1,1,1,1,1,1,1,1,1,1,1,1,1,1,1,1,1,1,
    1,1,1,1,1,1,1,1,1,1,1,1,1,1,1,1,1,1,1,1,1,1,1,1,1,1,4),(0.,1.E+03,
    2.E+03,3.E+03,4.E+03,5.E+03,6.E+03,7.E+03,8.E+03,9.E+03,1.E+04,
    1.05407E+04,1.13349E+04,1.14034E+04,1.30579E+04,1.39324E+04,
    1.46548E+04,1.56504E+04,1.62254E+04,1.76627E+04,1.77827E+04,
    1.93335E+04,2.088E+04,2.22824E+04,2.24239E+04,2.40686E+04,
    2.57131E+04,2.72789E+04,2.73572E+04,2.90032E+04,3.06528E+04,
    3.19764E+04,3.23059E+04,3.31849E+04,3.39638E+04,3.53164E+04,
    3.56294E+04,3.60618E+04,3.73046E+04,3.89934E+04,3.94779E+04,
    4.06945E+04,4.15212E+04,4.23965E+04,4.2596E+04,4.40968E+04,
    4.57798E+04,4.57927E+04,4.74807E+04,4.88903E+04,4.92798E+04,
    5.01457E+04,5.35435E+04,5.39818E+04,5.55574E+04,5.62962E+04,
    5.74592E+04,5.99089E+04,5.99429E+04,6.35735E+04,6.56323E+04,
    6.7198E+04,7.08222E+04,7.44464E+04,7.71646E+04,8.07888E+04,
    8.4413E+04,8.80372E+04,9.16614E+04,9.52856E+04,9.80038E+04,
    1.01628E+05,1.29716E+05,1.3334E+05,1.36964E+05,1.39682E+05,
    1.43307E+05,1.46931E+05,1.50555E+05,1.54179E+05,1.57803E+05,
    1.60522E+05,1.61809E+05,1.63884E+05,1.67251E+05,1.67881E+05,
    1.70334E+05,1.70631E+05,1.71979E+05,1.73349E+05,1.74048E+05,
    1.77247E+05,1.77549E+05,1.79665E+05,1.80597E+05,1.81411E+05,
    1.81443E+05,1.8246E+05,1.82798E+05,1.83708E+05,1.83985E+05,
    1.85048E+05,1.85557E+05,1.86061E+05,1.8707E+05,1.88081E+05,
    1.88585E+05,1.89088E+05,1.90114E+05,1.90451E+05,1.90644E+05,
    1.91187E+05,1.92198E+05,1.92311E+05,1.92771E+05,1.93481E+05,
    1.93774E+05,1.94679E+05,1.95234E+05,1.95902E+05,1.96521E+05,
    1.96627E+05,1.97146E+05,1.97966E+05,1.9842E+05,1.99229E+05,
    1.99757E+05,2.00391E+05,2.01215E+05,2.01475E+05,2.02514E+05,
    2.02812E+05,2.03533E+05,2.04444E+05,2.04563E+05,2.05602E+05),
  .UNSPECIFIED.);
#3154 = CARTESIAN_POINT('',(-3.7E+03,7.E+03,2.3E+04));
#3155 = CARTESIAN_POINT('',(-3.7E+03,7.E+03,2.26667E+04));
#3156 = CARTESIAN_POINT('',(-3.7E+03,7.E+03,2.2E+04));
#3157 = CARTESIAN_POINT('',(-3.7E+03,7.E+03,2.1E+04));
#3158 = CARTESIAN_POINT('',(-3.7E+03,7.E+03,2.E+04));
#3159 = CARTESIAN_POINT('',(-3.7E+03,7.E+03,1.9E+04));
#3160 = CARTESIAN_POINT('',(-3.7E+03,7.E+03,1.8E+04));
#3161 = CARTESIAN_POINT('',(-3.7E+03,7.E+03,1.7E+04));
#3162 = CARTESIAN_POINT('',(-3.7E+03,7.E+03,1.6E+04));
#3163 = CARTESIAN_POINT('',(-3.7E+03,7.E+03,1.5E+04));
#3164 = CARTESIAN_POINT('',(-3.7E+03,7.E+03,1.4E+04));
#3165 = CARTESIAN_POINT('',(-3.7E+03,7.E+03,1.31531E+04));
#3166 = CARTESIAN_POINT('',(-3.7E+03,7.E+03,1.26395E+04));
#3167 = CARTESIAN_POINT('',(-3.7E+03,7.E+03,1.24593E+04));
#3168 = CARTESIAN_POINT('',(-3.49994E+03,7.E+03,1.22859E+04));
#3169 = CARTESIAN_POINT('',(-3.2658E+03,7.E+03,1.21218E+04));
#3170 = CARTESIAN_POINT('',(-2.5474E+03,7.E+03,1.1699E+04));
#3171 = CARTESIAN_POINT('',(-1.74289E+03,7.E+03,1.13789E+04));
#3172 = CARTESIAN_POINT('',(-731.977,7.E+03,1.10118E+04));
#3173 = CARTESIAN_POINT('',(85.3504,7.E+03,1.07483E+04));
#3174 = CARTESIAN_POINT('',(814.063,7.E+03,1.05351E+04));
#3175 = CARTESIAN_POINT('',(1.7753E+03,7.E+03,1.02744E+04));
#3176 = CARTESIAN_POINT('',(2.46021E+03,7.E+03,1.01027E+04));
#3177 = CARTESIAN_POINT('',(3.46037E+03,7.E+03,9.86031E+03));
#3178 = CARTESIAN_POINT('',(4.49799E+03,7.E+03,9.61894E+03));
#3179 = CARTESIAN_POINT('',(5.95292E+03,7.E+03,9.29816E+03));
#3180 = CARTESIAN_POINT('',(6.95398E+03,7.E+03,9.0862E+03));
#3181 = CARTESIAN_POINT('',(7.98701E+03,7.E+03,8.8682E+03));
#3182 = CARTESIAN_POINT('',(9.1E+03,7.E+03,8.64106E+03));
#3183 = CARTESIAN_POINT('',(1.06744E+04,7.E+03,8.31635E+03));
#3184 = CARTESIAN_POINT('',(1.17413E+04,7.E+03,8.09866E+03));
#3185 = CARTESIAN_POINT('',(1.28085E+04,7.E+03,7.88044E+03));
#3186 = CARTESIAN_POINT('',(1.39017E+04,7.E+03,7.65037E+03));
#3187 = CARTESIAN_POINT('',(1.53952E+04,7.E+03,7.32047E+03));
#3188 = CARTESIAN_POINT('',(1.64609E+04,7.E+03,7.07522E+03));
#3189 = CARTESIAN_POINT('',(1.72772E+04,7.E+03,6.88387E+03));
#3190 = CARTESIAN_POINT('',(1.79173E+04,7.E+03,6.73146E+03));
#3191 = CARTESIAN_POINT('',(1.88845E+04,7.E+03,6.49018E+03));
#3192 = CARTESIAN_POINT('',(1.96679E+04,7.E+03,6.28664E+03));
#3193 = CARTESIAN_POINT('',(2.03382E+04,7.E+03,6.10425E+03));
#3194 = CARTESIAN_POINT('',(2.09727E+04,7.E+03,5.92894E+03));
#3195 = CARTESIAN_POINT('',(2.2043E+04,7.E+03,5.62021E+03));
#3196 = CARTESIAN_POINT('',(2.31224E+04,7.E+03,5.2813E+03));
#3197 = CARTESIAN_POINT('',(2.4186E+04,7.E+03,4.92279E+03));
#3198 = CARTESIAN_POINT('',(2.49777E+04,7.E+03,4.65127E+03));
#3199 = CARTESIAN_POINT('',(2.58925E+04,7.E+03,4.33986E+03));
#3200 = CARTESIAN_POINT('',(2.64882E+04,7.E+03,4.13605E+03));
#3201 = CARTESIAN_POINT('',(2.72954E+04,7.E+03,3.86101E+03));
#3202 = CARTESIAN_POINT('',(2.83566E+04,7.E+03,3.50226E+03));
#3203 = CARTESIAN_POINT('',(2.93616E+04,7.E+03,3.17009E+03));
#3204 = CARTESIAN_POINT('',(3.04277E+04,7.E+03,2.82546E+03));
#3205 = CARTESIAN_POINT('',(3.14105E+04,7.E+03,2.51731E+03));
#3206 = CARTESIAN_POINT('',(3.2518E+04,7.E+03,2.19053E+03));
#3207 = CARTESIAN_POINT('',(3.33692E+04,7.E+03,1.95784E+03));
#3208 = CARTESIAN_POINT('',(3.48613E+04,7.E+03,1.57366E+03));
#3209 = CARTESIAN_POINT('',(3.63854E+04,7.E+03,1.24959E+03));
#3210 = CARTESIAN_POINT('',(3.8149E+04,7.E+03,932.895));
#3211 = CARTESIAN_POINT('',(3.90489E+04,7.E+03,787.575));
#3212 = CARTESIAN_POINT('',(4.01889E+04,7.E+03,625.404));
#3213 = CARTESIAN_POINT('',(4.16182E+04,7.E+03,443.55));
#3214 = CARTESIAN_POINT('',(4.28193E+04,7.E+03,317.247));
#3215 = CARTESIAN_POINT('',(4.48366E+04,7.E+03,147.035));
#3216 = CARTESIAN_POINT('',(4.67292E+04,7.E+03,31.0895));
#3217 = CARTESIAN_POINT('',(4.86131E+04,7.E+03,0.1));
#3218 = CARTESIAN_POINT('',(4.98132E+04,7.E+03,0.1));
#3219 = CARTESIAN_POINT('',(5.15316E+04,7.E+03,-0.11091));
#3220 = CARTESIAN_POINT('',(5.445E+04,7.E+03,3.94752E-02));
#3221 = CARTESIAN_POINT('',(5.775E+04,7.E+03,-7.59014E-03));
#3222 = CARTESIAN_POINT('',(6.105E+04,7.E+03,2.46315E-03));
#3223 = CARTESIAN_POINT('',(6.435E+04,7.E+03,-7.37979E-04));
#3224 = CARTESIAN_POINT('',(6.795E+04,7.E+03,1.9775E-04));
#3225 = CARTESIAN_POINT('',(7.155E+04,7.E+03,-5.3022E-05));
#3226 = CARTESIAN_POINT('',(7.515E+04,7.E+03,1.43376E-05));
#3227 = CARTESIAN_POINT('',(7.845E+04,7.E+03,-2.77283E-06));
#3228 = CARTESIAN_POINT('',(8.175E+04,7.E+03,9.46821E-07));
#3229 = CARTESIAN_POINT('',(9.315E+04,7.E+03,-2.15223E-06));
#3230 = CARTESIAN_POINT('',(1.0485E+05,7.E+03,3.51811E-07));
#3231 = CARTESIAN_POINT('',(1.1655E+05,7.E+03,0.));
#3232 = CARTESIAN_POINT('',(1.1985E+05,7.E+03,0.));
#3233 = CARTESIAN_POINT('',(1.2315E+05,7.E+03,0.));
#3234 = CARTESIAN_POINT('',(1.2645E+05,7.E+03,0.));
#3235 = CARTESIAN_POINT('',(1.3005E+05,7.E+03,0.));
#3236 = CARTESIAN_POINT('',(1.3365E+05,7.E+03,0.));
#3237 = CARTESIAN_POINT('',(1.3725E+05,7.E+03,0.));
#3238 = CARTESIAN_POINT('',(1.4055E+05,7.E+03,0.));
#3239 = CARTESIAN_POINT('',(1.43076E+05,7.E+03,0.));
#3240 = CARTESIAN_POINT('',(1.44402E+05,7.E+03,-0.));
#3241 = CARTESIAN_POINT('',(1.45516E+05,7.E+03,0.));
#3242 = CARTESIAN_POINT('',(1.47318E+05,7.E+03,27.625));
#3243 = CARTESIAN_POINT('',(1.49326E+05,7.E+03,132.192));
#3244 = CARTESIAN_POINT('',(1.51456E+05,7.E+03,295.294));
#3245 = CARTESIAN_POINT('',(1.5257E+05,7.E+03,401.816));
#3246 = CARTESIAN_POINT('',(1.53915E+05,7.E+03,587.713));
#3247 = CARTESIAN_POINT('',(1.54901E+05,7.E+03,745.116));
#3248 = CARTESIAN_POINT('',(1.56013E+05,7.E+03,954.204));
#3249 = CARTESIAN_POINT('',(1.57721E+05,7.E+03,1.3041E+03));
#3250 = CARTESIAN_POINT('',(1.5907E+05,7.E+03,1.66496E+03));
#3251 = CARTESIAN_POINT('',(1.60813E+05,7.E+03,2.313E+03));
#3252 = CARTESIAN_POINT('',(1.61827E+05,7.E+03,2.77773E+03));
#3253 = CARTESIAN_POINT('',(1.62907E+05,7.E+03,3.46579E+03));
#3254 = CARTESIAN_POINT('',(1.63372E+05,7.E+03,3.82937E+03));
#3255 = CARTESIAN_POINT('',(1.63835E+05,7.E+03,4.23606E+03));
#3256 = CARTESIAN_POINT('',(1.6416E+05,7.E+03,4.56371E+03));
#3257 = CARTESIAN_POINT('',(1.64634E+05,7.E+03,5.14496E+03));
#3258 = CARTESIAN_POINT('',(1.64917E+05,7.E+03,5.56667E+03));
#3259 = CARTESIAN_POINT('',(1.65256E+05,7.E+03,6.23023E+03));
#3260 = CARTESIAN_POINT('',(1.65453E+05,7.E+03,6.81733E+03));
#3261 = CARTESIAN_POINT('',(1.65559E+05,7.E+03,7.4973E+03));
#3262 = CARTESIAN_POINT('',(1.65597E+05,7.E+03,8.16693E+03));
#3263 = CARTESIAN_POINT('',(1.65533E+05,7.E+03,9.00205E+03));
#3264 = CARTESIAN_POINT('',(1.65438E+05,7.E+03,9.83184E+03));
#3265 = CARTESIAN_POINT('',(1.65404E+05,7.E+03,1.04997E+04));
#3266 = CARTESIAN_POINT('',(1.65419E+05,7.E+03,1.11739E+04));
#3267 = CARTESIAN_POINT('',(1.65547E+05,7.E+03,1.17838E+04));
#3268 = CARTESIAN_POINT('',(1.65703E+05,7.E+03,1.22746E+04));
#3269 = CARTESIAN_POINT('',(1.65823E+05,7.E+03,1.26095E+04));
#3270 = CARTESIAN_POINT('',(1.66042E+05,7.E+03,1.31449E+04));
#3271 = CARTESIAN_POINT('',(1.66288E+05,7.E+03,1.36402E+04));
#3272 = CARTESIAN_POINT('',(1.66539E+05,7.E+03,1.41006E+04));
#3273 = CARTESIAN_POINT('',(1.6675E+05,7.E+03,1.44697E+04));
#3274 = CARTESIAN_POINT('',(1.67001E+05,7.E+03,1.48833E+04));
#3275 = CARTESIAN_POINT('',(1.67338E+05,7.E+03,1.54183E+04));
#3276 = CARTESIAN_POINT('',(1.67655E+05,7.E+03,1.59047E+04));
#3277 = CARTESIAN_POINT('',(1.6805E+05,7.E+03,1.64879E+04));
#3278 = CARTESIAN_POINT('',(1.684E+05,7.E+03,1.69876E+04));
#3279 = CARTESIAN_POINT('',(1.68668E+05,7.E+03,1.73627E+04));
#3280 = CARTESIAN_POINT('',(1.68911E+05,7.E+03,1.76956E+04));
#3281 = CARTESIAN_POINT('',(1.69194E+05,7.E+03,1.80811E+04));
#3282 = CARTESIAN_POINT('',(1.69553E+05,7.E+03,1.85534E+04));
#3283 = CARTESIAN_POINT('',(1.69983E+05,7.E+03,1.90932E+04));
#3284 = CARTESIAN_POINT('',(1.70365E+05,7.E+03,1.95471E+04));
#3285 = CARTESIAN_POINT('',(1.70806E+05,7.E+03,2.00283E+04));
#3286 = CARTESIAN_POINT('',(1.71273E+05,7.E+03,2.04917E+04));
#3287 = CARTESIAN_POINT('',(1.71688E+05,7.E+03,2.08811E+04));
#3288 = CARTESIAN_POINT('',(1.72228E+05,7.E+03,2.13315E+04));
#3289 = CARTESIAN_POINT('',(1.72637E+05,7.E+03,2.16662E+04));
#3290 = CARTESIAN_POINT('',(1.73173E+05,7.E+03,2.20865E+04));
#3291 = CARTESIAN_POINT('',(1.7368E+05,7.E+03,2.24753E+04));
#3292 = CARTESIAN_POINT('',(1.74139E+05,7.E+03,2.28309E+04));
#3293 = CARTESIAN_POINT('',(1.74663E+05,7.E+03,2.32722E+04));
#3294 = CARTESIAN_POINT('',(1.74949E+05,7.E+03,2.35272E+04));
#3295 = CARTESIAN_POINT('',(1.75202E+05,7.E+03,2.376E+04));
#3296 = CARTESIAN_POINT('',(-3.7E+03,7.E+03,2.3E+04));
#3297 = CARTESIAN_POINT('',(1.75202E+05,7.E+03,2.376E+04));
#3298 = ( GEOMETRIC_REPRESENTATION_CONTEXT(3) 
GLOBAL_UNCERTAINTY_ASSIGNED_CONTEXT((#3302)) 
GLOBAL_UNIT_ASSIGNED_CONTEXT((#3299,#3300,#3301)) REPRESENTATION_CONTEXT
('Context #1','3D Context with UNIT and UNCERTAINTY') );
#3299 = ( LENGTH_UNIT() NAMED_UNIT(*) SI_UNIT(.MILLI.,.METRE.) );
#3300 = ( NAMED_UNIT(*) PLANE_ANGLE_UNIT() SI_UNIT($,.RADIAN.) );
#3301 = ( NAMED_UNIT(*) SI_UNIT($,.STERADIAN.) SOLID_ANGLE_UNIT() );
#3302 = UNCERTAINTY_MEASURE_WITH_UNIT(LENGTH_MEASURE(1.E-07),#3299,
  'distance_accuracy_value','confusion accuracy');
#3303 = CONTEXT_DEPENDENT_SHAPE_REPRESENTATION(#3304,#3306);
#3304 = ( REPRESENTATION_RELATIONSHIP('','',#3150,#10) 
REPRESENTATION_RELATIONSHIP_WITH_TRANSFORMATION(#3305) 
SHAPE_REPRESENTATION_RELATIONSHIP() );
#3305 = ITEM_DEFINED_TRANSFORMATION('','',#11,#111);
#3306 = PRODUCT_DEFINITION_SHAPE('Placement','Placement of an item',
  #3307);
#3307 = NEXT_ASSEMBLY_USAGE_OCCURRENCE('25','','',#5,#3145,$);
#3308 = PRODUCT_RELATED_PRODUCT_CATEGORY('part',$,(#3147));
#3309 = SHAPE_DEFINITION_REPRESENTATION(#3310,#3316);
#3310 = PRODUCT_DEFINITION_SHAPE('','',#3311);
#3311 = PRODUCT_DEFINITION('design','',#3312,#3315);
#3312 = PRODUCT_DEFINITION_FORMATION('','',#3313);
#3313 = PRODUCT('Open CASCADE STEP translator 7.7 1.26',
  'Open CASCADE STEP translator 7.7 1.26','',(#3314));
#3314 = PRODUCT_CONTEXT('',#2,'mechanical');
#3315 = PRODUCT_DEFINITION_CONTEXT('part definition',#2,'design');
#3316 = GEOMETRICALLY_BOUNDED_WIREFRAME_SHAPE_REPRESENTATION('',(#11,
    #3317),#3464);
#3317 = GEOMETRIC_CURVE_SET('',(#3318));
#3318 = TRIMMED_CURVE('',#3319,(#3462,PARAMETER_VALUE(0.)),(#3463,
    PARAMETER_VALUE(2.00707E+05)),.T.,.PARAMETER.);
#3319 = B_SPLINE_CURVE_WITH_KNOTS('',3,(#3320,#3321,#3322,#3323,#3324,
    #3325,#3326,#3327,#3328,#3329,#3330,#3331,#3332,#3333,#3334,#3335,
    #3336,#3337,#3338,#3339,#3340,#3341,#3342,#3343,#3344,#3345,#3346,
    #3347,#3348,#3349,#3350,#3351,#3352,#3353,#3354,#3355,#3356,#3357,
    #3358,#3359,#3360,#3361,#3362,#3363,#3364,#3365,#3366,#3367,#3368,
    #3369,#3370,#3371,#3372,#3373,#3374,#3375,#3376,#3377,#3378,#3379,
    #3380,#3381,#3382,#3383,#3384,#3385,#3386,#3387,#3388,#3389,#3390,
    #3391,#3392,#3393,#3394,#3395,#3396,#3397,#3398,#3399,#3400,#3401,
    #3402,#3403,#3404,#3405,#3406,#3407,#3408,#3409,#3410,#3411,#3412,
    #3413,#3414,#3415,#3416,#3417,#3418,#3419,#3420,#3421,#3422,#3423,
    #3424,#3425,#3426,#3427,#3428,#3429,#3430,#3431,#3432,#3433,#3434,
    #3435,#3436,#3437,#3438,#3439,#3440,#3441,#3442,#3443,#3444,#3445,
    #3446,#3447,#3448,#3449,#3450,#3451,#3452,#3453,#3454,#3455,#3456,
    #3457,#3458,#3459,#3460,#3461),.UNSPECIFIED.,.F.,.F.,(4,1,1,1,1,1,1,
    1,3,1,1,1,1,1,1,1,1,1,1,1,1,1,1,1,1,1,1,1,1,1,1,1,1,1,1,1,1,1,1,1,1,
    1,1,1,1,1,1,1,1,1,1,1,1,1,1,1,1,1,1,1,1,1,2,1,1,1,1,1,1,1,1,1,1,1,1,
    1,1,1,1,1,1,1,2,1,1,1,1,1,1,1,1,1,1,1,1,1,1,1,1,1,1,1,1,1,1,1,1,1,1,
    1,1,1,1,1,1,1,1,1,1,1,1,1,1,1,1,1,1,1,1,1,1,1,1,1,1,4),(0.,1.E+03,
    2.E+03,3.E+03,4.E+03,5.E+03,6.E+03,7.E+03,7.56208E+03,8.00491E+03,
    9.04037E+03,9.71996E+03,9.77875E+03,1.01944E+04,1.17095E+04,
    1.18418E+04,1.34934E+04,1.41216E+04,1.50806E+04,1.57172E+04,
    1.66386E+04,1.76013E+04,1.81819E+04,1.97176E+04,2.12487E+04,
    2.20316E+04,2.28789E+04,2.45061E+04,2.61333E+04,2.69222E+04,
    2.77629E+04,2.93918E+04,3.10219E+04,3.16736E+04,3.26562E+04,
    3.39869E+04,3.42945E+04,3.47581E+04,3.59179E+04,3.59384E+04,
    3.75905E+04,3.92504E+04,3.95713E+04,4.09171E+04,4.25879E+04,
    4.28506E+04,4.29202E+04,4.42565E+04,4.59204E+04,4.63614E+04,
    4.85602E+04,5.01582E+04,5.06198E+04,5.19452E+04,5.46855E+04,
    5.50807E+04,5.67001E+04,5.83106E+04,5.86018E+04,6.1038E+04,
    6.19143E+04,6.55042E+04,6.68074E+04,6.90903E+04,7.26764E+04,
    7.53659E+04,7.8952E+04,8.2538E+04,8.61241E+04,8.97101E+04,
    9.32962E+04,9.59857E+04,9.95718E+04,1.27364E+05,1.3095E+05,
    1.34536E+05,1.37225E+05,1.40811E+05,1.44397E+05,1.47984E+05,
    1.5157E+05,1.55156E+05,1.56648E+05,1.57845E+05,1.61175E+05,
    1.62516E+05,1.64515E+05,1.65015E+05,1.6676E+05,1.6788E+05,
    1.68166E+05,1.71296E+05,1.72213E+05,1.74723E+05,1.74894E+05,
    1.75683E+05,1.76511E+05,1.779E+05,1.79082E+05,1.80145E+05,
    1.80224E+05,1.80655E+05,1.81157E+05,1.82155E+05,1.83152E+05,
    1.83651E+05,1.84153E+05,1.85178E+05,1.85574E+05,1.85706E+05,
    1.86246E+05,1.87262E+05,1.87361E+05,1.88517E+05,1.88653E+05,
    1.8971E+05,1.89927E+05,1.9041E+05,1.90932E+05,1.9129E+05,1.91552E+05
    ,1.92176E+05,1.92607E+05,1.93447E+05,1.93869E+05,1.94771E+05,
    1.95057E+05,1.96165E+05,1.96194E+05,1.97203E+05,1.97773E+05,
    1.98207E+05,1.99196E+05,1.99451E+05,2.00185E+05,2.00707E+05),
  .UNSPECIFIED.);
#3320 = CARTESIAN_POINT('',(-3.7E+03,8.E+03,2.3E+04));
#3321 = CARTESIAN_POINT('',(-3.7E+03,8.E+03,2.26667E+04));
#3322 = CARTESIAN_POINT('',(-3.7E+03,8.E+03,2.2E+04));
#3323 = CARTESIAN_POINT('',(-3.7E+03,8.E+03,2.1E+04));
#3324 = CARTESIAN_POINT('',(-3.7E+03,8.E+03,2.E+04));
#3325 = CARTESIAN_POINT('',(-3.7E+03,8.E+03,1.9E+04));
#3326 = CARTESIAN_POINT('',(-3.7E+03,8.E+03,1.8E+04));
#3327 = CARTESIAN_POINT('',(-3.7E+03,8.E+03,1.7E+04));
#3328 = CARTESIAN_POINT('',(-3.7E+03,8.E+03,1.6146E+04));
#3329 = CARTESIAN_POINT('',(-3.7E+03,8.E+03,1.56253E+04));
#3330 = CARTESIAN_POINT('',(-3.7E+03,8.E+03,1.54379E+04));
#3331 = CARTESIAN_POINT('',(-3.67736E+03,8.E+03,1.52921E+04));
#3332 = CARTESIAN_POINT('',(-3.59342E+03,8.E+03,1.48037E+04));
#3333 = CARTESIAN_POINT('',(-3.41295E+03,8.E+03,1.40996E+04));
#3334 = CARTESIAN_POINT('',(-3.14121E+03,8.E+03,1.35677E+04));
#3335 = CARTESIAN_POINT('',(-2.93693E+03,8.E+03,1.324E+04));
#3336 = CARTESIAN_POINT('',(-2.55615E+03,8.E+03,1.26928E+04));
#3337 = CARTESIAN_POINT('',(-2.01167E+03,8.E+03,1.22362E+04));
#3338 = CARTESIAN_POINT('',(-1.0636E+03,8.E+03,1.16715E+04));
#3339 = CARTESIAN_POINT('',(-320.221,8.E+03,1.13456E+04));
#3340 = CARTESIAN_POINT('',(690.993,8.E+03,1.09572E+04));
#3341 = CARTESIAN_POINT('',(1.39631E+03,8.E+03,1.07187E+04));
#3342 = CARTESIAN_POINT('',(2.20097E+03,8.E+03,1.04699E+04));
#3343 = CARTESIAN_POINT('',(3.01254E+03,8.E+03,1.02397E+04));
#3344 = CARTESIAN_POINT('',(3.81027E+03,8.E+03,1.00301E+04));
#3345 = CARTESIAN_POINT('',(4.8099E+03,8.E+03,9.78042E+03));
#3346 = CARTESIAN_POINT('',(5.99776E+03,8.E+03,9.49961E+03));
#3347 = CARTESIAN_POINT('',(7.25525E+03,8.E+03,9.21986E+03));
#3348 = CARTESIAN_POINT('',(8.28893E+03,8.E+03,8.99486E+03));
#3349 = CARTESIAN_POINT('',(9.35504E+03,8.E+03,8.76778E+03));
#3350 = CARTESIAN_POINT('',(1.07E+04,8.E+03,8.49395E+03));
#3351 = CARTESIAN_POINT('',(1.20258E+04,8.E+03,8.22397E+03));
#3352 = CARTESIAN_POINT('',(1.30916E+04,8.E+03,7.99645E+03));
#3353 = CARTESIAN_POINT('',(1.41579E+04,8.E+03,7.76828E+03));
#3354 = CARTESIAN_POINT('',(1.55005E+04,8.E+03,7.4864E+03));
#3355 = CARTESIAN_POINT('',(1.67807E+04,8.E+03,7.21495E+03));
#3356 = CARTESIAN_POINT('',(1.78466E+04,8.E+03,6.97624E+03));
#3357 = CARTESIAN_POINT('',(1.88137E+04,8.E+03,6.75442E+03));
#3358 = CARTESIAN_POINT('',(1.96673E+04,8.E+03,6.55301E+03));
#3359 = CARTESIAN_POINT('',(2.03508E+04,8.E+03,6.38687E+03));
#3360 = CARTESIAN_POINT('',(2.09783E+04,8.E+03,6.23289E+03));
#3361 = CARTESIAN_POINT('',(2.15114E+04,8.E+03,6.09683E+03));
#3362 = CARTESIAN_POINT('',(2.24281E+04,8.E+03,5.85612E+03));
#3363 = CARTESIAN_POINT('',(2.35037E+04,8.E+03,5.56149E+03));
#3364 = CARTESIAN_POINT('',(2.46709E+04,8.E+03,5.22149E+03));
#3365 = CARTESIAN_POINT('',(2.57371E+04,8.E+03,4.90161E+03));
#3366 = CARTESIAN_POINT('',(2.68044E+04,8.E+03,4.57263E+03));
#3367 = CARTESIAN_POINT('',(2.78504E+04,8.E+03,4.24083E+03));
#3368 = CARTESIAN_POINT('',(2.849E+04,8.E+03,4.04017E+03));
#3369 = CARTESIAN_POINT('',(2.90229E+04,8.E+03,3.8734E+03));
#3370 = CARTESIAN_POINT('',(3.00043E+04,8.E+03,3.56994E+03));
#3371 = CARTESIAN_POINT('',(3.11072E+04,8.E+03,3.23889E+03));
#3372 = CARTESIAN_POINT('',(3.24894E+04,8.E+03,2.8347E+03));
#3373 = CARTESIAN_POINT('',(3.38543E+04,8.E+03,2.44927E+03));
#3374 = CARTESIAN_POINT('',(3.52333E+04,8.E+03,2.08981E+03));
#3375 = CARTESIAN_POINT('',(3.63336E+04,8.E+03,1.82075E+03));
#3376 = CARTESIAN_POINT('',(3.78107E+04,8.E+03,1.48366E+03));
#3377 = CARTESIAN_POINT('',(3.92762E+04,8.E+03,1.19655E+03));
#3378 = CARTESIAN_POINT('',(4.08451E+04,8.E+03,931.406));
#3379 = CARTESIAN_POINT('',(4.20438E+04,8.E+03,744.783));
#3380 = CARTESIAN_POINT('',(4.32117E+04,8.E+03,588.134));
#3381 = CARTESIAN_POINT('',(4.46527E+04,8.E+03,413.421));
#3382 = CARTESIAN_POINT('',(4.58525E+04,8.E+03,289.42));
#3383 = CARTESIAN_POINT('',(4.81551E+04,8.E+03,106.838));
#3384 = CARTESIAN_POINT('',(5.00848E+04,8.E+03,19.8716));
#3385 = CARTESIAN_POINT('',(5.17221E+04,8.E+03,0.1));
#3386 = CARTESIAN_POINT('',(5.29222E+04,8.E+03,0.1));
#3387 = CARTESIAN_POINT('',(5.48861E+04,8.E+03,-7.4788E-02));
#3388 = CARTESIAN_POINT('',(5.775E+04,8.E+03,1.70693E-02));
#3389 = CARTESIAN_POINT('',(6.105E+04,8.E+03,-5.53935E-03));
#3390 = CARTESIAN_POINT('',(6.435E+04,8.E+03,1.65963E-03));
#3391 = CARTESIAN_POINT('',(6.795E+04,8.E+03,-4.44718E-04));
#3392 = CARTESIAN_POINT('',(7.155E+04,8.E+03,1.1924E-04));
#3393 = CARTESIAN_POINT('',(7.515E+04,8.E+03,-3.22435E-05));
#3394 = CARTESIAN_POINT('',(7.845E+04,8.E+03,6.23578E-06));
#3395 = CARTESIAN_POINT('',(8.175E+04,8.E+03,-2.12929E-06));
#3396 = CARTESIAN_POINT('',(9.315E+04,8.E+03,4.84011E-06));
#3397 = CARTESIAN_POINT('',(1.0485E+05,8.E+03,-7.91183E-07));
#3398 = CARTESIAN_POINT('',(1.1655E+05,8.E+03,0.));
#3399 = CARTESIAN_POINT('',(1.1985E+05,8.E+03,0.));
#3400 = CARTESIAN_POINT('',(1.2315E+05,8.E+03,0.));
#3401 = CARTESIAN_POINT('',(1.2645E+05,8.E+03,0.));
#3402 = CARTESIAN_POINT('',(1.3005E+05,8.E+03,0.));
#3403 = CARTESIAN_POINT('',(1.3365E+05,8.E+03,0.));
#3404 = CARTESIAN_POINT('',(1.3725E+05,8.E+03,0.));
#3405 = CARTESIAN_POINT('',(1.40149E+05,8.E+03,0.));
#3406 = CARTESIAN_POINT('',(1.41849E+05,8.E+03,-0.));
#3407 = CARTESIAN_POINT('',(1.42749E+05,8.E+03,0.));
#3408 = CARTESIAN_POINT('',(1.44264E+05,8.E+03,13.7706));
#3409 = CARTESIAN_POINT('',(1.46226E+05,8.E+03,100.517));
#3410 = CARTESIAN_POINT('',(1.48452E+05,8.E+03,262.476));
#3411 = CARTESIAN_POINT('',(1.49732E+05,8.E+03,380.826));
#3412 = CARTESIAN_POINT('',(1.51143E+05,8.E+03,548.09));
#3413 = CARTESIAN_POINT('',(1.52258E+05,8.E+03,709.038));
#3414 = CARTESIAN_POINT('',(1.53296E+05,8.E+03,892.653));
#3415 = CARTESIAN_POINT('',(1.54786E+05,8.E+03,1.17982E+03));
#3416 = CARTESIAN_POINT('',(1.56206E+05,8.E+03,1.49287E+03));
#3417 = CARTESIAN_POINT('',(1.58298E+05,8.E+03,2.15365E+03));
#3418 = CARTESIAN_POINT('',(1.59416E+05,8.E+03,2.61877E+03));
#3419 = CARTESIAN_POINT('',(1.60431E+05,8.E+03,3.18364E+03));
#3420 = CARTESIAN_POINT('',(1.60941E+05,8.E+03,3.49721E+03));
#3421 = CARTESIAN_POINT('',(1.61749E+05,8.E+03,4.09988E+03));
#3422 = CARTESIAN_POINT('',(1.6255E+05,8.E+03,4.91927E+03));
#3423 = CARTESIAN_POINT('',(1.63219E+05,8.E+03,5.94469E+03));
#3424 = CARTESIAN_POINT('',(1.6349E+05,8.E+03,6.68101E+03));
#3425 = CARTESIAN_POINT('',(1.63619E+05,8.E+03,7.19093E+03));
#3426 = CARTESIAN_POINT('',(1.63688E+05,8.E+03,7.52298E+03));
#3427 = CARTESIAN_POINT('',(1.63774E+05,8.E+03,8.16381E+03));
#3428 = CARTESIAN_POINT('',(1.63809E+05,8.E+03,8.99966E+03));
#3429 = CARTESIAN_POINT('',(1.63819E+05,8.E+03,9.8339E+03));
#3430 = CARTESIAN_POINT('',(1.6386E+05,8.E+03,1.05013E+04));
#3431 = CARTESIAN_POINT('',(1.63939E+05,8.E+03,1.11753E+04));
#3432 = CARTESIAN_POINT('',(1.64098E+05,8.E+03,1.18022E+04));
#3433 = CARTESIAN_POINT('',(1.64268E+05,8.E+03,1.22935E+04));
#3434 = CARTESIAN_POINT('',(1.64395E+05,8.E+03,1.26278E+04));
#3435 = CARTESIAN_POINT('',(1.64614E+05,8.E+03,1.31485E+04));
#3436 = CARTESIAN_POINT('',(1.64863E+05,8.E+03,1.36438E+04));
#3437 = CARTESIAN_POINT('',(1.65227E+05,8.E+03,1.4311E+04));
#3438 = CARTESIAN_POINT('',(1.65465E+05,8.E+03,1.4711E+04));
#3439 = CARTESIAN_POINT('',(1.65884E+05,8.E+03,1.5376E+04));
#3440 = CARTESIAN_POINT('',(1.66145E+05,8.E+03,1.57693E+04));
#3441 = CARTESIAN_POINT('',(1.6648E+05,8.E+03,1.62527E+04));
#3442 = CARTESIAN_POINT('',(1.66717E+05,8.E+03,1.65866E+04));
#3443 = CARTESIAN_POINT('',(1.66984E+05,8.E+03,1.69559E+04));
#3444 = CARTESIAN_POINT('',(1.6721E+05,8.E+03,1.72638E+04));
#3445 = CARTESIAN_POINT('',(1.6746E+05,8.E+03,1.75973E+04));
#3446 = CARTESIAN_POINT('',(1.67725E+05,8.E+03,1.79494E+04));
#3447 = CARTESIAN_POINT('',(1.68113E+05,8.E+03,1.84507E+04));
#3448 = CARTESIAN_POINT('',(1.68467E+05,8.E+03,1.88935E+04));
#3449 = CARTESIAN_POINT('',(1.68932E+05,8.E+03,1.94486E+04));
#3450 = CARTESIAN_POINT('',(1.69291E+05,8.E+03,1.98503E+04));
#3451 = CARTESIAN_POINT('',(1.69818E+05,8.E+03,2.04091E+04));
#3452 = CARTESIAN_POINT('',(1.70159E+05,8.E+03,2.07426E+04));
#3453 = CARTESIAN_POINT('',(1.70698E+05,8.E+03,2.12167E+04));
#3454 = CARTESIAN_POINT('',(1.71112E+05,8.E+03,2.15619E+04));
#3455 = CARTESIAN_POINT('',(1.71645E+05,8.E+03,2.19731E+04));
#3456 = CARTESIAN_POINT('',(1.72178E+05,8.E+03,2.23736E+04));
#3457 = CARTESIAN_POINT('',(1.72631E+05,8.E+03,2.27055E+04));
#3458 = CARTESIAN_POINT('',(1.73167E+05,8.E+03,2.3094E+04));
#3459 = CARTESIAN_POINT('',(1.73575E+05,8.E+03,2.33926E+04));
#3460 = CARTESIAN_POINT('',(1.73907E+05,8.E+03,2.36503E+04));
#3461 = CARTESIAN_POINT('',(1.74043E+05,8.E+03,2.376E+04));
#3462 = CARTESIAN_POINT('',(-3.7E+03,8.E+03,2.3E+04));
#3463 = CARTESIAN_POINT('',(1.74043E+05,8.E+03,2.376E+04));
#3464 = ( GEOMETRIC_REPRESENTATION_CONTEXT(3) 
GLOBAL_UNCERTAINTY_ASSIGNED_CONTEXT((#3468)) 
GLOBAL_UNIT_ASSIGNED_CONTEXT((#3465,#3466,#3467)) REPRESENTATION_CONTEXT
('Context #1','3D Context with UNIT and UNCERTAINTY') );
#3465 = ( LENGTH_UNIT() NAMED_UNIT(*) SI_UNIT(.MILLI.,.METRE.) );
#3466 = ( NAMED_UNIT(*) PLANE_ANGLE_UNIT() SI_UNIT($,.RADIAN.) );
#3467 = ( NAMED_UNIT(*) SI_UNIT($,.STERADIAN.) SOLID_ANGLE_UNIT() );
#3468 = UNCERTAINTY_MEASURE_WITH_UNIT(LENGTH_MEASURE(1.E-07),#3465,
  'distance_accuracy_value','confusion accuracy');
#3469 = CONTEXT_DEPENDENT_SHAPE_REPRESENTATION(#3470,#3472);
#3470 = ( REPRESENTATION_RELATIONSHIP('','',#3316,#10) 
REPRESENTATION_RELATIONSHIP_WITH_TRANSFORMATION(#3471) 
SHAPE_REPRESENTATION_RELATIONSHIP() );
#3471 = ITEM_DEFINED_TRANSFORMATION('','',#11,#115);
#3472 = PRODUCT_DEFINITION_SHAPE('Placement','Placement of an item',
  #3473);
#3473 = NEXT_ASSEMBLY_USAGE_OCCURRENCE('26','','',#5,#3311,$);
#3474 = PRODUCT_RELATED_PRODUCT_CATEGORY('part',$,(#3313));
ENDSEC;
END-ISO-10303-21;
