DBRep_DrawableShape

CASCADE Topology V1, (c) Matra-Datavision
Locations 26
1
              1               0               0               0 
              0               1               0               0 
              0               0               1               0 
1
              1               0               0               0 
              0               1               0               0 
              0               0               1               0 
1
              1               0               0               0 
              0               1               0               0 
              0               0               1               0 
1
              1               0               0               0 
              0               1               0               0 
              0               0               1               0 
1
              1               0               0               0 
              0               1               0               0 
              0               0               1               0 
1
              1               0               0               0 
              0               1               0               0 
              0               0               1               0 
1
              1               0               0               0 
              0               1               0               0 
              0               0               1               0 
1
              1               0               0               0 
              0               1               0               0 
              0               0               1               0 
1
              1               0               0               0 
              0               1               0               0 
              0               0               1               0 
1
              1               0               0               0 
              0               1               0               0 
              0               0               1               0 
1
              1               0               0               0 
              0               1               0               0 
              0               0               1               0 
1
              1               0               0               0 
              0               1               0               0 
              0               0               1               0 
1
              1               0               0               0 
              0               1               0               0 
              0               0               1               0 
1
              1               0               0               0 
              0               1               0               0 
              0               0               1               0 
1
              1               0               0               0 
              0               1               0               0 
              0               0               1               0 
1
              1               0               0               0 
              0               1               0               0 
              0               0               1               0 
1
              1               0               0               0 
              0               1               0               0 
              0               0               1               0 
1
              1               0               0               0 
              0               1               0               0 
              0               0               1               0 
1
              1               0               0               0 
              0               1               0               0 
              0               0               1               0 
1
              1               0               0               0 
              0               1               0               0 
              0               0               1               0 
1
              1               0               0               0 
              0               1               0               0 
              0               0               1               0 
1
              1               0               0               0 
              0               1               0               0 
              0               0               1               0 
1
              1               0               0               0 
              0               1               0               0 
              0               0               1               0 
1
              1               0               0               0 
              0               1               0               0 
              0               0               1               0 
1
              1               0               0               0 
              0               1               0               0 
              0               0               1               0 
1
              1               0               0               0 
              0               1               0               0 
              0               0               1               0 
Curve2ds 0
Curves 26
7 0 0  3 161 155  -3700 1000 23000  -3700 1000 22666.700000000001  -3700 1000 22000  -3700 1000 21000  -3700 1000 20000  -3700 1000 19000  -3700 1000 18000  -3700 1000 17000  -3700 1000 16000  -3700 1000 15000  -3700 1000 14000  -3700 1000 13000  -3700 1000 12000  -3700 1000 11217.9  -3700 1000 10769.200000000001  -3700 1000 10653.799999999999  -3466.5700000000002 1000 10611.200000000001  -3189.6500000000001 1000 10559.9  -2456.4000000000001 1000 10422.799999999999  -1524.72 1000 10249  -568.52700000000004 1000 10068.200000000001  431.99099999999999 1000 9880.1399999999994  1500.8599999999999 1000 9671.9699999999993  3003.0100000000002 1000 9374.7600000000002  4057.3499999999999 1000 9143.8899999999994  5056.1199999999999 1000 8908  5871.71 1000 8725.6299999999992  6808.5600000000004 1000 8448.7900000000009  7534.0200000000004 1000 8254.1499999999996  8259.2600000000002 1000 7955.3400000000001  9074.1800000000003 1000 7590.1199999999999  9916.4400000000005 1000 6985.6499999999996  10414.5 1000 6425.9799999999996  10653.700000000001 1000 6039.2700000000004  10834.5 1000 5684  10898.4 1000 5240.2399999999998  10464.299999999999 1000 4482.25  9795.9300000000003 1000 4153.75  9026.6299999999992 1000 3813.3299999999999  8367.9400000000005 1000 3566.1700000000001  7717.29 1000 3402.46  7108.5799999999999 1000 2905.23  7383.7399999999998 1000 2303.0700000000002  8067.4799999999996 1000 1754.6300000000001  8760.6800000000003 1000 1311.1900000000001  9641.3600000000006 1000 952.60299999999995  10177.9 1000 780.346  10846.4 1000 617.08600000000001  11509.200000000001 1000 498.70499999999998  12530 1000 358.36900000000003  13319.9 1000 284.42899999999997  13870.799999999999 1000 241.489  14449.4 1000 197.84100000000001  15515.9 1000 137.142  17099.700000000001 1000 79.066299999999998  18599.900000000001 1000 45.109400000000001  19666.599999999999 1000 29.7408  20733.299999999999 1000 17.235499999999998  21900 1000 7.65299  23282 1000 1.97736  24130.599999999999 1000 0.10000000000000001  24664 1000 0.10000000000000001  25415.299999999999 1000 -0.11736199999999999  26700 1000 0.041918700000000003  28300 1000 -0.0112193  29900 1000 0.0029586399999999998  31816.700000000001 1000 -0.0013225299999999999  34300 1000 0.00056050000000000002  37150 1000 -0.000131672  40350 1000 4.4517000000000001e-05  43650 1000 -1.3337600000000001e-05  47250 1000 3.57397e-06  50850 1000 -9.582500000000001e-07  54450 1000 2.5903299999999999e-07  57750 1000 -4.9805899999999997e-08  61050 1000 1.6163000000000001e-08  64350 1000 -4.8425600000000003e-09  67950 1000 1.2976199999999999e-09  71550 1000 -3.4792600000000002e-10  75150 1000 9.4082000000000004e-11  78450 1000 -1.8195100000000001e-11  91050 1000 7.4999299999999996e-11  103650 1000 -6.5285399999999996e-11  116550 1000 0  119850 1000 0  123150 1000 0  126450 1000 0  130050 1000 0  133650 1000 0  137250 1000 0  140550 1000 0  143763 1000 0  146890 1000 0  150230 1000 0  153570 1000 0  156910 1000 0  159475 1000 0  160927 1000 -0  162041 1000 0  163052 1000 4.3446600000000002  164300 1000 43.201000000000001  165010 1000 78.635599999999997  165721 1000 122.34399999999999  166287 1000 175.05099999999999  166692 1000 220.56299999999999  166958 1000 252.61000000000001  167399 1000 308.233  167959 1000 386.47199999999998  168492 1000 475.41800000000001  169026 1000 581.44200000000001  169390 1000 670.70000000000005  169923 1000 803.86099999999999  170274 1000 893.29100000000005  170783 1000 1024.6800000000001  171320 1000 1174.1400000000001  172039 1000 1410.55  172773 1000 1708.1500000000001  173306 1000 1932.0699999999999  173844 1000 2187.27  174418 1000 2501.8899999999999  174940 1000 2853.2199999999998  175368 1000 3181.4699999999998  175681 1000 3448.3699999999999  175979 1000 3771.9000000000001  176362 1000 4245.8999999999996  176641 1000 4634.5100000000002  177040 1000 5297.9899999999998  177355 1000 5963.0600000000004  177548 1000 6825.1999999999998  177607 1000 7498.9300000000003  177624 1000 8168.4899999999998  177620 1000 9044.0100000000002  177263 1000 9840.75  176635 1000 10190.200000000001  176036 1000 10310.9  175383 1000 10334.700000000001  174792 1000 10517.299999999999  174554 1000 10799.1  174221 1000 11294.4  174002 1000 11803.799999999999  173935 1000 12499.1  173967 1000 13171  174098 1000 14012.1  174298 1000 14725.5  174497 1000 15392.700000000001  174728 1000 16070  175062 1000 16847.099999999999  175327 1000 17347.5  175506 1000 17681.5  175711 1000 18039.799999999999  176001 1000 18525.700000000001  176381 1000 19141.099999999999  176686 1000 19613.599999999999  177098 1000 20277.900000000001  177369 1000 20727.799999999999  177739 1000 21397.900000000001  178090 1000 22061.200000000001  178514 1000 22915.099999999999  178844 1000 23617.900000000001  179010 1000 23986.400000000001  179060 1000 24100 
 0 4 1000 1 2000 1 3000 1 4000 1 5000 1 6000 1 7000 1 8000 1 9000 1 10000 1 11000 1 12000 1 12346.200000000001 3 13058.1 1 13191.1 1 14584.1 1 15901.4 1 16110.5 1 17638.299999999999 1 19168.200000000001 1 20704.299999999999 1 20875.799999999999 1 22247.099999999999 1 23209.700000000001 1 23806.799999999999 1 24497.599999999999 1 25560.400000000001 1 26477.599999999999 1 27588.200000000001 1 27779.299999999999 1 27838.5 1 28787.5 1 28905 1 30447.200000000001 1 30824.599999999999 1 31450.099999999999 1 32546.5 1 32850.300000000003 1 33641.5 1 33998.800000000003 1 35564.900000000001 1 36037.300000000003 1 36855 1 37251.300000000003 1 38101.5 1 38873 1 40342.400000000001 1 40480.400000000001 1 40530.599999999999 1 42083.300000000003 1 43684.5 1 45284.900000000001 1 46585.099999999999 1 46885.099999999999 1 48485.199999999997 1 50085.199999999997 1 51031.099999999999 2 51685.199999999997 1 53285.199999999997 1 54885.199999999997 1 56485.199999999997 1 58085.199999999997 1 60635.199999999997 1 63935.300000000003 1 66635.300000000003 1 70235.300000000003 1 73835.300000000003 1 77435.300000000003 1 81035.300000000003 1 84635.399999999994 1 87335.399999999994 1 90935.399999999994 1 94535.399999999994 1 98135.399999999994 1 101735 1 105335 1 108035 1 139536 1 143136 1 146736 1 149436 1 153036 1 156636 1 160236 1 163836 1 167436 1 170136 1 173476 1 176816 1 180156 1 183496 1 186836 1 187852 2 190176 1 190886 1 191597 1 192309 1 193022 1 193303 1 193530 1 193827 1 194635 1 195227 1 195448 1 196270 1 196349 1 197095 1 197359 1 197925 1 198767 1 199627 1 200300 1 200502 1 201414 1 202261 1 202386 1 203033 1 203492 1 203702 1 204862 1 204921 1 206024 1 207051 1 207553 1 208053 1 209055 1 210212 1 210371 1 211198 1 212004 1 212335 1 213022 1 213042 1 214126 1 214629 1 215129 1 216140 1 217175 1 217349 1 218229 1 219320 1 219883 1 219928 1 220457 1 221121 1 221626 1 222626 1 222808 1 223970 1 224201 1 225105 1 226221 1 227061 1 227434 4
7 0 0  3 157 151  -3700 1500 23000  -3700 1500 22666.700000000001  -3700 1500 22000  -3700 1500 21000  -3700 1500 20000  -3700 1500 19000  -3700 1500 18000  -3700 1500 17000  -3700 1500 16000  -3700 1500 15000  -3700 1500 14000  -3700 1500 13000  -3700 1500 12000  -3700 1500 11224.4  -3700 1500 10782.200000000001  -3700 1500 10673.299999999999  -3466.6399999999999 1500 10629.5  -3159.8400000000001 1500 10571.799999999999  -2426.48 1500 10433.4  -1475.4400000000001 1500 10253.1  -548.99099999999999 1500 10076.700000000001  451.29199999999997 1500 9885.8700000000008  1500.5599999999999 1500 9681.0400000000009  3002.2600000000002 1500 9385.5599999999995  4091.4000000000001 1500 9153.4400000000005  5089.8800000000001 1500 8927.5100000000002  6094.3400000000001 1500 8711.6700000000001  7025.0600000000004 1500 8475.0400000000009  7911.0699999999997 1500 8252.9599999999991  8444.5799999999999 1500 8073.3500000000004  9504.8600000000006 1500 7685.3199999999997  10229.700000000001 1500 7359.7200000000003  11159.5 1500 6739.5299999999997  11663.700000000001 1500 6450.8400000000001  12057.4 1500 5687.8100000000004  12470 1500 5006.8500000000004  11945.9 1500 3994.3400000000001  11264.5 1500 3527.9400000000001  10771 1500 3212.9000000000001  10189.5 1500 2923.5700000000002  9894.0499999999993 1500 1973.1300000000001  10937.299999999999 1500 1415.22  11643.9 1500 1092.26  12456.5 1500 877.90899999999999  13086.4 1500 740.79100000000005  13639.299999999999 1500 645.75199999999995  14160.1 1500 564.46100000000001  14692.6 1500 488.5  15742 1500 368.221  16625 1500 295.58100000000002  17691.900000000001 1500 220.84800000000001  18658.400000000001 1500 164.435  19666.599999999999 1500 122.804  20733.200000000001 1500 83.826899999999995  21899.799999999999 1500 51.506599999999999  23499.900000000001 1500 25.042899999999999  25100 1500 7.1012599999999999  26377.599999999999 1500 1.63873  27121.799999999999 1500 0.10000000000000001  27655.099999999999 1500 0.10000000000000001  28510.900000000001 1500 -0.078231800000000004  29900 1500 0.024753399999999998  31816.700000000001 1500 -0.011064900000000001  34300 1500 0.0046894199999999997  37150 1500 -0.0011016299999999999  40350 1500 0.00037245099999999999  43650 1500 -0.00011158900000000001  47250 1500 2.9901599999999998e-05  50850 1500 -8.0172000000000001e-06  54450 1500 2.1672000000000002e-06  57750 1500 -4.1670099999999999e-07  61050 1500 1.35228e-07  64350 1500 -4.0515299999999999e-08  67950 1500 1.0856600000000001e-08  71550 1500 -2.9109200000000001e-09  75150 1500 7.8713700000000001e-10  78450 1500 -1.5222899999999999e-10  91050 1500 6.2748200000000001e-10  103650 1500 -5.4621100000000003e-10  116550 1500 0  119850 1500 0  123150 1500 0  126450 1500 0  130050 1500 0  133650 1500 0  137250 1500 0  140550 1500 0  143763 1500 0  146890 1500 0  150230 1500 0  153570 1500 0  156513 1500 0  158342 1500 -0  159455 1500 0  160966 1500 4.2436100000000003  162716 1500 39.607599999999998  164301 1500 150.45699999999999  164876 1500 202.45699999999999  165349 1500 252.87899999999999  165823 1500 309.56999999999999  166287 1500 373.52499999999998  166752 1500 441.78899999999999  167019 1500 483.62799999999999  167459 1500 558.00099999999998  167882 1500 637.14800000000002  168415 1500 756.19100000000003  168840 1500 863.53599999999994  169255 1500 984.78899999999999  169788 1500 1148.4400000000001  170433 1500 1352.9200000000001  171239 1500 1624.9200000000001  171795 1500 1856.28  172329 1500 2096.04  172874 1500 2361.4200000000001  173461 1500 2703.5700000000002  173994 1500 3073.8800000000001  174275 1500 3306.3899999999999  174633 1500 3639.3699999999999  174913 1500 3933.5799999999999  175294 1500 4438.0600000000004  175663 1500 5037.5799999999999  175943 1500 5593.3100000000004  176216 1500 6255.6099999999997  176383 1500 6820.3999999999996  176457 1500 7498.96  176479 1500 8165.7600000000002  176516 1500 8948.8099999999995  176147 1500 9699.6000000000004  175637 1500 9997.25  175078 1500 10172.6  174640 1500 10304.299999999999  174158 1500 10614.9  173872 1500 10863.799999999999  173511 1500 11363.1  173340 1500 11886.200000000001  173307 1500 12500.4  173369 1500 13173.9  173492 1500 13746.799999999999  173684 1500 14409  173897 1500 15080.1  174166 1500 15821.799999999999  174444 1500 16486.5  174681 1500 16988.400000000001  174959 1500 17508.099999999999  175212 1500 17920.5  175544 1500 18421.599999999999  175803 1500 18784.099999999999  176224 1500 19364.299999999999  176522 1500 19768.299999999999  176949 1500 20404.200000000001  177271 1500 20914.200000000001  177617 1500 21509.099999999999  177985 1500 22175.099999999999  178379 1500 22914.200000000001  178729 1500 23618.599999999999  178908 1500 23986.5  178963 1500 24100 
 0 4 1000 1 2000 1 3000 1 4000 1 5000 1 6000 1 7000 1 8000 1 9000 1 10000 1 11000 1 12000 1 12326.700000000001 3 13039 1 13263.299999999999 1 14565.700000000001 1 15942.9 1 16092.6 1 17620.599999999999 1 19150.099999999999 1 20684.099999999999 1 20961.200000000001 1 22221.299999999999 1 23765.900000000001 1 23841.700000000001 1 24961.5 1 25450.5 1 27232.700000000001 1 27315.599999999999 1 28809 1 28823.400000000001 1 29891.900000000001 1 30981.599999999999 1 31810.5 1 32386.599999999999 1 32730.299999999999 1 33766.699999999997 1 34489.400000000001 1 35904.800000000003 1 36210.199999999997 1 36999.300000000003 1 37841.400000000001 1 37892 1 38580.599999999999 1 39454.699999999997 1 41060.599999999999 1 41237.800000000003 1 42663.5 1 43964.599999999999 1 44264.800000000003 1 45865.5 1 47465.699999999997 1 49065.800000000003 1 50665.800000000003 1 51298.5 2 52265.800000000003 1 53865.800000000003 1 55465.800000000003 1 58015.800000000003 1 61315.800000000003 1 64015.800000000003 1 67615.800000000003 1 71215.800000000003 1 74815.800000000003 1 78415.800000000003 1 82015.899999999994 1 84715.899999999994 1 88315.899999999994 1 91915.899999999994 1 95515.899999999994 1 99115.899999999994 1 102716 1 105416 1 136916 1 140516 1 144116 1 146816 1 150416 1 154016 1 157616 1 161216 1 164816 1 167516 1 170856 1 174196 1 177536 1 180876 1 183023 2 184216 1 187557 1 188269 1 188982 1 189290 1 189697 1 190413 1 190696 1 191106 1 191223 1 192037 1 192396 1 192860 1 193352 1 193694 1 194534 1 195380 1 196246 1 196339 1 197135 1 198065 1 198373 1 199082 1 199154 1 199842 1 200296 1 201049 1 201950 1 202159 1 203198 1 203701 1 204202 1 205203 1 206025 1 206548 1 206927 1 207787 1 207897 1 208646 1 208903 1 209742 1 210243 1 210744 1 211766 1 211995 1 212813 1 213878 1 214360 1 214974 1 215542 1 216127 1 216425 1 217345 1 217464 1 218575 1 218850 1 219763 1 220384 1 220914 1 222046 1 222895 1 223273 4
7 0 0  3 137 132  -2475.79 9000 23000  -2471.1399999999999 9000 22666.700000000001  -2460.4699999999998 9000 22000  -2439.8499999999999 9000 20999.900000000001  -2413.5500000000002 9000 19999.900000000001  -2382.5799999999999 9000 18999.799999999999  -2338.52 9000 17999.700000000001  -2285.71 9000 16999.700000000001  -2226.6399999999999 9000 15995.299999999999  -2070.25 9000 14991.700000000001  -1868.8099999999999 9000 14092.799999999999  -1557.6400000000001 9000 13431.6  -1061.2 9000 12701.4  -538.88599999999997 9000 12278  -83.858400000000003 9000 11962.299999999999  437.47300000000001 9000 11640.1  1123.9400000000001 9000 11313.299999999999  2138.75 9000 10917.9  2776.6500000000001 9000 10697.299999999999  3633.8800000000001 9000 10428.700000000001  4360.0799999999999 9000 10218  5225.1700000000001 9000 9986.3500000000004  6224.3400000000001 9000 9731.2800000000007  7530.5799999999999 9000 9416.6000000000004  8668.7099999999991 9000 9161.2900000000009  9735.9500000000007 9000 8928.5699999999997  10802.200000000001 9000 8699.4099999999999  12299.299999999999 9000 8384.2000000000007  13455.6 9000 8146.1899999999996  14522.5 9000 7927.0200000000004  15589.5 9000 7706.5  17100.900000000001 9000 7389.3000000000002  18232.099999999999 9000 7145.4700000000003  19198.599999999999 9000 6933.4099999999999  19732 9000 6815.1700000000001  20734 9000 6587.8599999999997  21797.900000000001 9000 6341.5100000000002  22863.599999999999 9000 6082.04  23543.599999999999 9000 5910.54  24181.5 9000 5746.8599999999997  25249.599999999999 9000 5464.6499999999996  26236.5 9000 5190.7600000000002  27302.599999999999 9000 4887.1599999999999  28369.200000000001 9000 4577.5299999999997  29515.200000000001 9000 4242.4200000000001  30561.799999999999 9000 3936.6500000000001  31095.299999999999 9000 3782.8400000000001  32277.799999999999 9000 3444.5100000000002  33146.900000000001 9000 3200.54  35095 9000 2679.8600000000001  36428.099999999999 9000 2342.75  38182.5 9000 1933.0899999999999  39082.300000000003 9000 1733.75  40777.400000000001 9000 1381.0599999999999  42227.699999999997 9000 1120.75  43761.300000000003 9000 877.65599999999995  44957.800000000003 9000 701.13300000000004  46158.400000000001 9000 547.05999999999995  47643.5 9000 381.23899999999998  49063.5 9000 245.584  51462.400000000001 9000 73.270399999999995  53423.400000000001 9000 8.234  54798.199999999997 9000 0.10000000000000001  55998.199999999997 9000 0.10000000000000001  57924.099999999999 9000 -0.0400118  61050 9000 0.013960200000000001  64350 9000 -0.00418257  67950 9000 0.0011207700000000001  71550 9000 -0.00030050699999999999  75150 9000 8.1259699999999997e-05  78450 9000 -1.5715299999999998e-05  81750 9000 5.3662000000000004e-06  83850 9000 -0  94350 9000 0  104850 9000 0  116550 9000 0  119850 9000 0  123150 9000 0  126450 9000 0  130050 9000 0  133650 9000 0  136878 9000 0  138906 9000 -0  140106 9000 0  141379 9000 11.4278  143328 9000 84.042299999999997  145341 9000 224.31399999999999  146845 9000 362.79000000000002  148289 9000 521.01400000000001  149402 9000 669.99300000000005  150505 9000 843.88199999999995  151731 9000 1058.01  153493 9000 1422.27  155342 9000 1930.78  156803 9000 2455.1599999999999  157917 9000 2964.9000000000001  158793 9000 3459.79  159571 9000 4012.6500000000001  160129 9000 4532.4700000000003  160699 9000 5192.2200000000003  161201 9000 5947.9099999999999  161550 9000 6817.6000000000004  161737 9000 7496.3299999999999  161878 9000 8162.8000000000002  162000 9000 8998.9200000000001  162108 9000 9834.9799999999996  162220 9000 10501.799999999999  162359 9000 11175.1  162562 9000 11843.700000000001  162818 9000 12504.799999999999  163114 9000 13177  163381 9000 13697.799999999999  163749 9000 14363.700000000001  163999 9000 14784.4  164403 9000 15423.799999999999  164695 9000 15860.6  165100 9000 16440.099999999999  165410 9000 16864.900000000001  165707 9000 17259.5  165962 9000 17593.200000000001  166199 9000 17897.900000000001  166472 9000 18243.900000000001  166740 9000 18578.5  167008 9000 18904.200000000001  167420 9000 19395.200000000001  167734 9000 19753.299999999999  168265 9000 20325.400000000001  168598 9000 20659.200000000001  169133 9000 21162  169570 9000 21541.599999999999  170065 9000 21937.700000000001  170599 9000 22336.200000000001  171067 9000 22665.799999999999  171601 9000 23037.900000000001  172083 9000 23366.700000000001  172461 9000 23618.099999999999  172678 9000 23760 
 0 4 1000.13 1 2000.3499999999999 1 3000.6900000000001 1 4001.21 1 5002.1499999999996 1 6003.5200000000004 1 7006.2399999999998 1 8017.5100000000002 1 9050.3299999999999 1 9755.7399999999998 1 10194.799999999999 1 11691.9 1 11725.799999999999 1 11856.4 1 13529.6 1 13994.4 1 15124.4 1 15553.299999999999 1 16689.400000000001 1 17392.5 1 18239.900000000001 1 19783 1 21423.099999999999 1 21739 1 23059.900000000001 1 24695 1 26328.799999999999 1 26601.5 1 27962.5 1 29597.5 1 31234.299999999999 1 31433.900000000001 1 32566 1 32873.599999999999 1 34516.199999999997 1 35842.199999999997 1 36163.800000000003 1 36620.099999999999 1 37817.800000000003 1 39478.099999999999 1 39692.5 1 41143.400000000001 1 42810.199999999997 1 43274.300000000003 1 44414.5 1 44475.800000000003 1 46964.199999999997 1 47122.199999999997 1 50525.300000000003 1 51088.699999999997 1 52527.099999999999 1 53290 1 56282.699999999997 1 56946.199999999997 1 57948 1 59911.099999999999 1 60577 1 62431.099999999999 1 64189.800000000003 1 67791.899999999994 1 68314.199999999997 2 71391.899999999994 1 74091.899999999994 1 77691.899999999994 1 81291.899999999994 1 84891.899999999994 1 88491.899999999994 1 92091.899999999994 1 94791.899999999994 1 98391.899999999994 2 126292 1 129892 1 133492 1 136192 1 139792 1 143392 1 146992 1 150592 1 153076 2 154192 1 156894 1 158927 1 160244 1 161425 1 163286 1 163612 1 164774 1 167018 1 169007 1 170523 1 171671 1 172677 1 173535 1 174531 1 174954 1 176151 1 177231 1 177750 1 178262 1 179274 1 180284 1 180791 1 181302 1 182346 1 182882 1 183428 1 184550 1 184636 1 185709 1 186016 1 186906 1 187284 1 188138 1 188483 1 188765 1 189398 1 189641 1 190088 1 190685 1 190905 1 192013 1 192112 1 193246 1 193426 1 194315 1 194981 1 195330 1 196312 1 196699 1 197283 1 198061 4
7 0 0  3 52 48  20300 0 0  20300 216.946 0  20300 379.65600000000001 0  20300 492.08600000000001 0  20300 662.875 0.18051300000000001  20300 1002.52 13.9992  20300 1494.4400000000001 84.6571  20300 1825.72 189.42500000000001  20300 2120.73 325.214  20300 2370.4400000000001 473.89699999999999  20300 2650.9299999999998 730.40700000000004  20300 2853.5999999999999 989.54600000000005  20300 3088.02 1402.53  20300 3360.5300000000002 2068.3800000000001  20300 3615.8400000000001 3002.2800000000002  20300 3805.5900000000001 3713.3099999999999  20300 4181.8500000000004 4405.0500000000002  20300 4545.2399999999998 4801.0200000000004  20300 5229.8900000000003 5356.8999999999996  20300 5845.2299999999996 5716  20300 6541.6199999999999 5971.2299999999996  20300 7209.9399999999996 6182.1300000000001  20300 8000.8199999999997 6397.2200000000003  20300 8998.2600000000002 6681.2399999999998  20300 9663.7299999999996 6888.7700000000004  20300 10330.9 7121.5699999999997  20300 11024.299999999999 7371.9799999999996  20300 11740.299999999999 7739.4099999999999  20300 12406.6 8125.6999999999998  20300 12942.700000000001 8474.9400000000005  20300 13542.1 8971.1700000000001  20300 14023.4 9460.0200000000004  20300 14421.9 9964.6200000000008  20300 14742.5 10476.1  20300 14930.299999999999 10815.1  20300 15176 11305  20300 15439.4 11977.5  20300 15663.1 12993.4  20300 15816 13997.4  20300 15933.700000000001 14977.1  20300 15983 15645.4  20300 16021.799999999999 16312.200000000001  20300 16050 16999.799999999999  20300 16079.4 17999.799999999999  20300 16094.200000000001 19000  20300 16099.1 20000  20300 16100 20713.599999999999  20300 16100 21093.799999999999  20300 16100 21427.099999999999  20300 16100 22046.900000000001  20300 16100 22666.700000000001  20300 16100 23000 
 0 4 488.12900000000002 2 505.93599999999998 1 1256.6900000000001 1 2015.6199999999999 1 2737.0500000000002 1 2808.2199999999998 1 3477.21 1 4033.5100000000002 1 4509.6300000000001 1 4951.2700000000004 1 6166.8299999999999 1 7731.5900000000001 1 9319.7800000000007 1 9439.0900000000001 1 11273.5 1 11671.200000000001 1 13412.6 1 14439.1 1 15006.299999999999 1 16565.900000000001 1 18126.5 1 19673.5 1 19701.400000000001 1 21306.400000000001 1 22986 1 23312.799999999999 1 24773 1 25858.200000000001 1 26808.099999999999 1 27855.299999999999 1 28744.400000000001 1 29521.599999999999 1 29598.400000000001 1 31210.900000000001 1 32751.900000000001 1 34270.5 1 35780.900000000001 1 37190.800000000003 1 37285.099999999999 1 38786.599999999999 1 40287.199999999997 1 41787.400000000001 1 43287.400000000001 1 44787.400000000001 1 44998.400000000001 2 46287.400000000001 1 47787.400000000001 4
7 0 0  3 52 48  21900 0 0  21900 166.667 0  21900 378.322 0  21900 589.97699999999998 -0  21900 756.67899999999997 0  21900 1045.77 6.9808199999999996  21900 1504.8099999999999 43.853999999999999  21900 1911.0899999999999 131.43899999999999  21900 2294.8200000000002 278.916  21900 2612.3800000000001 464.35500000000002  21900 2862.0300000000002 687.82399999999996  21900 3013.7600000000002 862.495  21900 3300.8899999999999 1253.8  21900 3656.8800000000001 1945.4000000000001  21900 3889.8499999999999 2642.5300000000002  21900 4158.9799999999996 3328.7399999999998  21900 4446.0900000000001 3884.8099999999999  21900 5049.5900000000001 4527.0900000000001  21900 5538.9399999999996 4915.4799999999996  21900 6202.1999999999998 5331.8800000000001  21900 6980.8000000000002 5669.4099999999999  21900 7670.4499999999998 5888.96  21900 8338.6000000000004 6103.5100000000002  21900 9007.3799999999992 6315.1499999999996  21900 9975.6499999999996 6630.8299999999999  21900 10637.200000000001 6888.71  21900 11310 7171.8599999999997  21900 11938.299999999999 7484.1000000000004  21900 12591.9 7890.4200000000001  21900 13253.200000000001 8357.2199999999993  21900 13671.9 8722.8500000000004  21900 14240.5 9333.4599999999991  21900 14614.4 9825.9500000000007  21900 14902.799999999999 10336.5  21900 15081.5 10669.9  21900 15322.700000000001 11153.6  21900 15620.9 11979.9  21900 15812.4 12995  21900 15926.700000000001 13856.4  21900 15998.200000000001 14523.9  21900 16048.200000000001 15190.5  21900 16080.200000000001 15999.700000000001  21900 16097.1 16862.900000000001  21900 16100 17392.599999999999  21900 16100 17726  21900 16100 18196.299999999999  21900 16100 19000  21900 16100 20000  21900 16100 21000  21900 16100 22000  21900 16100 22666.700000000001  21900 16100 23000 
 0 4 500 1 634.96600000000001 2 1000.1 1 1502.1900000000001 1 2015.22 1 2239.27 1 2733.98 1 3108.02 1 3238.98 1 3427.5999999999999 1 4562.8699999999999 1 5549.96 1 5632.6199999999999 1 6774.7700000000004 1 7393.3800000000001 1 8265.25 1 8641 1 9740.8899999999994 1 10796.299999999999 1 10813.4 1 11846.1 1 12900.9 1 13868 1 13975 1 15090.9 1 15967.5 1 16280.9 1 17519.700000000001 1 17623 1 18784.200000000001 1 19361 1 19381.400000000001 1 19919.099999999999 1 20981.700000000001 1 22002.799999999999 1 23012 1 23588.799999999999 1 24016.400000000001 1 25017.299999999999 1 26017.5 1 26606.5 2 27017.5 1 28017.5 1 29017.5 1 30017.5 1 31017.5 1 32017.5 4
7 0 0  3 52 48  23500 0 0  23500 166.667 0  23500 440.27199999999999 0  23500 713.87800000000004 -0  23500 880.54700000000003 0  23500 1107.1600000000001 2.2299099999999998  23500 1501.8699999999999 19.700600000000001  23500 1996.99 82.611900000000006  23500 2472.0300000000002 234.87899999999999  23500 2799.52 424.37200000000001  23500 3024.1300000000001 607.04200000000003  23500 3191.9099999999999 770.39800000000002  23500 3563.23 1214.4200000000001  23500 3822.0599999999999 1652.46  23500 4163.7399999999998 2335.8400000000001  23500 4424.3900000000003 2948.77  23500 4884.9799999999996 3602.0300000000002  23500 5393.1800000000003 4133.8900000000003  23500 5953.4200000000001 4580.04  23500 6553.2399999999998 4933.2299999999996  23500 7218.0699999999997 5265.3400000000001  23500 7995.0299999999997 5558.29  23500 8739.5400000000009 5829.1000000000004  23500 9407.7000000000007 6066.0500000000002  23500 10081.6 6303.29  23500 10896.200000000001 6638.0500000000002  23500 11561.799999999999 6942.1800000000003  23500 12239 7304.0200000000004  23500 12763 7640.1400000000003  23500 13431.700000000001 8150.5799999999999  23500 13859.1 8540.7099999999991  23500 14444.9 9201.9799999999996  23500 14768.700000000001 9677.7700000000004  23500 15056.799999999999 10195.4  23500 15225.5 10525.4  23500 15506.799999999999 11149.5  23500 15768.299999999999 11984.1  23500 15912.799999999999 12879.5  23500 15991.700000000001 13548.6  23500 16053.9 14214.9  23500 16090.200000000001 14999.5  23500 16099.9 15676.200000000001  23500 16100 16019.1  23500 16100 16352.4  23500 16100 17009.5  23500 16100 18000  23500 16100 19000  23500 16100 20000  23500 16100 21000  23500 16100 22000  23500 16100 22666.700000000001  23500 16100 23000 
 0 4 500 1 820.81700000000001 2 1000.01 1 1500.6199999999999 1 2005.8399999999999 1 2492.48 1 2987.5100000000002 1 3129.4299999999998 1 3360.5500000000002 1 3688.6799999999998 1 4863.71 1 4873.0500000000002 1 5980.8199999999997 1 6855.6999999999998 1 7251.1499999999996 1 8185.9499999999998 1 8991.8999999999996 1 9335.7399999999998 1 10414.5 1 11478.5 1 11713.6 1 12541.299999999999 1 13621.5 1 14354.700000000001 1 14735.200000000001 1 15924.6 1 16215.9 1 17259.200000000001 1 17652.400000000001 1 18865.799999999999 1 18973.099999999999 1 19429.799999999999 1 19977.099999999999 1 21025.700000000001 1 22041.200000000001 1 22693.599999999999 1 23047.200000000001 1 24048.5 1 25048.700000000001 1 25077.299999999999 2 26048.700000000001 1 27048.700000000001 1 28048.700000000001 1 29048.700000000001 1 30048.700000000001 1 31048.700000000001 1 32048.700000000001 4
7 0 0  3 52 48  25100 0 0  25100 166.667 0  25100 500 0  25100 851.28300000000002 0  25100 1035.9000000000001 -0  25100 1202.5999999999999 0  25100 1518.6800000000001 5.8370800000000003  25100 2080.3600000000001 44.015300000000003  25100 2594.9400000000001 176.202  25100 2956.9499999999998 373.08300000000003  25100 3194.7600000000002 539.51300000000003  25100 3415.3400000000001 736.91700000000003  25100 3705.9699999999998 1053.3599999999999  25100 4025.1300000000001 1467.51  25100 4448.3000000000002 2143.8400000000001  25100 4765.6400000000003 2677.4499999999998  25100 5296.3400000000001 3354.1799999999998  25100 5646.8500000000004 3701.5799999999999  25100 6327.2700000000004 4220.5299999999997  25100 6917.3500000000004 4581.6099999999997  25100 7589.3900000000003 4914.8500000000004  25100 8259.5100000000002 5205.54  25100 8996.9799999999996 5504.3100000000004  25100 9754.0400000000009 5795.2799999999997  25100 10421.6 6066.0200000000004  25100 11096.200000000001 6355.9300000000003  25100 11784.700000000001 6688.4300000000003  25100 12448.799999999999 7074.6999999999998  25100 13017.1 7450.6499999999996  25100 13572.299999999999 7909.1999999999998  25100 14095.9 8422.6100000000006  25100 14558.799999999999 8975.9799999999996  25100 14931.6 9547.0900000000001  25100 15204.6 10054.1  25100 15408.1 10492.9  25100 15663.5 11153.299999999999  25100 15876.299999999999 11948.200000000001  25100 15972.4 12624.4  25100 16045.5 13291.4  25100 16091.200000000001 13969  25100 16100 14606.6  25100 16100 14939.9  25100 16100 15303.299999999999  25100 16100 16000  25100 16100 17000  25100 16100 18000  25100 16100 19000  25100 16100 20000  25100 16100 21000  25100 16100 22000  25100 16100 22666.700000000001  25100 16100 23000 
 0 4 500 1 1000 1 1053.8499999999999 2 1500.0899999999999 1 2001.8599999999999 1 2742.4400000000001 1 3068.6500000000001 1 3233.1700000000001 1 3612.5500000000002 1 3953.4499999999998 1 4521.4700000000003 1 5177.6599999999999 1 6347.0799999999999 1 6377.2600000000002 1 7757.6999999999998 1 7805.79 1 8944.6399999999994 1 9823.6800000000003 1 10055.299999999999 1 11135.799999999999 1 12210.4 1 12488.4 1 13296.9 1 14413.299999999999 1 14778.799999999999 1 15601.1 1 16454.5 1 16934.299999999999 1 17800 1 18612.700000000001 1 18975.5 1 19526.900000000001 1 20062.599999999999 1 21098.400000000001 1 21986.299999999999 1 22109.200000000001 1 23111.700000000001 1 24021.700000000001 2 24111.799999999999 1 25111.799999999999 1 26111.799999999999 1 27111.799999999999 1 28111.799999999999 1 29111.799999999999 1 30111.799999999999 1 31111.799999999999 1 32111.799999999999 4
7 0 0  3 52 48  26700 0 0  26700 166.667 0  26700 500 0  26700 943.21699999999998 0  26700 1219.77 -0  26700 1386.4300000000001 0  26700 1610.1099999999999 1.65046  26700 2160.0799999999999 15.8851  26700 2675.5999999999999 115.06  26700 3117.8000000000002 326.54500000000002  26700 3367.6100000000001 484.85500000000002  26700 3675.25 737.70699999999999  26700 3877.0300000000002 934.63699999999994  26700 4253.3900000000003 1334.71  26700 4585.3199999999997 1792.1800000000001  26700 5105.9200000000001 2452.0300000000002  26700 5515.1000000000004 2913.0999999999999  26700 6137.2600000000002 3491.1999999999998  26700 6612.75 3833.8600000000001  26700 7289.6800000000003 4236.3199999999997  26700 7939.4099999999999 4587.8199999999997  26700 8619.5499999999993 4892.5  26700 9287.5 5184.4399999999996  26700 10002.700000000001 5486.21  26700 10718.700000000001 5798.1999999999998  26700 11387.200000000001 6114.2600000000002  26700 12028.5 6446.2700000000004  26700 12638.799999999999 6826.0299999999997  26700 13320.5 7315.3199999999997  26700 13706.299999999999 7653.9300000000003  26700 14316.4 8295.0100000000002  26700 14660.4 8732.3799999999992  26700 15086.299999999999 9415.2700000000004  26700 15344.1 9914.3999999999996  26700 15580.4 10493.5  26700 15798 11156  26700 15925.700000000001 11752.299999999999  26700 16023.200000000001 12422  26700 16089.1 13088.299999999999  26700 16099.9 13675.799999999999  26700 16100 14018.5  26700 16100 14351.9  26700 16100 15009.299999999999  26700 16100 16000  26700 16100 17000  26700 16100 18000  26700 16100 19000  26700 16100 20000  26700 16100 21000  26700 16100 22000  26700 16100 22666.700000000001  26700 16100 23000 
 0 4 500 1 1000 1 1329.6500000000001 2 1500 1 2000.4100000000001 1 2984.6799999999998 1 3032 1 3470.7199999999998 1 3866.6799999999998 1 4225.3999999999996 1 4315.6599999999999 1 5514.3400000000001 1 5915.0799999999999 1 6838.0699999999997 1 7359.3500000000004 1 8461.3700000000008 1 8586.0499999999993 1 9722.1599999999999 1 10674.5 1 10821.1 1 11909.1 1 13003.200000000001 1 13163.5 1 14127.6 1 15168.299999999999 1 15315.5 1 16645.400000000001 1 16697 1 17970.700000000001 1 18302.700000000001 1 19111.5 1 19651.599999999999 1 20177.799999999999 1 21201.799999999999 1 21475.200000000001 1 22208.200000000001 1 23208.599999999999 1 23236.400000000001 2 24208.599999999999 1 25208.599999999999 1 26208.599999999999 1 27208.599999999999 1 28208.599999999999 1 29208.599999999999 1 30208.599999999999 1 31208.599999999999 1 32208.599999999999 4
7 0 0  3 52 48  28300 0 0  28300 166.667 0  28300 500 0  28300 1000 0  28300 1377.97 0  28300 1589.28 -0  28300 1755.96 0  28300 2214.3200000000002 4.7156900000000004  28300 2754.96 61.117800000000003  28300 3286.79 284.488  28300 3612.4699999999998 477.113  28300 3868.9699999999998 671.42399999999998  28300 4072.27 840.62900000000002  28300 4435.75 1166.1199999999999  28300 4819.2299999999996 1593.28  28300 5393.3100000000004 2190.9200000000001  28300 5813.4499999999998 2605.6799999999998  28300 6410.4200000000001 3115.4200000000001  28300 7006.0900000000001 3547.8800000000001  28300 7600.4799999999996 3882.9400000000001  28300 8265.4599999999991 4244.8299999999999  28300 8951.7800000000007 4580.3500000000004  28300 9625.3500000000004 4884.6400000000003  28300 10293 5191.8999999999996  28300 10977.299999999999 5502.46  28300 11638 5850.8299999999999  28300 12309.299999999999 6239.3400000000001  28300 12812.700000000001 6558.1800000000003  28300 13475 7077.0200000000004  28300 13936.700000000001 7505.8800000000001  28300 14494 8126.9200000000001  28300 14839.9 8610.7199999999993  28300 15232.9 9280.1100000000006  28300 15489.6 9815.8199999999997  28300 15730.5 10494  28300 15888.9 11082.299999999999  28300 15978.1 11586.1  28300 16063.200000000001 12252.9  28300 16096.799999999999 12769  28300 16100 13206.200000000001  28300 16100 13539.5  28300 16100 14103.1  28300 16100 15000  28300 16100 16000  28300 16100 17000  28300 16100 18000  28300 16100 19000  28300 16100 20000  28300 16100 21000  28300 16100 22000  28300 16100 22666.700000000001  28300 16100 23000 
 0 4 500 1 1000 1 1500 1 1633.9200000000001 2 2000.04 1 3013.1399999999999 1 3226.6700000000001 1 3727.1700000000001 1 4143.1800000000003 1 4190.9799999999996 1 4520.6599999999999 1 5605.75 1 5910.1199999999999 1 7007.2399999999998 1 7374.3800000000001 1 8264.6599999999999 1 9209.7900000000009 1 9419.1399999999994 1 10536 1 11500.1 1 11636.700000000001 1 12740.799999999999 1 13754.299999999999 1 13875.200000000001 1 15067.9 1 15537 1 16398.200000000001 1 16953.700000000001 1 18039.099999999999 1 18173.299999999999 1 19282.799999999999 1 19813 1 20331 1 21108.5 1 21345.5 1 22347.799999999999 1 22657.099999999999 2 23347.799999999999 1 24347.799999999999 1 25347.799999999999 1 26347.799999999999 1 27347.799999999999 1 28347.799999999999 1 29347.799999999999 1 30347.799999999999 1 31347.799999999999 1 32347.799999999999 4
7 0 0  3 52 48  29900 0 0  29900 166.667 0  29900 500 0  29900 1000 0  29900 1486.0699999999999 0  29900 1805.47 -0  29900 1972.1400000000001 0  29900 2320.6999999999998 0.68165799999999999  29900 2836.8800000000001 17.685300000000002  29900 3469.5100000000002 241.727  29900 3791.48 426.73000000000002  29900 4058.21 600.85000000000002  29900 4288.1599999999999 764.05999999999995  29900 4622.96 1026.6900000000001  29900 5110.1300000000001 1449.7  29900 5578.2600000000002 1861.0699999999999  29900 6233.7299999999996 2421.8600000000001  29900 6653.4700000000003 2759.79  29900 7324.2299999999996 3217.1199999999999  29900 7903.1199999999999 3557.6599999999999  29900 8577.3099999999995 3917.7800000000002  29900 9244.7900000000009 4253.6499999999996  29900 9929.5300000000007 4580.3800000000001  29900 10597.6 4903.8100000000004  29900 11268.799999999999 5244.0900000000001  29900 11858.799999999999 5566.4899999999998  29900 12519.700000000001 5984.2799999999997  29900 13132 6412.04  29900 13617.299999999999 6823.6099999999997  29900 14175.700000000001 7382.2200000000003  29900 14591 7873.0799999999999  29900 15006.4 8483  29900 15372.4 9142.1000000000004  29900 15654.700000000001 9818.2000000000007  29900 15854.5 10495.200000000001  29900 15945.4 10921.6  29900 16025.6 11421.5  29900 16084.9 11989.6  29900 16100 12468.9  29900 16100 12802.4  29900 16100 13234.5  29900 16100 14000  29900 16100 15000  29900 16100 16000  29900 16100 17000  29900 16100 18000  29900 16100 19000  29900 16100 20000  29900 16100 21000  29900 16100 22000  29900 16100 22666.700000000001  29900 16100 23000 
 0 4 500 1 1000 1 1500 1 1958.21 2 2000 1 3004.2399999999998 1 3482.3800000000001 1 3998.5799999999999 1 4114.4300000000003 1 4438.0799999999999 1 4844.0799999999999 1 5390.4700000000003 1 6373.3199999999997 1 6713.5799999999999 1 7978.8100000000004 1 7985.8100000000004 1 9149.0699999999997 1 9990.2099999999991 1 10279.1 1 11390.6 1 12266.299999999999 1 12505.6 1 13648.299999999999 1 14281.4 1 14850.200000000001 1 15888.5 1 16184.1 1 17219.599999999999 1 17811 1 18395.400000000001 1 19478.900000000001 1 20000.099999999999 1 20511.5 1 20785.400000000001 1 21519 1 22223 2 22519.400000000001 1 23519.400000000001 1 24519.400000000001 1 25519.400000000001 1 26519.400000000001 1 27519.400000000001 1 28519.400000000001 1 29519.400000000001 1 30519.400000000001 1 31519.400000000001 1 32519.400000000001 4
7 0 0  3 52 48  31500 0 0  31500 166.667 0  31500 500 0  31500 1000 0  31500 1500 0  31500 1932.1700000000001 0  31500 2197.6700000000001 -0  31500 2531.3800000000001 0  31500 3017.7800000000002 8.0341299999999993  31500 3586.96 185.13399999999999  31500 3977.98 369.81099999999998  31500 4275.29 536.37099999999998  31500 4597.4899999999998 743.43700000000001  31500 4858.5200000000004 922.35299999999995  31500 5328.3100000000004 1252.52  31500 5775.7299999999996 1592.6700000000001  31500 6441.4300000000003 2084.8299999999999  31500 7020.1000000000004 2523.25  31500 7588.1099999999997 2885.27  31500 8256.5 3273.9899999999998  31500 8878.9599999999991 3609.1599999999999  31500 9551.5200000000004 3947.5  31500 10219.299999999999 4283.9399999999996  31500 10865.5 4605.3199999999997  31500 11530.1 4970.1000000000004  31500 12206.9 5372.9399999999996  31500 12707.4 5711.5100000000002  31500 13380.9 6230.3100000000004  31500 13773.9 6582.3000000000002  31500 14394.5 7250.0799999999999  31500 14729.1 7680  31500 15159 8354.9200000000001  31500 15504 9004.9099999999999  31500 15793.9 9820.6700000000001  31500 15938.5 10429.200000000001  31500 15996.700000000001 10764.4  31500 16065.6 11262.6  31500 16096.299999999999 11723.4  31500 16100 12115.1  31500 16100 12448.4  31500 16100 13057.5  31500 16100 14000  31500 16100 15000  31500 16100 16000  31500 16100 17000  31500 16100 18000  31500 16100 19000  31500 16100 20000  31500 16100 21000  31500 16100 22000  31500 16100 22666.700000000001  31500 16100 23000 
 0 4 500 1 1000 1 1500 1 2000 1 2296.5 2 3001.1500000000001 1 3745.2399999999998 1 4061.5 1 4298.4499999999998 1 4766.9399999999996 1 5209.9200000000001 1 5247.8299999999999 1 6489.5500000000002 1 6895.4499999999998 1 7731.6400000000003 1 8666.7299999999996 1 8913.5200000000004 1 10051.299999999999 1 10786.700000000001 1 11172.200000000001 1 12294.5 1 12951.6 1 13445.799999999999 1 14657.4 1 14760.4 1 15996.5 1 16232.299999999999 1 17495.599999999999 1 17621.200000000001 1 18633.200000000001 1 19694.700000000001 1 20208.5 1 20508.099999999999 1 20715 1 21717.400000000001 1 21890 2 22717.400000000001 1 23717.400000000001 1 24717.400000000001 1 25717.400000000001 1 26717.400000000001 1 27717.400000000001 1 28717.400000000001 1 29717.400000000001 1 30717.400000000001 1 31717.400000000001 1 32717.400000000001 4
7 0 0  3 52 48  34050 0 0  34050 166.667 0  34050 500 0  34050 1000 0  34050 1500 0  34050 2117.9899999999998 0  34050 2569.3099999999999 -0  34050 2902.6399999999999 0  34050 3290.8899999999999 1.0727899999999999  34050 3735.5300000000002 105.069  34050 4319.9799999999996 298.005  34050 4656.4700000000003 437.07900000000001  34050 5007.0600000000004 622.11599999999999  34050 5321.0500000000002 787.84000000000003  34050 5657.8100000000004 965.64300000000003  34050 6240.6999999999998 1312.3499999999999  34050 6783.0100000000002 1647.5699999999999  34050 7445.1000000000004 2065.9899999999998  34050 8102.7700000000004 2472.9499999999998  34050 8688.6200000000008 2794.23  34050 9357.7900000000009 3148.8200000000002  34050 10022.1 3491.1500000000001  34050 10664.4 3824.71  34050 11334.6 4190.1999999999998  34050 11882.9 4507.1400000000003  34050 12541.200000000001 4953.5799999999999  34050 13150.799999999999 5410.0500000000002  34050 13617.799999999999 5816.1700000000001  34050 14175.5 6381.9499999999998  34050 14585.700000000001 6875.9799999999996  34050 15004.6 7485.1300000000001  34050 15383.200000000001 8141.4799999999996  34050 15740.6 8974.0100000000002  34050 15930 9695.7299999999996  34050 16016.6 10201.200000000001  34050 16060.799999999999 10533.9  34050 16093.299999999999 10969.200000000001  34050 16100 11272.799999999999  34050 16100 11606.200000000001  34050 16100 12136.4  34050 16100 13000  34050 16100 14000  34050 16100 15000  34050 16100 16000  34050 16100 17000  34050 16100 18000  34050 16100 19000  34050 16100 20000  34050 16100 21000  34050 16100 22000  34050 16100 22666.700000000001  34050 16100 23000 
 0 4 500 1 1000 1 1500 1 2000 1 2853.96 2 3000.0100000000002 1 4018.1900000000001 1 4198.8400000000001 1 4848.1599999999999 1 5106.1700000000001 1 5388.1099999999997 1 5913.3299999999999 1 6248.2399999999998 1 7422.4499999999998 1 7825.9300000000003 1 8597.9400000000005 1 9742.2299999999996 1 9829.3799999999992 1 10869.9 1 11984.299999999999 1 12000.4 1 13159.9 1 13882.200000000001 1 14385.200000000001 1 15444.4 1 15734.200000000001 1 16768.200000000001 1 17364.900000000001 1 17950.599999999999 1 19038.900000000001 1 20072.200000000001 1 20179.5 1 20577.299999999999 1 21078.700000000001 1 21488.099999999999 2 22078.799999999999 1 23078.799999999999 1 24078.799999999999 1 25078.799999999999 1 26078.799999999999 1 27078.799999999999 1 28078.799999999999 1 29078.799999999999 1 30078.799999999999 1 31078.799999999999 1 32078.799999999999 1 33078.800000000003 4
7 0 0  3 155 149  -3700 2000 23000  -3700 2000 22666.700000000001  -3700 2000 22000  -3700 2000 21000  -3700 2000 20000  -3700 2000 19000  -3700 2000 18000  -3700 2000 17000  -3700 2000 16000  -3700 2000 15000  -3700 2000 14000  -3700 2000 13000  -3700 2000 12000  -3700 2000 11234.5  -3700 2000 10802.4  -3700 2000 10703.5  -3466.71 2000 10657.9  -3117.3400000000001 2000 10590  -2383.9699999999998 2000 10448.200000000001  -1404.6099999999999 2000 10259  -520.50300000000004 2000 10089.200000000001  479.39499999999998 2000 9894.7600000000002  1500.5899999999999 2000 9696.9500000000007  3001.21 2000 9399.5100000000002  4134.2700000000004 2000 9166.7199999999993  5133.1199999999999 2000 8948.8799999999992  6135.3900000000003 2000 8734.9899999999998  7232.9499999999998 2000 8477.0699999999997  8248.9799999999996 2000 8240.3500000000004  8777.0599999999995 2000 8075.7600000000002  9619.0100000000002 2000 7827.25  10494.6 2000 7547.2299999999996  11548.700000000001 2000 7035.8400000000001  12335.299999999999 2000 6572.2700000000004  12854.4 2000 6176.9399999999996  13350.200000000001 2000 5662.9200000000001  13790.5 2000 5049.6999999999998  13912.9 2000 4055.6799999999998  13516.299999999999 2000 3416.9699999999998  13063.4 2000 2871.5799999999999  12878.200000000001 2000 1880.3900000000001  13614.6 2000 1534.22  14293.700000000001 2000 1221.3699999999999  14835.1 2000 1058.8900000000001  15597.5 2000 871.17700000000002  16269.9 2000 734.76400000000001  17071.700000000001 2000 607.43600000000004  17899.599999999999 2000 497.50200000000001  18866 2000 389.13299999999998  19666.099999999999 2000 317.30500000000001  20291.799999999999 2000 270.27800000000002  20925 2000 224.614  21988 2000 160.542  23513.700000000001 2000 95.186400000000006  25047.5 2000 48.2301  26894.799999999999 2000 18.604900000000001  27572.799999999999 2000 4.5055899999999998  30974.599999999999 2000 -0.52405000000000002  29847.799999999999 2000 0.10000000000000001  30407.200000000001 2000 0.10000000000000001  31803.599999999999 2000 -0.0729688  34300 2000 0.030695199999999999  37150 2000 -0.0072108700000000003  40350 2000 0.00243793  43650 2000 -0.00073042099999999998  47250 2000 0.000195725  50850 2000 -5.24776e-05  54450 2000 1.41857e-05  57750 2000 -2.72757e-06  61050 2000 8.8515100000000004e-07  64350 2000 -2.6519800000000002e-07  67950 2000 7.10629e-08  71550 2000 -1.9053799999999999e-08  75150 2000 5.1523000000000001e-09  78450 2000 -9.9643600000000009e-10  91050 2000 4.1072600000000001e-09  103650 2000 -3.57529e-09  116550 2000 0  119850 2000 0  123150 2000 0  126450 2000 0  130050 2000 0  133650 2000 0  137250 2000 0  140550 2000 0  143763 2000 0  146890 2000 0  150230 2000 0  153570 2000 0  155972 2000 0  157260 2000 -0  158373 2000 0  160427 2000 16.9908  162561 2000 119.18300000000001  163907 2000 257.62099999999998  164381 2000 311.06999999999999  164992 2000 394.209  165464 2000 467.65300000000002  165938 2000 545.18499999999995  166288 2000 605.81500000000005  166717 2000 688.89400000000001  166983 2000 743.94500000000005  167425 2000 840.63400000000001  167770 2000 925.34900000000005  168304 2000 1070.1600000000001  168841 2000 1231.8900000000001  169634 2000 1511.1700000000001  170307 2000 1764.0699999999999  170836 2000 1995.3499999999999  171375 2000 2245.54  171988 2000 2561.1599999999999  172512 2000 2898.5700000000002  172926 2000 3201.9899999999998  173260 2000 3474.46  173571 2000 3771.3200000000002  173980 2000 4212.5  174267 2000 4607.6300000000001  174665 2000 5278.8000000000002  174967 2000 5906.04  175188 2000 6591.0900000000001  175296 2000 7095.6599999999999  175352 2000 7497.8900000000003  175371 2000 8122.1499999999996  175308 2000 8631.7800000000007  175074 2000 9326.2900000000009  174709 2000 9717.0200000000004  174124 2000 10120.700000000001  173817 2000 10305.299999999999  173368 2000 10618.299999999999  173055 2000 10876.9  172755 2000 11402.6  172660 2000 11927  172667 2000 12501.799999999999  172730 2000 12978.799999999999  172837 2000 13479.4  173028 2000 14150.4  173303 2000 14915.299999999999  173566 2000 15578.1  173852 2000 16248.200000000001  174112 2000 16807  174377 2000 17298.5  174568 2000 17634  174878 2000 18139.299999999999  175246 2000 18628.5  175667 2000 19154.599999999999  175975 2000 19532.5  176410 2000 20079.799999999999  176758 2000 20542.5  177184 2000 21185.099999999999  177462 2000 21635.900000000001  177856 2000 22302.900000000001  178200 2000 22914.400000000001  178575 2000 23618.700000000001  178768 2000 23986.599999999999  178827 2000 24100 
 0 4 1000 1 2000 1 3000 1 4000 1 5000 1 6000 1 7000 1 8000 1 9000 1 10000 1 11000 1 12000 1 12296.5 3 13009.6 1 13364.200000000001 1 14537.299999999999 1 16002 1 16065 1 17593.200000000001 1 19122.5 1 20654.5 1 21063.200000000001 1 22189.5 1 23728.799999999999 1 24446 1 25318.099999999999 1 25387.200000000001 1 27079.700000000001 1 28067 1 28894.900000000001 1 29818.5 1 30009.400000000001 1 31037.900000000001 1 32041 1 32787 1 33204.900000000001 1 34210.5 1 35211.800000000003 1 35266.800000000003 1 36461.099999999999 1 36891.300000000003 1 37624.699999999997 1 38517.800000000003 1 39326.5 1 40129.900000000001 1 41435.199999999997 1 41736.099999999999 1 42012.400000000001 1 43339.199999999997 1 44940.800000000003 1 46541.5 1 48141.800000000003 1 49741.900000000001 1 51341.900000000001 1 51381 2 53020.199999999997 1 55570.199999999997 1 58870.199999999997 1 61570.199999999997 1 65170.199999999997 1 68770.199999999997 1 72370.199999999997 1 75970.199999999997 1 79570.199999999997 1 82270.199999999997 1 85870.199999999997 1 89470.199999999997 1 93070.199999999997 1 96670.199999999997 1 100270 1 102970 1 134470 1 138070 1 141670 1 144370 1 147970 1 151570 1 155170 1 158770 1 162370 1 165070 1 168410 1 171750 1 175090 1 178430 1 178955 2 181770 1 185116 1 185358 1 185830 1 186547 1 187206 1 187265 1 187986 1 188271 1 188577 1 188803 1 189627 1 189643 1 190462 1 191309 1 192166 1 192616 1 193043 1 193947 1 194683 1 194908 1 195487 1 195975 1 196197 1 197293 1 197429 1 198538 1 199371 1 199581 1 200086 1 200586 1 201454 1 201604 1 202782 1 202943 1 203741 1 203852 1 204587 1 204929 1 205650 1 206150 1 206654 1 207090 1 207685 1 208745 1 209527 1 209824 1 210930 1 211374 1 211500 1 212087 1 213152 1 213333 1 214108 1 214614 1 215430 1 215844 1 216926 1 217020 1 218168 1 219030 1 219414 4
7 0 0  3 52 48  37350 0 0  37350 166.667 0  37350 500 0  37350 1000 0  37350 1500 0  37350 2166.6700000000001 0  37350 2864.6599999999999 0  37350 3395.9899999999998 -0  37350 3729.6599999999999 0  37350 4202.4300000000003 40.220599999999997  37350 4671.0600000000004 147.351  37350 5232.3299999999999 328.81  37350 5571.9799999999996 445.79700000000003  37350 6003.8900000000003 619.22900000000004  37350 6384.9799999999996 783.46600000000001  37350 6717.1999999999998 938.78300000000002  37350 7284.75 1215.47  37350 7923.2600000000002 1550.8299999999999  37350 8586.6900000000005 1907.24  37350 9251.9400000000005 2262.9299999999998  37350 9886.8999999999996 2592.96  37350 10555.200000000001 2942.3400000000001  37350 11227.5 3307.2800000000002  37350 11790.200000000001 3636.3099999999999  37350 12455.299999999999 4074.9200000000001  37350 12995.9 4473.46  37350 13548.9 4944.8900000000003  37350 14056.9 5449.0500000000002  37350 14536.9 6004.04  37350 14922.6 6547.9200000000001  37350 15315 7210.2299999999996  37350 15676.6 7969.8100000000004  37350 15901.6 8750.5499999999993  37350 16029.799999999999 9422.2099999999991  37350 16089.1 9913.9200000000001  37350 16100 10314.6  37350 16100 10481.4  37350 16100 10657.4  37350 16100 11166.700000000001  37350 16100 12000  37350 16100 13000  37350 16100 14000  37350 16100 15000  37350 16100 16000  37350 16100 17000  37350 16100 18000  37350 16100 19000  37350 16100 20000  37350 16100 21000  37350 16100 22000  37350 16100 22666.700000000001  37350 16100 23000 
 0 4 500 1 1000 1 1500 1 2000 1 3000 1 3593.98 2 4001 1 5014.0600000000004 1 5026.1000000000004 1 5770.6499999999996 1 6090.9700000000003 1 6422.2299999999996 1 7015.46 1 7190.9399999999996 1 8316.4400000000005 1 9178.6200000000008 1 9450.3799999999992 1 10579.5 1 11325.4 1 11712.5 1 12874.6 1 13279.200000000001 1 14102.5 1 14887.6 1 15456.9 1 16248.200000000001 1 17086 1 17452.799999999999 1 18557.400000000001 1 19598.799999999999 1 19879.400000000001 1 20608.900000000001 1 21081.200000000001 2 21109.099999999999 1 21609.099999999999 1 22609.099999999999 1 23609.099999999999 1 24609.099999999999 1 25609.099999999999 1 26609.099999999999 1 27609.099999999999 1 28609.099999999999 1 29609.099999999999 1 30609.099999999999 1 31609.099999999999 1 32609.099999999999 1 33609.099999999999 4
7 0 0  3 104 98  169509 0 250  169495 38.127600000000001 250  169430 149.19200000000001 250  169175 278.28399999999999 250  168881 399.25999999999999 250  168478 531.20399999999995 250  167945 696.31500000000005 250  167399 860.89599999999996 250  166958 993.01700000000005 250  166692 1073.0899999999999 250  166286 1195.49 250  165822 1339.05 250  165349 1489.3900000000001 250  164875 1643.02 250  164379 1808.74 250  163906 1973.01 250  162803 2362.02 250  161609 2780.9899999999998 250  159799 3418.6999999999998 250  158434 3894.3000000000002 250  156899 4465.96 250  155374 5117.3100000000004 250  154194 5642.1300000000001 250  152598 6318.4700000000003 250  151482 6758.4499999999998 250  149773 7416.4499999999998 250  148451 7917.25 250  146901 8503.7999999999993 250  145343 9090.7000000000007 250  143971 9590.0799999999999 250  142393 10130.4 250  141103 10563.6 250  139261 11127.1 250  137685 11584.200000000001 250  135677 12120.1 250  133901 12559.9 250  131877 13015 250  129483 13506.9 250  127629 13818 250  126376 13999.799999999999 250  125179 14172.299999999999 250  123107 14424.1 250  119854 14706 250  116552 14879.6 250  113405 14981 250  111396 15000 250  110196 15000 250  109741 14997.6 250  109350 14993.700000000001 250  101250 14993.700000000001 250  93150 14993.700000000001 250  85050 14993.700000000001 250  83850.300000000003 14996.9 250  81749.800000000003 15003.1 250  78448.699999999997 14963.6 250  75145.600000000006 14819.5 250  71543.800000000003 14520 250  68992.800000000003 14228.700000000001 250  66594.5 13863.299999999999 250  64660.099999999999 13531.1 250  62415.599999999999 13064.299999999999 250  60370.5 12585.1 250  59003.900000000001 12218.200000000001 250  57030.599999999999 11668.4 250  55772 11298.200000000001 250  53704.800000000003 10640.4 250  52373.900000000001 10193.700000000001 250  50594.5 9552.3799999999992 250  49065.300000000003 8988.2900000000009 250  47573.099999999999 8440.3600000000006 250  45758.5 7775.6000000000004 250  44552.099999999999 7321.1700000000001 250  42638.900000000001 6664.5299999999997 250  41440.900000000001 6257.1000000000004 250  39366.699999999997 5586.1899999999996 250  38267.900000000001 5250.0600000000004 250  36273.599999999999 4681.8599999999997 250  34866.5 4322.6599999999999 250  32904.599999999999 3949.7399999999998 250  31520.099999999999 3715.8600000000001 250  29900.599999999999 3450.6700000000001 250  28396.400000000001 3208.79 250  27328.700000000001 3051.1900000000001 250  26261.700000000001 2891.9400000000001 250  25099.5 2714.5 250  23499.799999999999 2462.9899999999998 250  21991.900000000001 2223.46 250  20925.299999999999 2054.6799999999998 250  20291.900000000001 1955.5899999999999 250  19666.799999999999 1858.3199999999999 250  18659.5 1703.28 250  17692.599999999999 1559.77 250  16625.799999999999 1406.3299999999999 250  15516.6 1250.8599999999999 250  14449.700000000001 1101.1800000000001 250  13870.799999999999 1016.03 250  13320.4 934.66200000000003 250  12362.1 791.49099999999999 250  11330.200000000001 609.84500000000003 250  10732.799999999999 394.74000000000001 250  10497.5 269.05099999999999 250  10361.200000000001 133.87200000000001 250  10337.6 36.233199999999997 250  10337.1 0 250 
 0 4 115.517 1 387.01299999999998 1 814.31399999999996 1 1086.8499999999999 1 1654.3599999999999 1 2490.1900000000001 1 2798.0900000000001 1 3033.1399999999999 1 3325.6500000000001 1 4068.8000000000002 1 4491.9899999999998 1 4814.4300000000003 1 5563.1199999999999 1 6060.3500000000004 1 6315.0299999999997 1 9073.7199999999993 1 9855.6800000000003 1 12072.6 1 13409.4 1 14770.5 1 17044.099999999999 1 17284.099999999999 1 19972.299999999999 1 20640.700000000001 1 22778.099999999999 1 24213 1 25614.400000000001 1 27770.799999999999 1 28592.799999999999 1 30618.099999999999 1 31852.799999999999 1 34371.300000000003 1 35542.5 1 38085.5 1 39859.199999999997 1 41767.400000000001 1 45418.099999999999 1 45494.800000000003 1 45566.699999999997 1 49045.400000000001 1 51755.599999999999 1 55361.099999999999 1 58962.900000000001 1 61199.199999999997 1 61389.300000000003 1 62563 3 86862.699999999997 3 90461.899999999994 1 93161.600000000006 1 96764.300000000003 1 100375 1 104001 1 104461 1 107652 1 109886 1 111336 1 113951 1 114129 1 117480 1 117885 1 120635 1 121690 1 123558 1 125524 1 126458 1 129354 1 129390 1 132525 1 133149 1 135929 1 135970 1 139369 1 140278 1 141960 1 143581 1 145200 1 146529 1 146818 1 148436 1 150055 1 151675 1 153015 1 153294 1 153598 1 154912 1 156351 1 156529 1 158145 1 159710 1 159761 1 159900 1 161379 1 162670 1 163032 1 163274 1 163473 1 163576 4
7 0 0  3 107 101  170820 0 500  170816 37.8947 500  170778 144.48599999999999 500  170615 248.03700000000001 500  170366 379.154 500  170033 501.45400000000001 500  169500 692.375 500  169025 858.62400000000002 500  168492 1041.9100000000001 500  167958 1218.75 500  167458 1385.49 500  167018 1532.26 500  166751 1621.23 500  166504 1704.9100000000001 500  166173 1818 500  165917 1907.8599999999999 500  165463 2071.5100000000002 500  164989 2248.4400000000001 500  164299 2514.98 500  163649 2769.27 500  162379 3264.4400000000001 500  161266 3700.21 500  159553 4360.29 500  158354 4818.5600000000004 500  156801 5463.6199999999999 500  155354 6099.1099999999997 500  154147 6635.7799999999997 500  152533 7312.0799999999999 500  151414 7734.8199999999997 500  149678 8406.5400000000009 500  148397 8878.7800000000007 500  146741 9484.0900000000001 500  145237 10012 500  143677 10535.9 500  142206 11004.700000000001 500  140608 11488.9 500  138954 11950.5 500  136897 12483.700000000001 500  135197 12888.6 500  132800 13412.799999999999 500  131090 13742.200000000001 500  128688 14146.1 500  127438 14331 500  125204 14625 500  123418 14817 500  121364 14981.5 500  119265 15130.700000000001 500  116552 15262.700000000001 500  112951 15362 500  110550 15369.799999999999 500  109350 15360.200000000001 500  101250 15360.200000000001 500  93150 15360.200000000001 500  85050 15360.200000000001 500  83850.199999999997 15361.4 500  81749.899999999994 15367.299999999999 500  78449.100000000006 15338 500  75371.899999999994 15224.799999999999 500  72973.300000000003 15062 500  70572.199999999997 14865.299999999999 500  67939 14608.9 500  65469.199999999997 14231 500  63068.699999999997 13820.299999999999 500  61356.300000000003 13489.6 500  59339.099999999999 13030.6 500  57553.800000000003 12595.200000000001 500  55963.300000000003 12162.9 500  54002.5 11595.9 500  52486.199999999997 11107 500  50759.599999999999 10529.1 500  49115.800000000003 9953.2399999999998 500  47700.599999999999 9419.4200000000001 500  45925.900000000001 8750.4500000000007 500  44726.599999999999 8295.6299999999992 500  42932.099999999999 7621.0299999999997 500  41638.5 7147.6599999999999 500  39829.699999999997 6531.71 500  38545.900000000001 6104.3800000000001 500  36868.900000000001 5537.3299999999999 500  35475.599999999999 5110.6999999999998 500  33516.900000000001 4641.9399999999996 500  31999.900000000001 4300.9300000000003 500  30612.299999999999 4031.5900000000001 500  29545.799999999999 3838.0900000000001 500  28301 3629.75 500  26701.700000000001 3369.0599999999999 500  25338.5 3172.6700000000001 500  24272.299999999999 3008.2800000000002 500  23205 2845.5300000000002 500  21900.200000000001 2634.96 500  20733.299999999999 2451.04 500  19666.700000000001 2281.1799999999998 500  18867.200000000001 2154.1599999999999 500  17900.900000000001 1999.0599999999999 500  16834.200000000001 1834.3699999999999 500  15743.700000000001 1670.73 500  14693.799999999999 1509.8499999999999 500  14160.6 1427.02 500  13383.1 1306.01 500  12577.700000000001 1179.73 500  11509.1 1000.2 500  10636.9 819.62400000000002 500  9882.2999999999993 635.00900000000001 500  9419.2800000000007 325.06700000000001 500  9301.2900000000009 124.163 500  9286.9300000000003 34.650799999999997 500  9286.8299999999999 0 500 
 0 4 105.45699999999999 1 340.31700000000001 1 538.83699999999999 1 963.96400000000006 1 1394.48 1 2242.0999999999999 1 2471.8000000000002 1 3086.2800000000002 1 3929.5599999999999 1 4050.77 1 4477.8299999999999 1 4773.4399999999996 1 4834.4799999999996 1 5525.75 1 5587.79 1 6282.9099999999999 1 7043.6899999999996 1 7805.79 1 8377.5900000000001 1 11134.5 1 11389.700000000001 1 13885 1 14985 1 16433.5 1 18628.299999999999 1 18945.900000000001 1 21683.200000000001 1 22217.900000000001 1 24529.599999999999 1 25779 1 27506.700000000001 1 29310.200000000001 1 30716.400000000001 1 32137.299999999999 1 34321.300000000003 1 35867.699999999997 1 38510.5 1 39563.800000000003 1 43229.599999999999 1 43732.599999999999 1 46870.599999999999 1 47018.900000000001 1 50492.400000000001 1 52257.900000000001 1 53200.5 1 56805.199999999997 1 60406.5 1 64006.5 3 88306.199999999997 3 91905.600000000006 1 94605.300000000003 1 98207.100000000006 1 101140 1 101815 1 105433 1 109073 1 109306 1 112738 1 114302 1 115511 1 118250 1 119244 1 121633 1 123028 1 124705 1 126857 1 127564 1 130394 1 130704 1 133315 1 134525 1 136436 1 137373 1 139836 1 140802 1 143413 1 144499 1 145041 1 146664 1 148284 1 149902 1 150795 1 151520 1 153140 1 154760 1 155063 1 156379 1 157188 1 157999 1 159617 1 160495 1 161185 1 161235 1 162855 1 163631 1 164484 1 165532 1 165938 1 166109 1 166210 4
7 0 0  3 109 103  171896 0 750  171895 37.645400000000002 750  171869 144.94399999999999 750  171606 310.01499999999999 750  171384 428.11799999999999 750  170959 597.423 750  170449 760.43799999999999 750  169920 924.00800000000004 750  169387 1113.96 750  168948 1288.3599999999999 750  168414 1488.1199999999999 750  168035 1626.8699999999999 750  167652 1765.6500000000001 750  167311 1888.77 750  166983 2009.5699999999999 750  166716 2108.8099999999999 750  166286 2270.6500000000001 750  165718 2487.8899999999999 750  165060 2752.2399999999998 750  164587 2944.5999999999999 750  164114 3137.7399999999998 750  163304 3468.75 750  161955 4029.3200000000002 750  160625 4578.2399999999998 750  159018 5238.3000000000002 750  157905 5704.8199999999997 750  156337 6373.21 750  155129 6904.9499999999998 750  153645 7525.6000000000004 750  152090 8150.0100000000002 750  150870 8635.4200000000001 750  149104 9304.4099999999999 750  147991 9711.8700000000008 750  146070 10379.5 750  144867 10777.1 750  142853 11400.200000000001 750  141717 11732 750  139619 12306.799999999999 750  138255 12652.200000000001 750  135890 13202.4 750  134092 13586.9 750  131853 14005.5 750  129456 14404.700000000001 750  127604 14664.4 750  125793 14877.299999999999 750  124594 15009.700000000001 750  122543 15187.799999999999 750  119852 15378.9 750  116552 15534.200000000001 750  112950 15612.200000000001 750  110550 15616 750  109350 15608.5 750  101250 15608.5 750  93150 15608.5 750  85050 15608.6 750  83850.199999999997 15608.4 750  81749.899999999994 15614.1 750  78449.300000000003 15592.5 750  75147.600000000006 15485.200000000001 750  71739.899999999994 15276.700000000001 750  69340.199999999997 15087.299999999999 750  66938.5 14831.9 750  64626.699999999997 14519.1 750  62230.699999999997 14121.4 750  60130.300000000003 13720.299999999999 750  58580.300000000003 13387.5 750  56480.099999999999 12889.799999999999 750  54875.099999999999 12472.1 750  52839 11889.799999999999 750  51389.5 11432.1 750  49398.400000000001 10769.200000000001 750  48199.599999999999 10345.4 750  46384.300000000003 9671.1299999999992 750  45178.5 9208.0599999999995 750  43446.5 8538.2600000000002 750  41920.5 7946.7700000000004 750  40476.900000000001 7411.1000000000004 750  38908.800000000003 6851.9799999999996 750  37714.199999999997 6428.8900000000003 750  35962.900000000001 5825.46 750  34554.900000000001 5378.9499999999998 750  32893.099999999999 4937.9499999999998 750  31512.5 4596 750  29970.299999999999 4272.3699999999999 750  28900.799999999999 4073.1900000000001 750  27834.200000000001 3877.9699999999998 750  26702 3676.5 750  25100.400000000001 3419.98 750  23680.599999999999 3194.0599999999999 750  22613.599999999999 3027.5 750  21546.700000000001 2858.3899999999999 750  20733.400000000001 2725.3800000000001 750  19666.599999999999 2554.3600000000001 750  18600 2382.23 750  17339.799999999999 2177.4400000000001 750  16272.799999999999 2008.73 750  15222.799999999999 1841.8399999999999 750  14450 1719.1300000000001 750  13640.200000000001 1590.54 750  13089.9 1503.8199999999999 750  12022 1329.8499999999999 750  11100.1 1175.98 750  10029.6 937.44299999999998 750  9403.0599999999995 776.00099999999998 750  8840.9799999999996 496.65199999999999 750  8652.6299999999992 310.54300000000001 750  8567.2900000000009 121.497 750  8555.8700000000008 34.093299999999999 750  8555.7600000000002 0 750 
 0 4 102.938 1 332.04399999999998 1 858.07500000000005 1 886.44200000000001 1 1704.24 1 2464.3299999999999 1 2546.21 1 3401.9299999999998 1 3882.0300000000002 1 4255.4099999999999 1 4611.8699999999999 1 5106.4200000000001 1 5341.6300000000001 1 5660.9300000000003 1 5960.0799999999999 1 6720.6599999999999 1 7485.1800000000003 1 8088.3500000000004 1 8251.6700000000001 1 9018.8099999999995 1 10713.700000000001 1 12632.6 1 13336.4 1 15923.700000000001 1 16253.1 1 18450.400000000001 1 19883.900000000001 1 21078.200000000001 1 23477.099999999999 1 23822.099999999999 1 26744.200000000001 1 27031.900000000001 1 29923.200000000001 1 30545.099999999999 1 33357.099999999999 1 33472.800000000003 1 37071.900000000001 1 37576.599999999999 1 40755.099999999999 1 42587.099999999999 1 44411.099999999999 1 48045.599999999999 1 48193.599999999999 1 49883.5 1 51663.5 1 54370.300000000003 1 57974.300000000003 1 61575.199999999997 1 65175.199999999997 3 89476.699999999997 3 93076.399999999994 1 95776.300000000003 1 99378 1 102984 1 106017 1 106598 1 110229 1 113013 1 113882 1 116643 1 117768 1 120357 1 121618 1 124120 1 124916 1 127913 1 127934 1 130725 1 131787 1 133504 1 135634 1 136406 1 138498 1 139436 1 141963 1 142926 1 144593 1 146229 1 147653 1 147857 1 149481 1 151102 1 152722 1 153794 1 154342 1 155962 1 156266 1 157583 1 159203 1 160096 1 160823 1 162393 1 162443 1 163283 1 164064 1 165690 1 166084 1 167356 1 167613 1 167961 1 168124 1 168224 4
7 0 0  3 110 104  172817 0 1000  172812 37.338999999999999 1000  172775 141.512 1000  172524 314.66300000000001 1000  172270 447.00999999999999 1000  171808 643.89599999999996 1000  171316 793.96500000000003 1000  170782 969.18200000000002 1000  170245 1141.5899999999999 1000  169784 1309.97 1000  169253 1518.53 1000  168939 1647.8499999999999 1000  168520 1815.2 1000  168253 1918.9000000000001 1000  167768 2108.1500000000001 1000  167323 2283.1500000000001 1000  166790 2495.6500000000001 1000  166286 2698.7399999999998 1000  165901 2856.46 1000  165428 3052.5599999999999 1000  164954 3250.48 1000  164299 3527.6799999999998 1000  163696 3785.73 1000  162559 4276.7799999999997 1000  161446 4758.7700000000004 1000  159901 5425.7799999999997 1000  158575 5995.7399999999998 1000  157235 6570.9200000000001 1000  155666 7241.1899999999996 1000  154553 7710.6199999999999 1000  152935 8378.7800000000007 1000  151730 8866.1200000000008 1000  150110 9488.7299999999996 1000  148618 10041.4 1000  147123 10558.200000000001 1000  145402 11115.700000000001 1000  143899 11572.200000000001 1000  142263 12036.200000000001 1000  140569 12489.700000000001 1000  138858 12912.200000000001 1000  136470 13456.200000000001 1000  134864 13782.5 1000  132464 14223.4 1000  130233 14591.200000000001 1000  127827 14902.4 1000  126576 15046.200000000001 1000  125203 15196.5 1000  123104 15377 1000  119852 15585.5 1000  116551 15731.9 1000  112950 15794.4 1000  110550 15795.200000000001 1000  109350 15788.9 1000  101250 15788.9 1000  93150 15788.9 1000  85050 15788.9 1000  83850.100000000006 15789 1000  81749.899999999994 15793.700000000001 1000  78449.5 15774.6 1000  75148.199999999997 15686.299999999999 1000  71547.600000000006 15498.200000000001 1000  68491.699999999997 15285.799999999999 1000  66094.600000000006 15017.200000000001 1000  63691 14711.1 1000  61540.400000000001 14377.9 1000  59445.099999999999 13984.700000000001 1000  57534.400000000001 13596.6 1000  55838.699999999997 13204.9 1000  53622.699999999997 12644 1000  52228.300000000003 12252.700000000001 1000  50188.599999999999 11626.799999999999 1000  48801.400000000001 11170.4 1000  47043.400000000001 10551 1000  45483.300000000003 9974.4500000000007 1000  44068.900000000001 9423.2900000000009 1000  42362.599999999999 8751.0799999999999 1000  41164.599999999999 8276.5300000000007 1000  39425.400000000001 7611.1400000000003 1000  38394.300000000003 7226.7399999999998 1000  36698.5 6602.1300000000001 1000  35460.5 6157.2200000000003 1000  33546.699999999997 5550.0799999999999 1000  32394.900000000001 5205.7200000000003 1000  31008.799999999999 4838.9300000000003 1000  29904.700000000001 4578.5100000000002 1000  28413.099999999999 4264.8400000000001 1000  27344.700000000001 4058.04 1000  26278.099999999999 3859.4400000000001 1000  25101.099999999999 3650.0700000000002 1000  23500.599999999999 3377.8800000000001 1000  22203.799999999999 3162.4299999999998 1000  21136.900000000001 2987.8699999999999 1000  20503.599999999999 2884.6300000000001 1000  19666.700000000001 2748.5 1000  18600 2575.0300000000002 1000  17099.700000000001 2331.8499999999999 1000  15894.200000000001 2132.0599999999999 1000  14844.200000000001 1961.1900000000001 1000  14310.799999999999 1875.28 1000  13383.200000000001 1726.47 1000  12734.6 1622.55 1000  11667.299999999999 1443.51 1000  10743.299999999999 1279.3599999999999 1000  9770.3999999999996 1072.1700000000001 1000  8955.9300000000003 832.39499999999998 1000  8395.4899999999998 657.93600000000004 1000  8064.8599999999997 307.05700000000002 1000  7989.0900000000001 120.69499999999999 1000  7978.5200000000004 33.946300000000001 1000  7978.3599999999997 0 1000 
 0 4 105.928 1 331.91800000000001 1 863.40099999999995 1 987.37400000000002 1 1833.3900000000001 1 2405.8400000000001 1 2674.3299999999999 1 3524.7199999999998 1 3876.5100000000002 1 4386.25 1 4544.7600000000002 1 5229.7700000000004 1 5245.9300000000003 1 6105.5699999999997 1 6665.4200000000001 1 6967.3400000000001 1 7734.5600000000004 1 7913.1499999999996 1 8503.8099999999995 1 9274.7099999999991 1 10047 1 10471.700000000001 1 12991.6 1 13685.4 1 15519.799999999999 1 17320.599999999999 1 18059.799999999999 1 20639.700000000001 1 20944.700000000001 1 23310.799999999999 1 24537.599999999999 1 26153.700000000001 1 28083.599999999999 1 29280.900000000001 1 31581.200000000001 1 32796.300000000003 1 34381.400000000001 1 36842.099999999999 1 38084.099999999999 1 41726.800000000003 1 41757.300000000003 1 45405.800000000003 1 48506.599999999999 1 49035.300000000003 1 49183.199999999997 1 52650 1 55355.599999999999 1 58959 1 62559.699999999997 1 66159.699999999997 3 90461.899999999994 3 94061.899999999994 1 96762 1 100363 1 103968 1 107578 1 109551 1 111203 1 114847 1 116077 1 117599 1 120696 1 121297 1 124457 1 125039 1 127697 1 128837 1 130631 1 132686 1 133391 1 136133 1 136552 1 138977 1 139434 1 141973 1 142923 1 145457 1 145578 1 147224 1 148859 1 150151 1 150489 1 152114 1 153737 1 155359 1 156058 1 156980 1 157284 1 158601 1 160223 1 161844 1 162267 1 163414 1 163465 1 165086 1 165385 1 166711 1 167904 1 168358 1 169271 1 169603 1 169764 1 169865 4
7 0 0  3 118 112  175397 0 2000  175396 37.654899999999998 2000  175365 130.56299999999999 2000  175273 202.756 2000  175053 344.44400000000002 2000  174780 464.78899999999999 2000  174257 691.04300000000001 2000  173838 853.45699999999999 2000  173303 1054.6300000000001 2000  172796 1237.73 2000  172324 1418.96 2000  171871 1594.25 2000  171575 1707.47 2000  171179 1862.8199999999999 2000  170833 2002.6700000000001 2000  170300 2228.1399999999999 2000  169628 2513.77 2000  168996 2794.2399999999998 2000  168462 3028.1700000000001 2000  167928 3264.3899999999999 2000  167321 3536.0599999999999 2000  166789 3783.77 2000  166491 3924.8499999999999 2000  166161 4081.3200000000002 2000  165687 4306.1599999999999 2000  165010 4627.7600000000002 2000  164512 4864.1099999999997 2000  164039 5088.8000000000002 2000  163303 5431.9300000000003 2000  161978 6054.3999999999996 2000  160772 6624.5 2000  159338 7295.29 2000  158227 7806.7600000000002 2000  156730 8469.1499999999996 2000  155328 9071.9500000000007 2000  154027 9604.2199999999993 2000  152300 10279.799999999999 2000  151185 10691.700000000001 2000  149242 11363.9 2000  148107 11727.4 2000  145881 12381.6 2000  144640 12711.6 2000  142624 13205 2000  141073 13558.200000000001 2000  139000 13984 2000  136603 14433.4 2000  134589 14758 2000  132187 15094.700000000001 2000  129790 15387.1 2000  127603 15596.6 2000  125202 15774.5 2000  123102 15887.9 2000  121031 15964.1 2000  118932 16044.5 2000  116531 16090.799999999999 2000  112950 16100.1 2000  110550 16094.6 2000  109350 16097.6 2000  101250 16097.6 2000  93150 16097.6 2000  85050 16097.6 2000  83850 16096.700000000001 2000  81750 16098.299999999999 2000  78450 16096.4 2000  75149.800000000003 16086.6 2000  72583.399999999994 16044.799999999999 2000  70183.399999999994 15974.799999999999 2000  67780.800000000003 15890.299999999999 2000  64344.199999999997 15647 2000  61339.699999999997 15325.1 2000  59242.599999999999 15047.1 2000  57139 14737.5 2000  55232.699999999997 14408.6 2000  52835.300000000003 13925.9 2000  51006.699999999997 13518.1 2000  49018 13020.1 2000  47250.099999999999 12531 2000  45473.199999999997 11986.700000000001 2000  43965.599999999999 11467.9 2000  42188.599999999999 10804.9 2000  40991.699999999997 10322.700000000001 2000  39388 9648.9200000000001 2000  38431.199999999997 9232.8799999999992 2000  36950.900000000001 8585.8099999999995 2000  35776.699999999997 8072.6499999999996 2000  34675.599999999999 7602.2700000000004 2000  33879.800000000003 7270.3100000000004 2000  32926.400000000001 6879.1700000000001 2000  31785.099999999999 6429.9499999999998 2000  30676.700000000001 6017.1000000000004 2000  29612.900000000001 5636.7799999999997 2000  28605.200000000001 5300.4799999999996 2000  27535.900000000001 4978.1400000000003 2000  26471.299999999999 4684.2600000000002 2000  25110 4353.3999999999996 2000  24040.400000000001 4114.1199999999999 2000  22973.400000000001 3880.5300000000002 2000  21901.299999999999 3648.54 2000  20734 3404.9099999999999 2000  19667.099999999999 3188.8200000000002 2000  18601.299999999999 2978.46 2000  17100.900000000001 2698.2199999999998 2000  15517.6 2411.9200000000001 2000  14450.5 2225.79 2000  13648.799999999999 2091.3600000000001 2000  13098.799999999999 2000.3499999999999 2000  12031.700000000001 1824.28 2000  11045 1658.1700000000001 2000  9978.0799999999999 1472.9000000000001 2000  8995.7800000000007 1296.3399999999999 2000  8113.75 1103.9100000000001 2000  7259.46 851.89099999999996 2000  6832.2700000000004 706.76800000000003 2000  6465.54 433.608 2000  6346.3599999999997 306.51600000000002 2000  6267.3000000000002 120.214 2000  6245.8699999999999 33.801699999999997 2000  6239.8299999999999 0 2000 
 0 4 104.283 1 293.75099999999998 1 330.416 1 890.75999999999999 1 1182.1700000000001 1 2042.49 1 2237.1900000000001 1 2895.54 1 3660.9299999999998 1 3751.75 1 4354.7399999999998 1 4609.9300000000003 1 5027.8100000000004 1 5475.3400000000001 1 6345.3999999999996 1 7219.1400000000003 1 7550.5799999999999 1 8093.5200000000004 1 8970.8899999999994 1 9544.2999999999993 1 9853.9099999999999 1 9962.1700000000001 1 10639.799999999999 1 11425.799999999999 1 12211.799999999999 1 12293.700000000001 1 12996.200000000001 1 14647.5 1 16686.900000000001 1 16996.900000000001 1 19397.299999999999 1 20356.400000000001 1 21906.599999999999 1 23975.799999999999 1 24573.400000000001 1 27470.799999999999 1 27538.700000000001 1 30742.900000000001 1 31043.700000000001 1 34501.199999999997 1 34592.300000000003 1 37271.300000000003 1 39271 1 40940.800000000003 1 44587.300000000003 1 45389.900000000001 1 48216.199999999997 1 51832 1 51979.400000000001 1 55438 1 58140.199999999997 1 58196.800000000003 1 61741.099999999999 1 65341.199999999997 1 68941.199999999997 3 93242.899999999994 3 96843.100000000006 1 99543.300000000003 1 103144 1 106744 1 107243 1 110347 1 113956 1 117577 1 119411 1 120303 1 123956 1 125213 1 127640 1 129576 1 131363 1 133143 1 135151 1 136145 1 138833 1 139021 1 141364 1 141963 1 143869 1 145209 1 145555 1 146455 1 148300 1 149235 1 150004 1 151690 1 152421 1 153355 1 155003 1 156623 1 156643 1 158280 1 159914 1 160221 1 161546 1 163174 1 164800 1 166373 1 166424 1 167238 1 168046 1 169668 1 170240 1 171294 1 172664 1 172941 1 173973 1 173976 1 174313 1 174477 1 174579 4
7 0 0  3 149 143  -3700 3000 23000  -3700 3000 22666.700000000001  -3700 3000 22000  -3700 3000 21000  -3700 3000 20000  -3700 3000 19000  -3700 3000 18000  -3700 3000 17000  -3700 3000 16000  -3700 3000 15000  -3700 3000 14000  -3700 3000 13000  -3700 3000 12000  -3700 3000 11267.700000000001  -3700 3000 10868.6  -3700 3000 10803  -3466.77 3000 10752.6  -2989.9000000000001 3000 10650.700000000001  -2256.5300000000002 3000 10497  -1256.8900000000001 3000 10290.799999999999  -433.02499999999998 3000 10125.4  567.34000000000003 3000 9927.8799999999992  1567.3299999999999 3000 9730.1200000000008  3000.4000000000001 3000 9447.2600000000002  4235.7799999999997 3000 9200.3999999999996  5235.4399999999996 3000 8994.1900000000005  6236.04 3000 8784.4500000000007  7535.3100000000004 3000 8501.7900000000009  8716.2900000000009 3000 8237.6700000000001  9430.2900000000009 3000 8052.2399999999998  9966.4899999999998 3000 7927.1999999999998  10889.799999999999 3000 7677.3500000000004  12004.9 3000 7362.0699999999997  13069.1 3000 6973.5600000000004  13995.799999999999 3000 6569.0600000000004  14834.299999999999 3000 6137.8000000000002  15441.9 3000 5774.1000000000004  15924.9 3000 5448.1000000000004  16492.799999999999 3000 5028.04  17023.400000000001 3000 4492.3599999999997  17456 3000 3836.6199999999999  17621.599999999999 3000 3345  18018.5 3000 2633.3899999999999  18672 3000 1888.25  19642.799999999999 3000 1477.4000000000001  20497.400000000001 3000 1184.8900000000001  21131.5 3000 1012.11  21848.299999999999 3000 855.24000000000001  22611.700000000001 3000 717.26999999999998  23384.299999999999 3000 601.33299999999997  24271.5 3000 491.31700000000001  25337.599999999999 3000 378.02499999999998  26261.400000000001 3000 301.54899999999998  27328.400000000001 3000 225.40000000000001  28394.700000000001 3000 159.161  29899.5 3000 88.314099999999996  31816.200000000001 3000 26.348400000000002  33350.599999999999 3000 4.5784399999999996  34351.400000000001 3000 0.10000000000000001  35451.400000000001 3000 0.10000000000000001  37300.699999999997 3000 -0.043403600000000001  40350 3000 0.015661100000000001  43650 3000 -0.0046921899999999997  47250 3000 0.0012573300000000001  50850 3000 -0.000337113  54450 3000 9.1128100000000006e-05  57750 3000 -1.7521799999999999e-05  61050 3000 5.6861700000000003e-06  64350 3000 -1.70362e-06  67950 3000 4.5650500000000002e-07  71550 3000 -1.2240100000000001e-07  75150 3000 3.3098100000000002e-08  78450 3000 -6.4010599999999998e-09  91050 3000 2.63848e-08  103650 3000 -2.29675e-08  116550 3000 0  119850 3000 0  123150 3000 0  126450 3000 0  130050 3000 0  133650 3000 0  137250 3000 0  140550 3000 0  143763 3000 0  146890 3000 0  150230 3000 0  152816 3000 0  154288 3000 -0  155401 3000 0  157270 3000 32.586100000000002  159385 3000 118.19199999999999  161435 3000 283.73200000000003  162549 3000 414.86599999999999  163650 3000 595.67600000000004  164114 3000 681.88199999999995  164588 3000 777.38499999999999  165007 3000 867.673  165429 3000 967.95899999999995  165903 3000 1087.74  166289 3000 1192.8399999999999  166792 3000 1344.6900000000001  167328 3000 1520.1900000000001  167934 3000 1749.1400000000001  168465 3000 1970.49  169004 3000 2215.29  169617 3000 2536.9000000000001  170140 3000 2863.02  170602 3000 3176.3000000000002  170903 3000 3401.6799999999998  171271 3000 3722.9000000000001  171622 3000 4061.96  172002 3000 4496.6800000000003  172450 3000 5122.1999999999998  172715 3000 5620.1199999999999  172987 3000 6289.3199999999997  173147 3000 6819.8100000000004  173226 3000 7498.4200000000001  173207 3000 8183.3800000000001  173034 3000 8733.5200000000004  172685 3000 9415.8899999999994  172360 3000 9771.6599999999999  171950 3000 10201.299999999999  171672 3000 10517.6  171238 3000 11092.6  171212 3000 11839.9  171309 3000 12504.1  171479 3000 13177.299999999999  171726 3000 13877.1  171999 3000 14537.799999999999  172298 3000 15206.700000000001  172570 3000 15759.6  172909 3000 16425  173174 3000 16928.700000000001  173445 3000 17404.5  173649 3000 17736.099999999999  173941 3000 18192.799999999999  174254 3000 18626.599999999999  174793 3000 19273.400000000001  175159 3000 19648.200000000001  175651 3000 20181.799999999999  175965 3000 20529.400000000001  176413 3000 21068.700000000001  176773 3000 21531.400000000001  177199 3000 22124.799999999999  177509 3000 22589.5  177884 3000 23177.400000000001  178157 3000 23615.599999999999  178372 3000 23986  178437 3000 24100 
 0 4 1000 1 2000 1 3000 1 4000 1 5000 1 6000 1 7000 1 8000 1 9000 1 10000 1 11000 1 12000 1 12197 3 12912.799999999999 1 13659.9 1 14444.9 1 15974.9 1 16180.799999999999 1 17503.900000000001 1 19033 1 20563 1 21283.299999999999 1 22095.200000000001 1 23630 1 25272.5 1 25724.900000000001 1 25842.900000000001 1 26924.200000000001 1 28594.200000000001 1 29316.900000000001 1 30321.099999999999 1 31626 1 32142.299999999999 1 32444.400000000001 1 33373.900000000001 1 34258.800000000003 1 34688.300000000003 1 35720.599999999999 1 35797.300000000003 1 37133.099999999999 1 38583.699999999997 1 38900.599999999999 1 39846.099999999999 1 40551.800000000003 1 41101.800000000003 1 42172.900000000001 1 42895.300000000003 1 43783.5 1 45389.199999999997 1 45675.800000000003 1 46992.5 1 48594.300000000003 1 50195.099999999999 1 52745.400000000001 1 53197.5 2 56045.400000000001 1 58745.400000000001 1 62345.400000000001 1 65945.5 1 69545.5 1 73145.5 1 76745.5 1 79445.5 1 83045.5 1 86645.5 1 90245.5 1 93845.5 1 97445.5 1 100146 1 131646 1 135246 1 138846 1 141546 1 145146 1 148746 1 152346 1 155946 1 159546 1 162246 1 165586 1 168926 1 172266 1 173342 2 175606 1 178950 1 179690 1 181774 1 182314 1 183036 1 183191 1 183762 1 184323 1 184493 1 185229 1 185521 1 186069 1 186923 1 187462 1 187795 1 188698 1 189536 1 189643 1 190373 1 190662 1 191108 1 191837 1 192391 1 193414 1 193517 1 194558 1 195061 1 195562 1 196606 1 196750 1 197861 1 198024 1 198531 1 199131 1 200138 1 200643 1 201157 1 202214 1 202867 1 203301 1 204413 1 204714 1 205542 1 206119 1 206358 1 206710 1 207745 1 207958 1 209236 1 209315 1 210136 1 210640 1 211419 1 211893 1 212832 1 213093 1 213986 1 214380 4
7 0 0  3 148 142  -3700 4000 23000  -3700 4000 22666.700000000001  -3700 4000 22000  -3700 4000 21000  -3700 4000 20000  -3700 4000 19000  -3700 4000 18000  -3700 4000 17000  -3700 4000 16000  -3700 4000 15000  -3700 4000 14000  -3700 4000 13000  -3700 4000 12000  -3700 4000 11319.6  -3700 4000 10972.6  -3700 4000 10958.799999999999  -3466.77 4000 10903.700000000001  -2803.0500000000002 4000 10748.1  -2069.5300000000002 4000 10580.5  -1069.6900000000001 4000 10358.299999999999  -292.14600000000002 4000 10190.6  708.58399999999995 4000 9982.7700000000004  1708.1800000000001 4000 9776.7199999999993  3000.0599999999999 4000 9518.7199999999993  4359.5 4000 9244.2299999999996  5359.9799999999996 4000 9045.1599999999999  6359.8800000000001 4000 8840.0400000000009  7534.7799999999997 4000 8598.2099999999991  8945.1800000000003 4000 8294.0599999999995  10011 4000 8052.0799999999999  10716.5 4000 7886.0600000000004  11407.200000000001 4000 7720.2700000000004  12477.1 4000 7450.29  13417.9 4000 7191.1999999999998  14486 4000 6864.4700000000003  15436.9 4000 6541.1800000000003  16448.599999999999 4000 6127.4799999999996  17357.700000000001 4000 5709.8699999999999  18018.299999999999 4000 5383.4200000000001  18553.900000000001 4000 5094.8199999999997  19147.599999999999 4000 4768.9700000000003  19688.5 4000 4465.7399999999998  20236 4000 4113.1999999999998  20841.799999999999 4000 3705.6900000000001  21357.200000000001 4000 3297.8600000000001  21919.900000000001 4000 2909.04  22467.799999999999 4000 2541.98  23007 4000 2224.1199999999999  24024 4000 1779.01  25084.799999999999 4000 1427.02  26272.599999999999 4000 1149.6199999999999  27342 4000 938.08600000000001  27942.900000000001 4000 834.81500000000005  28899 4000 689.12900000000002  29610.700000000001 4000 597.05899999999997  30610.900000000001 4000 478.57600000000002  31695.299999999999 4000 358.79399999999998  32901.599999999999 4000 264.16399999999999  34851.599999999999 4000 143.16900000000001  36797.800000000003 4000 32.533000000000001  38448.699999999997 4000 0.10000000000000001  39348.699999999997 4000 0.10000000000000001  40899.400000000001 4000 -0.165774  43650 4000 0.063379500000000005  47250 4000 -0.0169833  50850 4000 0.00455354  54450 4000 -0.00123091  57750 4000 0.000236674  61050 4000 -7.6805599999999995e-05  64350 4000 2.3011500000000002e-05  67950 4000 -6.1662100000000002e-06  71550 4000 1.65332e-06  75150 4000 -4.4707100000000002e-07  78450 4000 8.6461900000000005e-08  91050 4000 -3.5639199999999998e-07  103650 4000 3.1023199999999999e-07  116550 4000 0  119850 4000 0  123150 4000 0  126450 4000 0  130050 4000 0  133650 4000 0  137250 4000 0  140550 4000 0  143763 4000 0  146890 4000 0  149739 4000 0  151474 4000 -0  152587 4000 0  154193 4000 16.404699999999998  156216 4000 105.73399999999999  158442 4000 265.78800000000001  159635 4000 385.90499999999997  160923 4000 557.70100000000002  161910 4000 717.26300000000003  162941 4000 935.577  163698 4000 1120.75  164304 4000 1282.71  165015 4000 1499.8399999999999  165693 4000 1736.71  166163 4000 1925.96  166491 4000 2069.48  166793 4000 2207.1100000000001  167334 4000 2475.77  167831 4000 2757.3400000000001  168364 4000 3099.6300000000001  168652 4000 3306.27  169072 4000 3639.3699999999999  169342 4000 3875.3299999999999  169833 4000 4363.7799999999997  170158 4000 4750.4899999999998  170575 4000 5366.4799999999996  170920 4000 6011.8800000000001  171158 4000 6819.1700000000001  171219 4000 7499.5600000000004  171172 4000 8184.7700000000004  170913 4000 8962.6900000000005  170531 4000 9590.1700000000001  170231 4000 10080.299999999999  170001 4000 10483.299999999999  169725 4000 11138  169763 4000 11845.6  169912 4000 12507.200000000001  170127 4000 13115.1  170332 4000 13612.6  170643 4000 14276.9  170907 4000 14813.9  171255 4000 15478.200000000001  171593 4000 16093.4  171896 4000 16615.599999999999  172196 4000 17114.200000000001  172437 4000 17503.900000000001  172673 4000 17867.599999999999  173023 4000 18375.700000000001  173310 4000 18755  173845 4000 19383.5  174161 4000 19711.700000000001  174768 4000 20320.799999999999  175115 4000 20654.400000000001  175645 4000 21194  175954 4000 21534.599999999999  176411 4000 22064.799999999999  176784 4000 22522.5  177210 4000 23080  177492 4000 23475  177752 4000 23843.099999999999  177851 4000 23986.400000000001  177930 4000 24100 
 0 4 1000 1 2000 1 3000 1 4000 1 5000 1 6000 1 7000 1 8000 1 9000 1 10000 1 11000 1 12000 1 12041.200000000001 3 12760.1 1 14086.299999999999 1 14298.299999999999 1 15832.799999999999 1 16472.5 1 17364.599999999999 1 18894.700000000001 1 20424.700000000001 1 21525.200000000001 1 21954.900000000001 1 23486.799999999999 1 25123.700000000001 1 26283.200000000001 1 26765.400000000001 1 27298.200000000001 1 28414.200000000001 1 30075.700000000001 1 30224.700000000001 1 31764.900000000001 1 33086.699999999997 1 33501.699999999997 1 34766.099999999999 1 35296.400000000001 1 35326.800000000003 1 36797.800000000003 1 37154.800000000003 1 37280 1 38988.099999999999 1 39123.400000000001 1 39331.800000000003 1 40967 1 40987.900000000001 1 42662.099999999999 1 44307.300000000003 1 44645.800000000003 1 45932.599999999999 1 46135.699999999997 1 47547.300000000003 1 48085.099999999999 1 49157.199999999997 1 50820.099999999999 1 51714.5 1 55018.599999999999 1 56666.900000000001 2 57718.800000000003 1 61318.800000000003 1 64918.800000000003 1 68518.699999999997 1 72118.699999999997 1 75718.699999999997 1 78418.699999999997 1 82018.699999999997 1 85618.600000000006 1 89218.600000000006 1 92818.600000000006 1 96418.600000000006 1 99118.600000000006 1 130618 1 134218 1 137818 1 140518 1 144118 1 147718 1 151318 1 154918 1 158518 1 161218 1 164558 1 167898 1 169764 2 171238 1 174581 1 175835 1 177936 1 178176 1 179732 1 180935 1 181336 1 182071 1 182814 1 183566 1 184226 1 184333 1 184641 1 185222 1 186143 1 186354 1 187121 1 187205 1 187963 1 188194 1 189283 1 189469 1 190426 1 191466 1 191968 1 192469 1 193517 1 194384 1 194671 1 195242 1 195777 1 196777 1 197290 1 197817 1 198706 1 198904 1 200018 1 200501 1 201154 1 202123 1 202312 1 202900 1 203498 1 203613 1 204750 1 204921 1 206090 1 206116 1 207499 1 207534 1 208384 1 208879 1 209634 1 210155 1 210982 1 211091 1 211506 4
7 0 0  3 147 141  -3700 5000 23000  -3700 5000 22666.700000000001  -3700 5000 22000  -3700 5000 21000  -3700 5000 20000  -3700 5000 19000  -3700 5000 18000  -3700 5000 17000  -3700 5000 16000  -3700 5000 15000  -3700 5000 14000  -3700 5000 13000  -3700 5000 12068.6  -3700 5000 11470.4  -3700 5000 11205.700000000001  -3466.98 5000 11140.5  -3216.7800000000002 5000 11071.9  -2484.4400000000001 5000 10875.1  -1811.6600000000001 5000 10702.299999999999  -827.71299999999997 5000 10462.1  75.942400000000006 5000 10250.200000000001  903.75800000000004 5000 10066.799999999999  1903.75 5000 9850.3999999999996  2998.9499999999998 5000 9619.3099999999995  4499.6499999999996 5000 9313.8999999999996  5519.0200000000004 5000 9108.6299999999992  6519.1300000000001 5000 8906.7099999999991  7552.8100000000004 5000 8696.7800000000007  9101.3600000000006 5000 8378.8400000000001  10217.5 5000 8139.75  11284.200000000001 5000 7904.3299999999999  12112.9 5000 7716.9399999999996  13128.4 5000 7474.1499999999996  14027.700000000001 5000 7254.0900000000001  14800 5000 7054.4099999999999  15869 5000 6761.04  16943.400000000001 5000 6441.0500000000002  18005.099999999999 5000 6075.6000000000004  18972.5 5000 5714.8599999999997  19670.200000000001 5000 5433.8800000000001  20329.400000000001 5000 5154.8900000000003  20585 5000 5044.5299999999997  21119.599999999999 5000 4810.5600000000004  21854 5000 4479.1800000000003  22763.200000000001 5000 4058.3400000000001  23810 5000 3568.4499999999998  24546.299999999999 5000 3224.0100000000002  25403.200000000001 5000 2840.5700000000002  25950.5 5000 2602.6300000000001  26784.400000000001 5000 2277.2399999999998  27529.099999999999 5000 2018.8299999999999  28592.200000000001 5000 1685.2  29889.400000000001 5000 1340.26  31003.5 5000 1114.1099999999999  32077.200000000001 5000 914.38900000000001  32926.5 5000 774.29600000000005  34051.699999999997 5000 615.84000000000003  35460.699999999997 5000 438.38299999999998  36575.400000000001 5000 325.05599999999998  38261.599999999999 5000 169.71700000000001  40110.699999999997 5000 54.132399999999997  41949.199999999997 5000 0.10000000000000001  43149.5 5000 0.10000000000000001  44599.699999999997 5000 -0.234069  47250 5000 0.094247999999999998  50850 5000 -0.025269699999999999  54450 5000 0.0068308800000000001  57750 5000 -0.00131342  61050 5000 0.00042622999999999999  64350 5000 -0.00012770199999999999  67950 5000 3.4219199999999999e-05  71550 5000 -9.1750499999999995e-06  75150 5000 2.4810099999999999e-06  78450 5000 -4.7981800000000002e-07  91050 5000 1.9777900000000001e-06  103650 5000 -1.7216200000000001e-06  116550 5000 0  119850 5000 0  123150 5000 0  126450 5000 0  130050 5000 0  133650 5000 0  137250 5000 0  140550 5000 0  143763 5000 0  146697 5000 0  148731 5000 -0  149844 5000 0  151151 5000 4.79542  153155 5000 59.792099999999998  155381 5000 216.958  156832 5000 365.22399999999999  158148 5000 523.28599999999994  159262 5000 686.37800000000004  160247 5000 865.67600000000004  161592 5000 1142.26  162927 5000 1507.1800000000001  164041 5000 1923.6300000000001  164516 5000 2119.46  165021 5000 2349.2199999999998  165639 5000 2679.8600000000001  166108 5000 2963.27  166437 5000 3178.9899999999998  166674 5000 3347.2600000000002  166942 5000 3550.1799999999998  167195 5000 3756.5999999999999  167590 5000 4109.7200000000003  167976 5000 4507.6400000000003  168443 5000 5088.2700000000004  168743 5000 5568.6800000000003  169059 5000 6230.9499999999998  169235 5000 6818.71  169296 5000 7499.2399999999998  169256 5000 8181.3900000000003  169054 5000 8811.5300000000007  168805 5000 9467.3799999999992  168608 5000 9962.4899999999998  168420 5000 10490.6  168280 5000 11160  168352 5000 11849.200000000001  168546 5000 12506.299999999999  168698 5000 12908.700000000001  168912 5000 13410.799999999999  169203 5000 14011.6  169523 5000 14599.5  169897 5000 15266.6  170164 5000 15724.700000000001  170568 5000 16391  170866 5000 16863.700000000001  171157 5000 17305.5  171380 5000 17639.900000000001  171643 5000 18020.900000000001  172006 5000 18522.900000000001  172403 5000 19032.5  172819 5000 19521  173244 5000 19956.299999999999  173755 5000 20453.900000000001  174144 5000 20793.299999999999  174748 5000 21338.200000000001  175115 5000 21665.400000000001  175645 5000 22187.900000000001  175963 5000 22527.400000000001  176417 5000 23043.299999999999  176743 5000 23429  177042 5000 23796.299999999999  177190 5000 23985.299999999999  177276 5000 24100 
 0 4 1000 1 2000 1 3000 1 4000 1 5000 1 6000 1 7000 1 8000 1 9000 1 10000 1 11000 1 11794.299999999999 3 12520.200000000001 1 12572.700000000001 1 14069.299999999999 1 14603.9 1 15611.200000000001 1 16853.799999999999 1 17147.5 1 18680.700000000001 1 20211.700000000001 1 21742 1 21800.200000000001 1 23272.599999999999 1 24906.400000000001 1 26542.799999999999 1 26697.099999999999 1 28183.400000000001 1 29091.599999999999 1 29829.5 1 30960.900000000001 1 31484.400000000001 1 33155.300000000003 1 34322.699999999997 1 34852.199999999997 1 36252.800000000003 1 36578.599999999999 1 36999.800000000003 1 37087.900000000001 1 38329.5 1 39416.699999999997 1 40093.400000000001 1 41797 1 41855.099999999999 1 42909.800000000003 1 43587 1 44540 1 45273.900000000001 1 46929.599999999999 1 48563.900000000001 1 48683.099999999999 1 50205.800000000003 1 51145.800000000003 1 52092 1 54466.099999999999 1 54506.5 1 57172.300000000003 1 60022.400000000001 2 60773.199999999997 1 64373.300000000003 1 67973.300000000003 1 71573.300000000003 1 75173.399999999994 1 77873.399999999994 1 81473.5 1 85073.5 1 88673.5 1 92273.600000000006 1 95873.600000000006 1 98573.699999999997 1 130074 1 133674 1 137274 1 139974 1 143574 1 147174 1 150774 1 154374 1 157974 1 160674 1 164014 1 166776 2 167355 1 170696 1 172787 1 174048 1 175071 1 176763 1 177425 1 178075 1 180883 1 181563 1 181643 1 182423 1 183228 1 183744 1 184065 1 184409 1 184615 1 185074 1 185388 1 186202 1 186733 1 187623 1 187893 1 188935 1 189437 1 189938 1 190974 1 191402 1 192045 1 192573 1 193082 1 194085 1 194605 1 195139 1 195374 1 196243 1 197140 1 197381 1 198538 1 198730 1 199718 1 200215 1 200317 1 200924 1 201603 1 202175 1 202862 1 203527 1 203999 1 205001 1 205077 1 206439 1 206473 1 207310 1 207834 1 208536 1 208824 1 209255 4
7 0 0  3 174 164  -3700 500 23000  -3700 500 22666.700000000001  -3700 500 22000  -3700 500 21000  -3700 500 20000  -3700 500 19000  -3700 500 18000  -3700 500 17000  -3700 500 16000  -3700 500 15000  -3700 500 14000  -3700 500 13000  -3700 500 12000  -3700 500 11214.4  -3700 500 10762.1  -3700 500 10643.1  -3466.6500000000001 500 10600.299999999999  -3207.1999999999998 500 10552.6  -2473.79 500 10417.5  -1552.8199999999999 500 10246.700000000001  -579.13199999999995 500 10064.1  421.27800000000002 500 9876.4200000000001  1501.5999999999999 500 9669.2199999999993  3003.02 500 9365.1800000000003  4035.3699999999999 500 9137.3999999999996  5037.5900000000001 500 8893.5699999999997  5656.8999999999996 500 8724.1900000000005  6620.7700000000004 500 8399.0499999999993  7119.96 500 8184.2600000000002  7954.1400000000003 500 7753.54  8598.7900000000009 500 7255.6000000000004  9024.3099999999995 500 6514.6400000000003  9100.8999999999996 500 6157.4300000000003  9135.0699999999997 500 5934.6000000000004  9121.0799999999999 500 5479.9099999999999  8527.7999999999993 500 4841.3299999999999  7587.1700000000001 500 4489.9099999999999  6692.5200000000004 500 4275.4799999999996  5937.4300000000003 500 4172.5699999999997  5297.6899999999996 500 4113.29  4843.3999999999996 500 4089.3600000000001  4640 500 4081.02  4640 500 4054.0100000000002  4640 500 3833.1700000000001  4640 500 3612.3400000000001  4640 500 3418.5  4835.9700000000003 500 3283.2399999999998  5038.7399999999998 500 3135.0900000000001  5491.0699999999997 500 2795.3099999999999  5929.1499999999996 500 2452.4099999999999  6367.1099999999997 500 2128.9200000000001  6862.8100000000004 500 1788.23  7421.7299999999996 500 1432.9200000000001  8198.5200000000004 500 1018.26  8742.1299999999992 500 794.07299999999998  9222.3600000000006 500 628.86599999999999  9827.1100000000006 500 458.75599999999997  10477.6 500 330.84500000000003  11343.5 500 203.78899999999999  12410.799999999999 500 111.76600000000001  13383 500 68.943799999999996  14449.799999999999 500 39.026699999999998  15531.1 500 19.525400000000001  17047 500 6.6528  18781.099999999999 500 1.2776400000000001  19301.099999999999 500 0.285408  20558.599999999999 500 -0.053549199999999998  19932.099999999999 500 0.10000000000000001  20649.400000000001 500 0.10000000000000001  21808 500 -0.039321299999999997  23500 500 0.0098202700000000007  25100 500 -0.0026313199999999999  26700 500 0.00070500200000000004  28300 500 -0.00018869000000000001  29900 500 4.9759300000000003e-05  31816.700000000001 500 -2.22427e-05  34300 500 9.4266500000000006e-06  37150 500 -2.2145000000000001e-06  40350 500 7.4870000000000003e-07  43650 500 -2.2431600000000001e-07  47250 500 6.0107999999999998e-08  50850 500 -1.6116099999999999e-08  54450 500 4.3564900000000001e-09  57750 500 -8.3765e-10  61050 500 2.7183500000000002e-10  64350 500 -8.1443600000000002e-11  67950 500 2.1823800000000002e-11  71550 500 -5.8515199999999997e-12  75150 500 1.5823e-12  78450 500 -3.06011e-13  91050 500 1.26136e-12  103650 500 -1.0979900000000001e-12  116550 500 0  119850 500 0  123150 500 0  126450 500 0  130050 500 0  133650 500 0  137250 500 0  140550 500 0  143763 500 0  146890 500 0  150230 500 0  153570 500 0  156910 500 0  160250 500 0  162713 500 0  164154 500 0  164482 500 -0  164719 500 0  165101 500 1.468  165720 500 7.3608000000000002  166287 500 28.027100000000001  166790 500 59.720199999999998  167324 500 103.65600000000001  167945 500 170.465  168478 500 235.94  169012 500 312.54899999999998  169500 500 391.38200000000001  170032 500 499.75999999999999  170558 500 603.38499999999999  170956 500 690.95000000000005  171489 500 817.99400000000003  171804 500 898.73699999999997  172337 500 1057.05  172873 500 1234.72  173639 500 1516.0799999999999  174259 500 1783.6300000000001  174790 500 2043.8199999999999  175334 500 2339.0300000000002  175864 500 2681.6100000000001  176398 500 3070.0999999999999  176678 500 3306.8099999999999  177020 500 3638.8899999999999  177316 500 3970.4000000000001  177632 500 4487.0900000000001  177952 500 5151.8500000000004  178230 500 5902  178399 500 6580.1999999999998  178495 500 7082.2600000000002  178557 500 7498.6099999999997  178625 500 8164.5  178668 500 8913.5499999999993  178515 500 9608.7800000000007  178183 500 10120.1  177629 500 10464.700000000001  177108 500 10488.5  176661 500 10509.200000000001  176384 500 10507.4  175892 500 10475.9  175527 500 10442.1  175072 500 10581.6  174714 500 11125.6  174643 500 11827  174559 500 12498.6  174544 500 13167.799999999999  174610 500 14009.5  174825 500 15013.9  175119 500 15910.200000000001  175373 500 16571.5  175583 500 17070.299999999999  175778 500 17503.200000000001  175941 500 17840.900000000001  176191 500 18343.599999999999  176457 500 18849.200000000001  176826 500 19504.200000000001  177195 500 20149.099999999999  177471 500 20646  177823 500 21312.599999999999  178167 500 21993.599999999999  178604 500 22915.099999999999  178916 500 23617.900000000001  179073 500 23986.400000000001  179120 500 24100 
 0 4 1000 1 2000 1 3000 1 4000 1 5000 1 6000 1 7000 1 8000 1 9000 1 10000 1 11000 1 12000 1 12356.9 3 13068.6 1 13148.299999999999 1 14594.200000000001 1 15878.6 1 16120.200000000001 1 17647.700000000001 1 19178.5 1 20715.900000000001 1 20818.700000000001 1 22273 1 22639.5 1 23870.5 1 23896.700000000001 1 25456.299999999999 1 26227.799999999999 1 26394.299999999999 1 26549.400000000001 1 26905.700000000001 1 27715.799999999999 1 28937.799999999999 1 29906.599999999999 1 30469.400000000001 1 31222.700000000001 1 31833.599999999999 3 31914.700000000001 1 32496.400000000001 3 33210.900000000001 1 33250.300000000003 1 34194.800000000003 1 34881.199999999997 1 34884.199999999997 1 36000.599999999999 1 36867.5 1 37524.300000000003 1 37763.300000000003 1 38392 1 39408.599999999999 1 39750.900000000001 1 41019.099999999999 1 42622.099999999999 1 42672.099999999999 1 44223.599999999999 1 45824.800000000003 1 47426 1 48727 1 49027.199999999997 1 49303.400000000001 2 51180.699999999997 1 52781.900000000001 1 54383.099999999999 1 55984.300000000003 1 57585.400000000001 1 59186.599999999999 1 60787.800000000003 1 63339.699999999997 1 66642.100000000006 1 69344.100000000006 1 72946.800000000003 1 76549.5 1 80152.100000000006 1 83754.800000000003 1 87357.5 1 90059.5 1 93662.100000000006 1 97264.800000000003 1 100867 1 104470 1 108073 1 110775 1 142298 1 145901 1 149503 1 152205 1 155808 1 159411 1 163013 1 166616 1 170219 1 172921 1 176263 1 179606 1 182948 1 186291 1 189633 1 192976 1 193686 1 193960 2 194397 1 195107 1 195818 1 196099 1 196621 1 197426 1 197972 1 198234 1 199045 1 199459 1 199862 1 200654 1 200681 1 201509 1 201628 1 202350 1 203204 1 204077 1 204376 1 204982 1 205934 1 206266 1 206966 1 207032 1 207696 1 208292 1 208844 1 209911 1 210686 1 210940 1 211446 1 211949 1 212950 1 213692 1 214032 1 214761 1 215540 1 215569 1 216105 1 216370 1 217054 1 217177 1 217783 1 218807 1 219310 1 219811 1 220815 1 221837 1 222887 1 223643 1 223964 1 224512 1 225068 1 225090 1 226197 1 226782 1 227347 1 228428 1 228489 1 229610 1 230718 1 231550 1 231919 4
7 0 0  3 146 140  -3700 6000 23000  -3700 6000 22666.700000000001  -3700 6000 22000  -3700 6000 21000  -3700 6000 20000  -3700 6000 19000  -3700 6000 18000  -3700 6000 17000  -3700 6000 16000  -3700 6000 15000  -3700 6000 14000  -3700 6000 13000  -3700 6000 12205.4  -3700 6000 11744.1  -3700 6000 11616.200000000001  -3468.4000000000001 6000 11525.9  -2864.7199999999998 6000 11306  -2127.48 6000 11074.200000000001  -1153.3099999999999 6000 10786.5  -527.65899999999999 6000 10615.799999999999  472.97300000000001 6000 10358.6  1157.21 6000 10192.200000000001  2157.73 6000 9956.6200000000008  3156.8800000000001 6000 9729.8899999999994  4498.9099999999999 6000 9442.2999999999993  5713.0299999999997 6000 9190.3099999999995  6713.1700000000001 6000 8984.7199999999993  7746.6499999999996 6000 8774.8999999999996  9100.4200000000001 6000 8500.3700000000008  10437.299999999999 6000 8225.7800000000007  11503.799999999999 6000 8001.8100000000004  12571.5 6000 7774.4300000000003  13877.299999999999 6000 7481.3999999999996  14943.299999999999 6000 7232.54  15605.700000000001 6000 7068.5100000000002  16164.700000000001 6000 6934.9899999999998  17235.700000000001 6000 6672.3599999999997  18452.700000000001 6000 6336.2700000000004  19415.599999999999 6000 6041.29  19948.099999999999 6000 5871.6199999999999  20737.099999999999 6000 5614.5799999999999  21548.299999999999 6000 5333.8999999999996  22548.5 6000 4955.0299999999997  23080.900000000001 6000 4748.46  23946.400000000001 6000 4415.3900000000003  24541.5 6000 4186.1700000000001  25608.099999999999 6000 3774.9299999999998  26479 6000 3435.9200000000001  27546.099999999999 6000 3034.0900000000001  28503.700000000001 6000 2686.7600000000002  29256.299999999999 6000 2427.9200000000001  30032.400000000001 6000 2177.71  30671.599999999999 6000 1982.02  32048.400000000001 6000 1604.0899999999999  33493.300000000003 6000 1270.05  35153.5 6000 960.36099999999999  36254 6000 778.93399999999997  37349.800000000003 6000 617.29999999999995  38544 6000 455.82400000000001  39643.199999999997 6000 339.68099999999998  41446.099999999999 6000 176.739  43517.099999999999 6000 40.226100000000002  45393.099999999999 6000 0.10000000000000001  46593.300000000003 6000 0.10000000000000001  48121.599999999999 6000 -0.177312  50850 6000 0.068605100000000002  54450 6000 -0.018545200000000001  57750 6000 0.00356581  61050 6000 -0.0011571800000000001  64350 6000 0.00034669900000000001  67950 6000 -9.2902100000000006e-05  71550 6000 2.4909399999999999e-05  75150 6000 -6.7357200000000003e-06  78450 6000 1.30266e-06  81750 6000 -4.4481200000000003e-07  93150 6000 1.01111e-06  104850 6000 -1.6527900000000001e-07  116550 6000 0  119850 6000 0  123150 6000 0  126450 6000 0  130050 6000 0  133650 6000 0  137250 6000 0  140550 6000 0  143763 6000 0  145896 6000 0  147128 6000 -0  148241 6000 0  150278 6000 41.4116  152385 6000 164.59899999999999  154169 6000 322.351  155358 6000 459.57400000000001  156569 6000 643.41700000000003  157564 6000 807.70299999999997  158684 6000 1010.8200000000001  160323 6000 1397.5599999999999  162014 6000 1932.78  163307 6000 2508.8899999999999  164021 6000 2913.4200000000001  164459 6000 3186.1300000000001  164743 6000 3381.21  165146 6000 3686.9499999999998  165422 6000 3916.8200000000002  165911 6000 4371.9499999999998  166217 6000 4712.0600000000004  166531 6000 5125.0799999999999  166756 6000 5447.6000000000004  167032 6000 5949.3100000000004  167237 6000 6493.04  167359 6000 6997.1800000000003  167417 6000 7498.21  167411 6000 8167.9399999999996  167301 6000 8664.2700000000004  167154 6000 9328.0400000000009  167029 6000 9829.2600000000002  166912 6000 10496.9  166852 6000 11169.200000000001  166963 6000 11848.299999999999  167132 6000 12386.299999999999  167255 6000 12718.200000000001  167466 6000 13227.5  167740 6000 13774.200000000001  168106 6000 14435.799999999999  168426 6000 14982.5  168772 6000 15548.200000000001  169167 6000 16173.1  169465 6000 16626.099999999999  169801 6000 17124.599999999999  170061 6000 17502.900000000001  170301 6000 17840.400000000001  170669 6000 18345.5  170937 6000 18699.700000000001  171469 6000 19347.200000000001  171766 6000 19681.299999999999  172302 6000 20236.799999999999  172667 6000 20591.599999999999  173198 6000 21050.799999999999  173698 6000 21477  174133 6000 21830.5  174743 6000 22341.200000000001  175118 6000 22671.400000000001  175638 6000 23188.700000000001  175896 6000 23442.400000000001  176135 6000 23702.5  176186 6000 23760 
 0 4 1000 1 2000 1 3000 1 4000 1 5000 1 6000 1 7000 1 8000 1 9000 1 10000 1 11000 1 11383.799999999999 3 12129.5 1 13311.799999999999 1 13702.200000000001 1 15178 1 15257.6 1 16802.799999999999 1 17291.200000000001 1 18342.400000000001 1 19877.400000000001 1 21410.200000000001 1 22063.799999999999 1 22941.700000000001 1 24575 1 26209.200000000001 1 27037.700000000001 1 27845.299999999999 1 29485.400000000001 1 31054 1 31130.299999999999 1 31533.400000000001 1 32778.800000000003 1 34439.5 1 35321.400000000001 1 35801.099999999999 1 36116.800000000003 1 37811.699999999997 1 38376.400000000001 1 39326.599999999999 1 39525.400000000001 1 41159.599999999999 1 41240.599999999999 1 42956 1 43964.099999999999 1 44662.699999999997 1 46012.900000000001 1 46352.400000000001 1 47109.900000000001 1 48018.800000000003 1 50636.699999999997 1 51557 1 53087 1 53983.900000000001 1 54880.900000000001 1 56703.400000000001 1 57300.5 1 60313.5 1 62929.900000000001 2 63915.400000000001 1 67516.699999999997 1 71118 1 74719.300000000003 1 77420.300000000003 1 81021.600000000006 1 84623 1 88224.300000000003 1 91825.600000000006 1 95426.899999999994 1 98127.899999999994 1 101729 1 129639 1 133241 1 136842 1 139543 1 143144 1 146746 1 150347 1 153948 1 157550 1 160251 1 163592 1 163949 2 166934 1 170060 1 170282 1 172307 1 173651 1 173958 1 175334 1 177066 1 179007 1 180648 1 181303 1 181469 1 182197 1 182336 1 182986 1 183274 1 184341 1 184351 1 184831 1 185521 1 186063 1 186570 1 187074 1 187574 1 188573 1 188589 1 189614 1 190122 1 190623 1 191633 1 192157 1 192316 1 192695 1 193810 1 194149 1 194963 1 195712 1 196140 1 197182 1 197338 1 197945 1 198559 1 198581 1 199820 1 199892 1 201096 1 201159 1 202210 1 202621 1 203265 1 204180 1 204304 1 205652 1 205677 1 206506 1 206737 4
7 0 0  3 142 136  -3700 7000 23000  -3700 7000 22666.700000000001  -3700 7000 22000  -3700 7000 21000  -3700 7000 20000  -3700 7000 19000  -3700 7000 18000  -3700 7000 17000  -3700 7000 16000  -3700 7000 15000  -3700 7000 14000  -3700 7000 13153.1  -3700 7000 12639.5  -3700 7000 12459.299999999999  -3499.9400000000001 7000 12285.9  -3265.8000000000002 7000 12121.799999999999  -2547.4000000000001 7000 11699  -1742.8900000000001 7000 11378.9  -731.97699999999998 7000 11011.799999999999  85.350399999999993 7000 10748.299999999999  814.06299999999999 7000 10535.1  1775.3 7000 10274.4  2460.21 7000 10102.700000000001  3460.3699999999999 7000 9860.3099999999995  4497.9899999999998 7000 9618.9400000000005  5952.9200000000001 7000 9298.1599999999999  6953.9799999999996 7000 9086.2000000000007  7987.0100000000002 7000 8868.2000000000007  9100 7000 8641.0599999999995  10674.4 7000 8316.3500000000004  11741.299999999999 7000 8098.6599999999999  12808.5 7000 7880.4399999999996  13901.700000000001 7000 7650.3699999999999  15395.200000000001 7000 7320.4700000000003  16460.900000000001 7000 7075.2200000000003  17277.200000000001 7000 6883.8699999999999  17917.299999999999 7000 6731.46  18884.5 7000 6490.1800000000003  19667.900000000001 7000 6286.6400000000003  20338.200000000001 7000 6104.25  20972.700000000001 7000 5928.9399999999996  22043 7000 5620.21  23122.400000000001 7000 5281.3000000000002  24186 7000 4922.79  24977.700000000001 7000 4651.2700000000004  25892.5 7000 4339.8599999999997  26488.200000000001 7000 4136.0500000000002  27295.400000000001 7000 3861.0100000000002  28356.599999999999 7000 3502.2600000000002  29361.599999999999 7000 3170.0900000000001  30427.700000000001 7000 2825.46  31410.5 7000 2517.3099999999999  32518 7000 2190.5300000000002  33369.199999999997 7000 1957.8399999999999  34861.300000000003 7000 1573.6600000000001  36385.400000000001 7000 1249.5899999999999  38149 7000 932.89499999999998  39048.900000000001 7000 787.57500000000005  40188.900000000001 7000 625.404  41618.199999999997 7000 443.55000000000001  42819.300000000003 7000 317.24700000000001  44836.599999999999 7000 147.035  46729.199999999997 7000 31.089500000000001  48613.099999999999 7000 0.10000000000000001  49813.199999999997 7000 0.10000000000000001  51531.599999999999 7000 -0.11090999999999999  54450 7000 0.039475200000000002  57750 7000 -0.0075901400000000004  61050 7000 0.0024631499999999999  64350 7000 -0.00073797900000000004  67950 7000 0.00019775000000000001  71550 7000 -5.3022000000000002e-05  75150 7000 1.43376e-05  78450 7000 -2.7728299999999999e-06  81750 7000 9.4682100000000003e-07  93150 7000 -2.1522299999999999e-06  104850 7000 3.51811e-07  116550 7000 0  119850 7000 0  123150 7000 0  126450 7000 0  130050 7000 0  133650 7000 0  137250 7000 0  140550 7000 0  143076 7000 0  144402 7000 -0  145516 7000 0  147318 7000 27.625  149326 7000 132.19200000000001  151456 7000 295.29399999999998  152570 7000 401.81599999999997  153915 7000 587.71299999999997  154901 7000 745.11599999999999  156013 7000 954.20399999999995  157721 7000 1304.0999999999999  159070 7000 1664.96  160813 7000 2313  161827 7000 2777.73  162907 7000 3465.79  163372 7000 3829.3699999999999  163835 7000 4236.0600000000004  164160 7000 4563.71  164634 7000 5144.96  164917 7000 5566.6700000000001  165256 7000 6230.2299999999996  165453 7000 6817.3299999999999  165559 7000 7497.3000000000002  165597 7000 8166.9300000000003  165533 7000 9002.0499999999993  165438 7000 9831.8400000000001  165404 7000 10499.700000000001  165419 7000 11173.9  165547 7000 11783.799999999999  165703 7000 12274.6  165823 7000 12609.5  166042 7000 13144.9  166288 7000 13640.200000000001  166539 7000 14100.6  166750 7000 14469.700000000001  167001 7000 14883.299999999999  167338 7000 15418.299999999999  167655 7000 15904.700000000001  168050 7000 16487.900000000001  168400 7000 16987.599999999999  168668 7000 17362.700000000001  168911 7000 17695.599999999999  169194 7000 18081.099999999999  169553 7000 18553.400000000001  169983 7000 19093.200000000001  170365 7000 19547.099999999999  170806 7000 20028.299999999999  171273 7000 20491.700000000001  171688 7000 20881.099999999999  172228 7000 21331.5  172637 7000 21666.200000000001  173173 7000 22086.5  173680 7000 22475.299999999999  174139 7000 22830.900000000001  174663 7000 23272.200000000001  174949 7000 23527.200000000001  175202 7000 23760 
 0 4 1000 1 2000 1 3000 1 4000 1 5000 1 6000 1 7000 1 8000 1 9000 1 10000 1 10540.700000000001 3 11334.9 1 11403.4 1 13057.9 1 13932.4 1 14654.799999999999 1 15650.4 1 16225.4 1 17662.700000000001 1 17782.700000000001 1 19333.5 1 20880 1 22282.400000000001 1 22423.900000000001 1 24068.599999999999 1 25713.099999999999 1 27278.900000000001 1 27357.200000000001 1 29003.200000000001 1 30652.799999999999 1 31976.400000000001 1 32305.900000000001 1 33184.900000000001 1 33963.800000000003 1 35316.400000000001 1 35629.400000000001 1 36061.800000000003 1 37304.599999999999 1 38993.400000000001 1 39477.900000000001 1 40694.5 1 41521.199999999997 1 42396.5 1 42596 1 44096.800000000003 1 45779.800000000003 1 45792.699999999997 1 47480.699999999997 1 48890.300000000003 1 49279.800000000003 1 50145.699999999997 1 53543.5 1 53981.800000000003 1 55557.400000000001 1 56296.199999999997 1 57459.199999999997 1 59908.900000000001 1 59942.900000000001 1 63573.5 1 65632.300000000003 2 67198 1 70822.199999999997 1 74446.399999999994 1 77164.600000000006 1 80788.800000000003 1 84413 1 88037.199999999997 1 91661.399999999994 1 95285.600000000006 1 98003.800000000003 1 101628 1 129716 1 133340 1 136964 1 139682 1 143307 1 146931 1 150555 1 154179 1 157803 1 160522 1 161809 2 163884 1 167251 1 167881 1 170334 1 170631 1 171979 1 173349 1 174048 1 177247 1 177549 1 179665 1 180597 1 181411 1 181443 1 182460 1 182798 1 183708 1 183985 1 185048 1 185557 1 186061 1 187070 1 188081 1 188585 1 189088 1 190114 1 190451 1 190644 1 191187 1 192198 1 192311 1 192771 1 193481 1 193774 1 194679 1 195234 1 195902 1 196521 1 196627 1 197146 1 197966 1 198420 1 199229 1 199757 1 200391 1 201215 1 201475 1 202514 1 202812 1 203533 1 204444 1 204563 1 205602 4
7 0 0  3 142 136  -3700 8000 23000  -3700 8000 22666.700000000001  -3700 8000 22000  -3700 8000 21000  -3700 8000 20000  -3700 8000 19000  -3700 8000 18000  -3700 8000 17000  -3700 8000 16146  -3700 8000 15625.299999999999  -3700 8000 15437.9  -3677.3600000000001 8000 15292.1  -3593.4200000000001 8000 14803.700000000001  -3412.9499999999998 8000 14099.6  -3141.21 8000 13567.700000000001  -2936.9299999999998 8000 13240  -2556.1500000000001 8000 12692.799999999999  -2011.6700000000001 8000 12236.200000000001  -1063.5999999999999 8000 11671.5  -320.221 8000 11345.6  690.99300000000005 8000 10957.200000000001  1396.3099999999999 8000 10718.700000000001  2200.9699999999998 8000 10469.9  3012.54 8000 10239.700000000001  3810.27 8000 10030.1  4809.8999999999996 8000 9780.4200000000001  5997.7600000000002 8000 9499.6100000000006  7255.25 8000 9219.8600000000006  8288.9300000000003 8000 8994.8600000000006  9355.0400000000009 8000 8767.7800000000007  10700 8000 8493.9500000000007  12025.799999999999 8000 8223.9699999999993  13091.6 8000 7996.4499999999998  14157.9 8000 7768.2799999999997  15500.5 8000 7486.3999999999996  16780.700000000001 8000 7214.9499999999998  17846.599999999999 8000 6976.2399999999998  18813.700000000001 8000 6754.4200000000001  19667.299999999999 8000 6553.0100000000002  20350.799999999999 8000 6386.8699999999999  20978.299999999999 8000 6232.8900000000003  21511.400000000001 8000 6096.8299999999999  22428.099999999999 8000 5856.1199999999999  23503.700000000001 8000 5561.4899999999998  24670.900000000001 8000 5221.4899999999998  25737.099999999999 8000 4901.6099999999997  26804.400000000001 8000 4572.6300000000001  27850.400000000001 8000 4240.8299999999999  28490 8000 4040.1700000000001  29022.900000000001 8000 3873.4000000000001  30004.299999999999 8000 3569.9400000000001  31107.200000000001 8000 3238.8899999999999  32489.400000000001 8000 2834.6999999999998  33854.300000000003 8000 2449.27  35233.300000000003 8000 2089.8099999999999  36333.599999999999 8000 1820.75  37810.699999999997 8000 1483.6600000000001  39276.199999999997 8000 1196.55  40845.099999999999 8000 931.40599999999995  42043.800000000003 8000 744.78300000000002  43211.699999999997 8000 588.13400000000001  44652.699999999997 8000 413.42099999999999  45852.5 8000 289.42000000000002  48155.099999999999 8000 106.83799999999999  50084.800000000003 8000 19.871600000000001  51722.099999999999 8000 0.10000000000000001  52922.199999999997 8000 0.10000000000000001  54886.099999999999 8000 -0.074787999999999993  57750 8000 0.017069299999999999  61050 8000 -0.0055393500000000002  64350 8000 0.00165963  67950 8000 -0.00044471799999999998  71550 8000 0.00011924  75150 8000 -3.2243499999999997e-05  78450 8000 6.23578e-06  81750 8000 -2.1292899999999998e-06  93150 8000 4.8401100000000003e-06  104850 8000 -7.91183e-07  116550 8000 0  119850 8000 0  123150 8000 0  126450 8000 0  130050 8000 0  133650 8000 0  137250 8000 0  140149 8000 0  141849 8000 -0  142749 8000 0  144264 8000 13.7706  146226 8000 100.517  148452 8000 262.476  149732 8000 380.82600000000002  151143 8000 548.09000000000003  152258 8000 709.03800000000001  153296 8000 892.65300000000002  154786 8000 1179.8199999999999  156206 8000 1492.8699999999999  158298 8000 2153.6500000000001  159416 8000 2618.77  160431 8000 3183.6399999999999  160941 8000 3497.21  161749 8000 4099.8800000000001  162550 8000 4919.2700000000004  163219 8000 5944.6899999999996  163490 8000 6681.0100000000002  163619 8000 7190.9300000000003  163688 8000 7522.9799999999996  163774 8000 8163.8100000000004  163809 8000 8999.6599999999999  163819 8000 9833.8999999999996  163860 8000 10501.299999999999  163939 8000 11175.299999999999  164098 8000 11802.200000000001  164268 8000 12293.5  164395 8000 12627.799999999999  164614 8000 13148.5  164863 8000 13643.799999999999  165227 8000 14311  165465 8000 14711  165884 8000 15376  166145 8000 15769.299999999999  166480 8000 16252.700000000001  166717 8000 16586.599999999999  166984 8000 16955.900000000001  167210 8000 17263.799999999999  167460 8000 17597.299999999999  167725 8000 17949.400000000001  168113 8000 18450.700000000001  168467 8000 18893.5  168932 8000 19448.599999999999  169291 8000 19850.299999999999  169818 8000 20409.099999999999  170159 8000 20742.599999999999  170698 8000 21216.700000000001  171112 8000 21561.900000000001  171645 8000 21973.099999999999  172178 8000 22373.599999999999  172631 8000 22705.5  173167 8000 23094  173575 8000 23392.599999999999  173907 8000 23650.299999999999  174043 8000 23760 
 0 4 1000 1 2000 1 3000 1 4000 1 5000 1 6000 1 7000 1 7562.0799999999999 3 8004.9099999999999 1 9040.3700000000008 1 9719.9599999999991 1 9778.75 1 10194.4 1 11709.5 1 11841.799999999999 1 13493.4 1 14121.6 1 15080.6 1 15717.200000000001 1 16638.599999999999 1 17601.299999999999 1 18181.900000000001 1 19717.599999999999 1 21248.700000000001 1 22031.599999999999 1 22878.900000000001 1 24506.099999999999 1 26133.299999999999 1 26922.200000000001 1 27762.900000000001 1 29391.799999999999 1 31021.900000000001 1 31673.599999999999 1 32656.200000000001 1 33986.900000000001 1 34294.5 1 34758.099999999999 1 35917.900000000001 1 35938.400000000001 1 37590.5 1 39250.400000000001 1 39571.300000000003 1 40917.099999999999 1 42587.900000000001 1 42850.599999999999 1 42920.199999999997 1 44256.5 1 45920.400000000001 1 46361.400000000001 1 48560.199999999997 1 50158.199999999997 1 50619.800000000003 1 51945.199999999997 1 54685.5 1 55080.699999999997 1 56700.099999999999 1 58310.599999999999 1 58601.800000000003 1 61038 1 61914.300000000003 1 65504.199999999997 1 66807.399999999994 2 69090.300000000003 1 72676.399999999994 1 75365.899999999994 1 78952 1 82538 1 86124.100000000006 1 89710.100000000006 1 93296.199999999997 1 95985.699999999997 1 99571.800000000003 1 127364 1 130950 1 134536 1 137225 1 140811 1 144397 1 147984 1 151570 1 155156 1 156648 2 157845 1 161175 1 162516 1 164515 1 165015 1 166760 1 167880 1 168166 1 171296 1 172213 1 174723 1 174894 1 175683 1 176511 1 177900 1 179082 1 180145 1 180224 1 180655 1 181157 1 182155 1 183152 1 183651 1 184153 1 185178 1 185574 1 185706 1 186246 1 187262 1 187361 1 188517 1 188653 1 189710 1 189927 1 190410 1 190932 1 191290 1 191552 1 192176 1 192607 1 193447 1 193869 1 194771 1 195057 1 196165 1 196194 1 197203 1 197773 1 198207 1 199196 1 199451 1 200185 1 200707 4
Polygon3D 0
PolygonOnTriangulations 0
Surfaces 0
Triangulations 0

TShapes 105
Ve
1e-07
-3700 1000 23000
0 0

0101101
*
Ve
1e-07
179060 1000 24100
0 0

0101101
*
Ed
 1e-07 1 1 0
1  1 0 0 227434
0

0101000
+105 0 -104 0 *
Wi

0101000
+103 0 *
Ve
1e-07
-3700 1500 23000
0 0

0101101
*
Ve
1e-07
178963 1500 24100
0 0

0101101
*
Ed
 1e-07 1 1 0
1  2 0 0 223273
0

0101000
+101 0 -100 0 *
Wi

0101000
+99 0 *
Ve
1e-07
-2475.79 9000 23000
0 0

0101101
*
Ve
1e-07
172678 9000 23760
0 0

0101101
*
Ed
 1e-07 1 1 0
1  3 0 0 198061
0

0101000
+97 0 -96 0 *
Wi

0101000
+95 0 *
Ve
1e-07
20300 0 0
0 0

0101101
*
Ve
1e-07
20300 16100 23000
0 0

0101101
*
Ed
 1e-07 1 1 0
1  4 0 0 47787.4
0

0101000
+93 0 -92 0 *
Wi

0101000
+91 0 *
Ve
1e-07
21900 0 0
0 0

0101101
*
Ve
1e-07
21900 16100 23000
0 0

0101101
*
Ed
 1e-07 1 1 0
1  5 0 0 32017.5
0

0101000
+89 0 -88 0 *
Wi

0101000
+87 0 *
Ve
1e-07
23500 0 0
0 0

0101101
*
Ve
1e-07
23500 16100 23000
0 0

0101101
*
Ed
 1e-07 1 1 0
1  6 0 0 32048.7
0

0101000
+85 0 -84 0 *
Wi

0101000
+83 0 *
Ve
1e-07
25100 0 0
0 0

0101101
*
Ve
1e-07
25100 16100 23000
0 0

0101101
*
Ed
 1e-07 1 1 0
1  7 0 0 32111.8
0

0101000
+81 0 -80 0 *
Wi

0101000
+79 0 *
Ve
1e-07
26700 0 0
0 0

0101101
*
Ve
1e-07
26700 16100 23000
0 0

0101101
*
Ed
 1e-07 1 1 0
1  8 0 0 32208.6
0

0101000
+77 0 -76 0 *
Wi

0101000
+75 0 *
Ve
1e-07
28300 0 0
0 0

0101101
*
Ve
1e-07
28300 16100 23000
0 0

0101101
*
Ed
 1e-07 1 1 0
1  9 0 0 32347.8
0

0101000
+73 0 -72 0 *
Wi

0101000
+71 0 *
Ve
1e-07
29900 0 0
0 0

0101101
*
Ve
1e-07
29900 16100 23000
0 0

0101101
*
Ed
 1e-07 1 1 0
1  10 0 0 32519.4
0

0101000
+69 0 -68 0 *
Wi

0101000
+67 0 *
Ve
1e-07
31500 0 0
0 0

0101101
*
Ve
1e-07
31500 16100 23000
0 0

0101101
*
Ed
 1e-07 1 1 0
1  11 0 0 32717.4
0

0101000
+65 0 -64 0 *
Wi

0101000
+63 0 *
Ve
1e-07
34050 0 0
0 0

0101101
*
Ve
1e-07
34050 16100 23000
0 0

0101101
*
Ed
 1e-07 1 1 0
1  12 0 0 33078.8
0

0101000
+61 0 -60 0 *
Wi

0101000
+59 0 *
Ve
1e-07
-3700 2000 23000
0 0

0101101
*
Ve
1e-07
178827 2000 24100
0 0

0101101
*
Ed
 1e-07 1 1 0
1  13 0 0 219414
0

0101000
+57 0 -56 0 *
Wi

0101000
+55 0 *
Ve
1e-07
37350 0 0
0 0

0101101
*
Ve
1e-07
37350 16100 23000
0 0

0101101
*
Ed
 1e-07 1 1 0
1  14 0 0 33609.1
0

0101000
+53 0 -52 0 *
Wi

0101000
+51 0 *
Ve
1e-07
169509 0 250
0 0

0101101
*
Ve
1e-07
10337.1 0 250
0 0

0101101
*
Ed
 1e-07 1 1 0
1  15 0 0 163576
0

0101000
+49 0 -48 0 *
Wi

0101000
+47 0 *
Ve
1e-07
170820 0 500
0 0

0101101
*
Ve
1e-07
9286.83 0 500
0 0

0101101
*
Ed
 1e-07 1 1 0
1  16 0 0 166210
0

0101000
+45 0 -44 0 *
Wi

0101000
+43 0 *
Ve
1e-07
171896 0 750
0 0

0101101
*
Ve
1e-07
8555.76 0 750
0 0

0101101
*
Ed
 1e-07 1 1 0
1  17 0 0 168224
0

0101000
+41 0 -40 0 *
Wi

0101000
+39 0 *
Ve
1e-07
172817 0 1000
0 0

0101101
*
Ve
1e-07
7978.36 0 1000
0 0

0101101
*
Ed
 1e-07 1 1 0
1  18 0 0 169865
0

0101000
+37 0 -36 0 *
Wi

0101000
+35 0 *
Ve
1e-07
175397 0 2000
0 0

0101101
*
Ve
1e-07
6239.83 0 2000
0 0

0101101
*
Ed
 1e-07 1 1 0
1  19 0 0 174579
0

0101000
+33 0 -32 0 *
Wi

0101000
+31 0 *
Ve
1e-07
-3700 3000 23000
0 0

0101101
*
Ve
1e-07
178437 3000 24100
0 0

0101101
*
Ed
 1e-07 1 1 0
1  20 0 0 214380
0

0101000
+29 0 -28 0 *
Wi

0101000
+27 0 *
Ve
1e-07
-3700 4000 23000
0 0

0101101
*
Ve
1e-07
177930 4000 24100
0 0

0101101
*
Ed
 1e-07 1 1 0
1  21 0 0 211506
0

0101000
+25 0 -24 0 *
Wi

0101000
+23 0 *
Ve
1e-07
-3700 5000 23000
0 0

0101101
*
Ve
1e-07
177276 5000 24100
0 0

0101101
*
Ed
 1e-07 1 1 0
1  22 0 0 209255
0

0101000
+21 0 -20 0 *
Wi

0101000
+19 0 *
Ve
1e-07
-3700 500 23000
0 0

0101101
*
Ve
1e-07
179120 500 24100
0 0

0101101
*
Ed
 1e-07 1 1 0
1  23 0 0 231919
0

0101000
+17 0 -16 0 *
Wi

0101000
+15 0 *
Ve
1e-07
-3700 6000 23000
0 0

0101101
*
Ve
1e-07
176186 6000 23760
0 0

0101101
*
Ed
 1e-07 1 1 0
1  24 0 0 206737
0

0101000
+13 0 -12 0 *
Wi

0101000
+11 0 *
Ve
1e-07
-3700 7000 23000
0 0

0101101
*
Ve
1e-07
175202 7000 23760
0 0

0101101
*
Ed
 1e-07 1 1 0
1  25 0 0 205602
0

0101000
+9 0 -8 0 *
Wi

0101000
+7 0 *
Ve
1e-07
-3700 8000 23000
0 0

0101101
*
Ve
1e-07
174043 8000 23760
0 0

0101101
*
Ed
 1e-07 1 1 0
1  26 0 0 200707
0

0101000
+5 0 -4 0 *
Wi

0101000
+3 0 *
Co

1100000
+102 1 +98 2 +94 3 +90 4 +86 5 +82 6 +78 7 +74 8 +70 9 +66 10 
+62 11 +58 12 +54 13 +50 14 +46 15 +42 16 +38 17 +34 18 +30 19 +26 20 
+22 21 +18 22 +14 23 +10 24 +6 25 +2 26 *

+1 0 